DraftId;CityPriority;City;Service;ServiceKey;Title;Description;ImageFile;Price;ExistingAvitoId;ExistingFeedId;PlannedAction;SourceURL;Status
mcm-nok-moskva;1;Москва;НОК;nok;НОК НОСТРОЙ / НОПРИЗ — подготовка к экзамену;"Нужно пройти независимую оценку квалификации? МСМ помогает специалистам строительной отрасли подготовиться к экзамену и собрать документы для допуска к НОК.

Клиентам из города Москва. МСМ работает с заказчиками по всей России.

Чем поможем:
• Разберём вашу задачу и направление квалификации.
• Поможем собрать и подготовить документы.
• Организуем подготовку к экзамену.
• Сопроводим по организационным вопросам до получения результатов.

Работаем со специалистами по строительству, проектированию и инженерным изысканиям. Подготовка и сопровождение подбираются под вашу квалификацию и текущую ситуацию.

Компания МСМ специализируется на лицензировании, саморегулировании и подготовке специалистов. Разберём исходную ситуацию и объясним последовательность действий.

Напишите в чат «НОК» и укажите вашу специальность, город и желаемый срок прохождения. Подскажем, с чего начать.";images/nok.png;;8312803651;mcm-kirovskaya_oblast_kirov-sro_build-20260903;UPDATE_REVIEW;https://nadosro.ru/nezavisimaya-oczenka-kvalifikaczii;DRAFT_NOT_FOR_UPLOAD
mcm-nrs-moskva;1;Москва;НРС;nrs;Включение в НРС НОСТРОЙ / НОПРИЗ — помощь;"Планируете включение специалиста в национальный реестр? МСМ поможет проверить документы и подготовить заявление для НОСТРОЙ или НОПРИЗ.

Клиентам из города Москва. МСМ работает с заказчиками по всей России.

Чем поможем:
• Проведём предварительный разбор документов специалиста.
• Подскажем, какие сведения нужно дополнить.
• Поможем подготовить комплект документов и заявление.
• Сопроводим рассмотрение и разберём замечания при их наличии.

Помогаем специалистам строительных, проектных и изыскательских организаций. Если ранее получили отказ, разберём его причины и возможные дальнейшие действия.

Компания МСМ специализируется на лицензировании, саморегулировании и подготовке специалистов. Разберём исходную ситуацию и объясним последовательность действий.

Напишите в чат «НРС»: укажите направление, образование и стаж. Подскажем порядок подготовки документов.";images/nrs.png;;;;NEW_REVIEW;https://nadosro.ru/vnesenie-specialistov-v-nacionalnyj-reestr;DRAFT_NOT_FOR_UPLOAD
mcm-mchs-moskva;1;Москва;Лицензия МЧС;mchs;Лицензия МЧС — помощь в оформлении;"Готовите компанию к получению лицензии МЧС? МСМ сопровождает оформление: от разбора вашей задачи до подготовки документов и взаимодействия по заявлению.

Клиентам из города Москва. МСМ работает с заказчиками по всей России.

Чем поможем:
• Определим перечень работ, по которым нужна лицензия.
• Поможем собрать документы компании и специалистов.
• Проконсультируем по оборудованию и его документальному оформлению.
• Подготовим к проверке и сопроводим процесс рассмотрения.

Работаем с организациями и ИП в сфере пожарной безопасности. Сначала выясним, какие работы вы планируете выполнять, какие специалисты и оборудование уже есть, затем составим план подготовки.

Компания МСМ специализируется на лицензировании, саморегулировании и подготовке специалистов. Разберём исходную ситуацию и объясним последовательность действий.

Напишите в чат «МЧС» и перечислите планируемые работы. Расскажем, какие документы понадобятся в вашей ситуации.";images/mchs.png;;;;NEW_REVIEW;https://nadosro.ru/license/poluchit-licenziyu-mchs;DRAFT_NOT_FOR_UPLOAD
mcm-giop-moskva;1;Москва;Минкультуры / ГИОП;giop;Лицензия Минкультуры, ГИОП — оформление;"Нужна помощь с лицензией Минкультуры на реставрационные работы? МСМ сопровождает подготовку документов для деятельности по сохранению объектов культурного наследия. Это направление также ищут как «лицензия ГИОП».

Клиентам из города Москва. МСМ работает с заказчиками по всей России.

Чем поможем:
• Разберём перечень планируемых реставрационных работ.
• Поможем собрать и подготовить документы организации.
• Проконсультируем по квалификации и аттестации специалистов.
• Сопроводим подачу и рассмотрение заявления.

Работаем с компаниями из разных регионов России. Порядок подготовки определяем с учётом выбранных работ, состава специалистов и готовности документов.

Компания МСМ специализируется на лицензировании, саморегулировании и подготовке специалистов. Разберём исходную ситуацию и объясним последовательность действий.

Напишите в чат «ГИОП» и укажите виды работ. Подскажем дальнейшие шаги для вашей компании.";images/giop.png;;;;NEW_REVIEW;https://nadosro.ru/license/licenziya-minkultury;DRAFT_NOT_FOR_UPLOAD
mcm-sro-moskva;1;Москва;СРО — три направления;sro;СРО: строительство, проектирование, изыскания;"Нужно вступить в СРО? МСМ поможет подобрать саморегулируемую организацию и подготовить документы для вашей компании или ИП. Сопровождаем три направления: строительство, проектирование и инженерные изыскания.

Клиентам из города Москва. МСМ работает с заказчиками по всей России.

Чем поможем:
• Разберём виды работ, регион регистрации и задачи компании.
• Поможем подобрать СРО по нужному направлению.
• Подготовим комплект документов и заявление на вступление.
• Проконсультируем по специалистам НРС и требованиям выбранной СРО.
• Сопроводим рассмотрение документов и разберём замечания.

Строителям помогаем оформить членство в СРО для строительных работ. Проектировщикам — для подготовки проектной документации. Изыскателям — для инженерных изысканий. Если компании нужны несколько направлений, разберём каждое и согласуем общий порядок подготовки.

Компания МСМ специализируется на лицензировании, саморегулировании и подготовке специалистов. Разберём исходную ситуацию и объясним последовательность действий.

Напишите в чат «СРО» и укажите направление, регион регистрации и планируемые работы. Подскажем, какие документы подготовить в первую очередь.";images/sro.png;;;;NEW_REVIEW;https://nadosro.ru/;DRAFT_NOT_FOR_UPLOAD
mcm-nok-sankt-peterburg;2;Санкт-Петербург;НОК;nok;НОК НОСТРОЙ / НОПРИЗ — подготовка к экзамену;"Нужно пройти независимую оценку квалификации? МСМ помогает специалистам строительной отрасли подготовиться к экзамену и собрать документы для допуска к НОК.

Клиентам из города Санкт-Петербург. МСМ работает с заказчиками по всей России.

Чем поможем:
• Разберём вашу задачу и направление квалификации.
• Поможем собрать и подготовить документы.
• Организуем подготовку к экзамену.
• Сопроводим по организационным вопросам до получения результатов.

Работаем со специалистами по строительству, проектированию и инженерным изысканиям. Подготовка и сопровождение подбираются под вашу квалификацию и текущую ситуацию.

Компания МСМ специализируется на лицензировании, саморегулировании и подготовке специалистов. Разберём исходную ситуацию и объясним последовательность действий.

Напишите в чат «НОК» и укажите вашу специальность, город и желаемый срок прохождения. Подскажем, с чего начать.";images/nok.png;;8415338518;mcm-sankt-peterburg-fsb-20260903;UPDATE_REVIEW;https://nadosro.ru/nezavisimaya-oczenka-kvalifikaczii;DRAFT_NOT_FOR_UPLOAD
mcm-nrs-sankt-peterburg;2;Санкт-Петербург;НРС;nrs;Включение в НРС НОСТРОЙ / НОПРИЗ — помощь;"Планируете включение специалиста в национальный реестр? МСМ поможет проверить документы и подготовить заявление для НОСТРОЙ или НОПРИЗ.

Клиентам из города Санкт-Петербург. МСМ работает с заказчиками по всей России.

Чем поможем:
• Проведём предварительный разбор документов специалиста.
• Подскажем, какие сведения нужно дополнить.
• Поможем подготовить комплект документов и заявление.
• Сопроводим рассмотрение и разберём замечания при их наличии.

Помогаем специалистам строительных, проектных и изыскательских организаций. Если ранее получили отказ, разберём его причины и возможные дальнейшие действия.

Компания МСМ специализируется на лицензировании, саморегулировании и подготовке специалистов. Разберём исходную ситуацию и объясним последовательность действий.

Напишите в чат «НРС»: укажите направление, образование и стаж. Подскажем порядок подготовки документов.";images/nrs.png;;;;NEW_REVIEW;https://nadosro.ru/vnesenie-specialistov-v-nacionalnyj-reestr;DRAFT_NOT_FOR_UPLOAD
mcm-mchs-sankt-peterburg;2;Санкт-Петербург;Лицензия МЧС;mchs;Лицензия МЧС — помощь в оформлении;"Готовите компанию к получению лицензии МЧС? МСМ сопровождает оформление: от разбора вашей задачи до подготовки документов и взаимодействия по заявлению.

Клиентам из города Санкт-Петербург. МСМ работает с заказчиками по всей России.

Чем поможем:
• Определим перечень работ, по которым нужна лицензия.
• Поможем собрать документы компании и специалистов.
• Проконсультируем по оборудованию и его документальному оформлению.
• Подготовим к проверке и сопроводим процесс рассмотрения.

Работаем с организациями и ИП в сфере пожарной безопасности. Сначала выясним, какие работы вы планируете выполнять, какие специалисты и оборудование уже есть, затем составим план подготовки.

Компания МСМ специализируется на лицензировании, саморегулировании и подготовке специалистов. Разберём исходную ситуацию и объясним последовательность действий.

Напишите в чат «МЧС» и перечислите планируемые работы. Расскажем, какие документы понадобятся в вашей ситуации.";images/mchs.png;;;;NEW_REVIEW;https://nadosro.ru/license/poluchit-licenziyu-mchs;DRAFT_NOT_FOR_UPLOAD
mcm-giop-sankt-peterburg;2;Санкт-Петербург;Минкультуры / ГИОП;giop;Лицензия Минкультуры, ГИОП — оформление;"Нужна помощь с лицензией Минкультуры на реставрационные работы? МСМ сопровождает подготовку документов для деятельности по сохранению объектов культурного наследия. Это направление также ищут как «лицензия ГИОП».

Клиентам из города Санкт-Петербург. МСМ работает с заказчиками по всей России.

Чем поможем:
• Разберём перечень планируемых реставрационных работ.
• Поможем собрать и подготовить документы организации.
• Проконсультируем по квалификации и аттестации специалистов.
• Сопроводим подачу и рассмотрение заявления.

Работаем с компаниями из разных регионов России. Порядок подготовки определяем с учётом выбранных работ, состава специалистов и готовности документов.

Компания МСМ специализируется на лицензировании, саморегулировании и подготовке специалистов. Разберём исходную ситуацию и объясним последовательность действий.

Напишите в чат «ГИОП» и укажите виды работ. Подскажем дальнейшие шаги для вашей компании.";images/giop.png;;;;NEW_REVIEW;https://nadosro.ru/license/licenziya-minkultury;DRAFT_NOT_FOR_UPLOAD
mcm-sro-sankt-peterburg;2;Санкт-Петербург;СРО — три направления;sro;СРО: строительство, проектирование, изыскания;"Нужно вступить в СРО? МСМ поможет подобрать саморегулируемую организацию и подготовить документы для вашей компании или ИП. Сопровождаем три направления: строительство, проектирование и инженерные изыскания.

Клиентам из города Санкт-Петербург. МСМ работает с заказчиками по всей России.

Чем поможем:
• Разберём виды работ, регион регистрации и задачи компании.
• Поможем подобрать СРО по нужному направлению.
• Подготовим комплект документов и заявление на вступление.
• Проконсультируем по специалистам НРС и требованиям выбранной СРО.
• Сопроводим рассмотрение документов и разберём замечания.

Строителям помогаем оформить членство в СРО для строительных работ. Проектировщикам — для подготовки проектной документации. Изыскателям — для инженерных изысканий. Если компании нужны несколько направлений, разберём каждое и согласуем общий порядок подготовки.

Компания МСМ специализируется на лицензировании, саморегулировании и подготовке специалистов. Разберём исходную ситуацию и объясним последовательность действий.

Напишите в чат «СРО» и укажите направление, регион регистрации и планируемые работы. Подскажем, какие документы подготовить в первую очередь.";images/sro.png;;;;NEW_REVIEW;https://nadosro.ru/;DRAFT_NOT_FOR_UPLOAD
mcm-nok-novosibirsk;3;Новосибирск;НОК;nok;НОК НОСТРОЙ / НОПРИЗ — подготовка к экзамену;"Нужно пройти независимую оценку квалификации? МСМ помогает специалистам строительной отрасли подготовиться к экзамену и собрать документы для допуска к НОК.

Клиентам из города Новосибирск. МСМ работает с заказчиками по всей России.

Чем поможем:
• Разберём вашу задачу и направление квалификации.
• Поможем собрать и подготовить документы.
• Организуем подготовку к экзамену.
• Сопроводим по организационным вопросам до получения результатов.

Работаем со специалистами по строительству, проектированию и инженерным изысканиям. Подготовка и сопровождение подбираются под вашу квалификацию и текущую ситуацию.

Компания МСМ специализируется на лицензировании, саморегулировании и подготовке специалистов. Разберём исходную ситуацию и объясним последовательность действий.

Напишите в чат «НОК» и укажите вашу специальность, город и желаемый срок прохождения. Подскажем, с чего начать.";images/nok.png;;8375133286;mcm-novosibirsk-sro_build-20260903;UPDATE_REVIEW;https://nadosro.ru/nezavisimaya-oczenka-kvalifikaczii;DRAFT_NOT_FOR_UPLOAD
mcm-nrs-novosibirsk;3;Новосибирск;НРС;nrs;Включение в НРС НОСТРОЙ / НОПРИЗ — помощь;"Планируете включение специалиста в национальный реестр? МСМ поможет проверить документы и подготовить заявление для НОСТРОЙ или НОПРИЗ.

Клиентам из города Новосибирск. МСМ работает с заказчиками по всей России.

Чем поможем:
• Проведём предварительный разбор документов специалиста.
• Подскажем, какие сведения нужно дополнить.
• Поможем подготовить комплект документов и заявление.
• Сопроводим рассмотрение и разберём замечания при их наличии.

Помогаем специалистам строительных, проектных и изыскательских организаций. Если ранее получили отказ, разберём его причины и возможные дальнейшие действия.

Компания МСМ специализируется на лицензировании, саморегулировании и подготовке специалистов. Разберём исходную ситуацию и объясним последовательность действий.

Напишите в чат «НРС»: укажите направление, образование и стаж. Подскажем порядок подготовки документов.";images/nrs.png;;;;NEW_REVIEW;https://nadosro.ru/vnesenie-specialistov-v-nacionalnyj-reestr;DRAFT_NOT_FOR_UPLOAD
mcm-mchs-novosibirsk;3;Новосибирск;Лицензия МЧС;mchs;Лицензия МЧС — помощь в оформлении;"Готовите компанию к получению лицензии МЧС? МСМ сопровождает оформление: от разбора вашей задачи до подготовки документов и взаимодействия по заявлению.

Клиентам из города Новосибирск. МСМ работает с заказчиками по всей России.

Чем поможем:
• Определим перечень работ, по которым нужна лицензия.
• Поможем собрать документы компании и специалистов.
• Проконсультируем по оборудованию и его документальному оформлению.
• Подготовим к проверке и сопроводим процесс рассмотрения.

Работаем с организациями и ИП в сфере пожарной безопасности. Сначала выясним, какие работы вы планируете выполнять, какие специалисты и оборудование уже есть, затем составим план подготовки.

Компания МСМ специализируется на лицензировании, саморегулировании и подготовке специалистов. Разберём исходную ситуацию и объясним последовательность действий.

Напишите в чат «МЧС» и перечислите планируемые работы. Расскажем, какие документы понадобятся в вашей ситуации.";images/mchs.png;;;;NEW_REVIEW;https://nadosro.ru/license/poluchit-licenziyu-mchs;DRAFT_NOT_FOR_UPLOAD
mcm-giop-novosibirsk;3;Новосибирск;Минкультуры / ГИОП;giop;Лицензия Минкультуры, ГИОП — оформление;"Нужна помощь с лицензией Минкультуры на реставрационные работы? МСМ сопровождает подготовку документов для деятельности по сохранению объектов культурного наследия. Это направление также ищут как «лицензия ГИОП».

Клиентам из города Новосибирск. МСМ работает с заказчиками по всей России.

Чем поможем:
• Разберём перечень планируемых реставрационных работ.
• Поможем собрать и подготовить документы организации.
• Проконсультируем по квалификации и аттестации специалистов.
• Сопроводим подачу и рассмотрение заявления.

Работаем с компаниями из разных регионов России. Порядок подготовки определяем с учётом выбранных работ, состава специалистов и готовности документов.

Компания МСМ специализируется на лицензировании, саморегулировании и подготовке специалистов. Разберём исходную ситуацию и объясним последовательность действий.

Напишите в чат «ГИОП» и укажите виды работ. Подскажем дальнейшие шаги для вашей компании.";images/giop.png;;;;NEW_REVIEW;https://nadosro.ru/license/licenziya-minkultury;DRAFT_NOT_FOR_UPLOAD
mcm-sro-novosibirsk;3;Новосибирск;СРО — три направления;sro;СРО: строительство, проектирование, изыскания;"Нужно вступить в СРО? МСМ поможет подобрать саморегулируемую организацию и подготовить документы для вашей компании или ИП. Сопровождаем три направления: строительство, проектирование и инженерные изыскания.

Клиентам из города Новосибирск. МСМ работает с заказчиками по всей России.

Чем поможем:
• Разберём виды работ, регион регистрации и задачи компании.
• Поможем подобрать СРО по нужному направлению.
• Подготовим комплект документов и заявление на вступление.
• Проконсультируем по специалистам НРС и требованиям выбранной СРО.
• Сопроводим рассмотрение документов и разберём замечания.

Строителям помогаем оформить членство в СРО для строительных работ. Проектировщикам — для подготовки проектной документации. Изыскателям — для инженерных изысканий. Если компании нужны несколько направлений, разберём каждое и согласуем общий порядок подготовки.

Компания МСМ специализируется на лицензировании, саморегулировании и подготовке специалистов. Разберём исходную ситуацию и объясним последовательность действий.

Напишите в чат «СРО» и укажите направление, регион регистрации и планируемые работы. Подскажем, какие документы подготовить в первую очередь.";images/sro.png;;;;NEW_REVIEW;https://nadosro.ru/;DRAFT_NOT_FOR_UPLOAD
mcm-nok-ekaterinburg;4;Екатеринбург;НОК;nok;НОК НОСТРОЙ / НОПРИЗ — подготовка к экзамену;"Нужно пройти независимую оценку квалификации? МСМ помогает специалистам строительной отрасли подготовиться к экзамену и собрать документы для допуска к НОК.

Клиентам из города Екатеринбург. МСМ работает с заказчиками по всей России.

Чем поможем:
• Разберём вашу задачу и направление квалификации.
• Поможем собрать и подготовить документы.
• Организуем подготовку к экзамену.
• Сопроводим по организационным вопросам до получения результатов.

Работаем со специалистами по строительству, проектированию и инженерным изысканиям. Подготовка и сопровождение подбираются под вашу квалификацию и текущую ситуацию.

Компания МСМ специализируется на лицензировании, саморегулировании и подготовке специалистов. Разберём исходную ситуацию и объясним последовательность действий.

Напишите в чат «НОК» и укажите вашу специальность, город и желаемый срок прохождения. Подскажем, с чего начать.";images/nok.png;;8342025214;mcm-kostroma-sro_build-20260903;UPDATE_REVIEW;https://nadosro.ru/nezavisimaya-oczenka-kvalifikaczii;DRAFT_NOT_FOR_UPLOAD
mcm-nrs-ekaterinburg;4;Екатеринбург;НРС;nrs;Включение в НРС НОСТРОЙ / НОПРИЗ — помощь;"Планируете включение специалиста в национальный реестр? МСМ поможет проверить документы и подготовить заявление для НОСТРОЙ или НОПРИЗ.

Клиентам из города Екатеринбург. МСМ работает с заказчиками по всей России.

Чем поможем:
• Проведём предварительный разбор документов специалиста.
• Подскажем, какие сведения нужно дополнить.
• Поможем подготовить комплект документов и заявление.
• Сопроводим рассмотрение и разберём замечания при их наличии.

Помогаем специалистам строительных, проектных и изыскательских организаций. Если ранее получили отказ, разберём его причины и возможные дальнейшие действия.

Компания МСМ специализируется на лицензировании, саморегулировании и подготовке специалистов. Разберём исходную ситуацию и объясним последовательность действий.

Напишите в чат «НРС»: укажите направление, образование и стаж. Подскажем порядок подготовки документов.";images/nrs.png;;;;NEW_REVIEW;https://nadosro.ru/vnesenie-specialistov-v-nacionalnyj-reestr;DRAFT_NOT_FOR_UPLOAD
mcm-mchs-ekaterinburg;4;Екатеринбург;Лицензия МЧС;mchs;Лицензия МЧС — помощь в оформлении;"Готовите компанию к получению лицензии МЧС? МСМ сопровождает оформление: от разбора вашей задачи до подготовки документов и взаимодействия по заявлению.

Клиентам из города Екатеринбург. МСМ работает с заказчиками по всей России.

Чем поможем:
• Определим перечень работ, по которым нужна лицензия.
• Поможем собрать документы компании и специалистов.
• Проконсультируем по оборудованию и его документальному оформлению.
• Подготовим к проверке и сопроводим процесс рассмотрения.

Работаем с организациями и ИП в сфере пожарной безопасности. Сначала выясним, какие работы вы планируете выполнять, какие специалисты и оборудование уже есть, затем составим план подготовки.

Компания МСМ специализируется на лицензировании, саморегулировании и подготовке специалистов. Разберём исходную ситуацию и объясним последовательность действий.

Напишите в чат «МЧС» и перечислите планируемые работы. Расскажем, какие документы понадобятся в вашей ситуации.";images/mchs.png;;;;NEW_REVIEW;https://nadosro.ru/license/poluchit-licenziyu-mchs;DRAFT_NOT_FOR_UPLOAD
mcm-giop-ekaterinburg;4;Екатеринбург;Минкультуры / ГИОП;giop;Лицензия Минкультуры, ГИОП — оформление;"Нужна помощь с лицензией Минкультуры на реставрационные работы? МСМ сопровождает подготовку документов для деятельности по сохранению объектов культурного наследия. Это направление также ищут как «лицензия ГИОП».

Клиентам из города Екатеринбург. МСМ работает с заказчиками по всей России.

Чем поможем:
• Разберём перечень планируемых реставрационных работ.
• Поможем собрать и подготовить документы организации.
• Проконсультируем по квалификации и аттестации специалистов.
• Сопроводим подачу и рассмотрение заявления.

Работаем с компаниями из разных регионов России. Порядок подготовки определяем с учётом выбранных работ, состава специалистов и готовности документов.

Компания МСМ специализируется на лицензировании, саморегулировании и подготовке специалистов. Разберём исходную ситуацию и объясним последовательность действий.

Напишите в чат «ГИОП» и укажите виды работ. Подскажем дальнейшие шаги для вашей компании.";images/giop.png;;;;NEW_REVIEW;https://nadosro.ru/license/licenziya-minkultury;DRAFT_NOT_FOR_UPLOAD
mcm-sro-ekaterinburg;4;Екатеринбург;СРО — три направления;sro;СРО: строительство, проектирование, изыскания;"Нужно вступить в СРО? МСМ поможет подобрать саморегулируемую организацию и подготовить документы для вашей компании или ИП. Сопровождаем три направления: строительство, проектирование и инженерные изыскания.

Клиентам из города Екатеринбург. МСМ работает с заказчиками по всей России.

Чем поможем:
• Разберём виды работ, регион регистрации и задачи компании.
• Поможем подобрать СРО по нужному направлению.
• Подготовим комплект документов и заявление на вступление.
• Проконсультируем по специалистам НРС и требованиям выбранной СРО.
• Сопроводим рассмотрение документов и разберём замечания.

Строителям помогаем оформить членство в СРО для строительных работ. Проектировщикам — для подготовки проектной документации. Изыскателям — для инженерных изысканий. Если компании нужны несколько направлений, разберём каждое и согласуем общий порядок подготовки.

Компания МСМ специализируется на лицензировании, саморегулировании и подготовке специалистов. Разберём исходную ситуацию и объясним последовательность действий.

Напишите в чат «СРО» и укажите направление, регион регистрации и планируемые работы. Подскажем, какие документы подготовить в первую очередь.";images/sro.png;;;;NEW_REVIEW;https://nadosro.ru/;DRAFT_NOT_FOR_UPLOAD
mcm-nok-kazan;5;Казань;НОК;nok;НОК НОСТРОЙ / НОПРИЗ — подготовка к экзамену;"Нужно пройти независимую оценку квалификации? МСМ помогает специалистам строительной отрасли подготовиться к экзамену и собрать документы для допуска к НОК.

Клиентам из города Казань. МСМ работает с заказчиками по всей России.

Чем поможем:
• Разберём вашу задачу и направление квалификации.
• Поможем собрать и подготовить документы.
• Организуем подготовку к экзамену.
• Сопроводим по организационным вопросам до получения результатов.

Работаем со специалистами по строительству, проектированию и инженерным изысканиям. Подготовка и сопровождение подбираются под вашу квалификацию и текущую ситуацию.

Компания МСМ специализируется на лицензировании, саморегулировании и подготовке специалистов. Разберём исходную ситуацию и объясним последовательность действий.

Напишите в чат «НОК» и укажите вашу специальность, город и желаемый срок прохождения. Подскажем, с чего начать.";images/nok.png;;8357647674;mcm-kazan-fsb-20260903;UPDATE_REVIEW;https://nadosro.ru/nezavisimaya-oczenka-kvalifikaczii;DRAFT_NOT_FOR_UPLOAD
mcm-nrs-kazan;5;Казань;НРС;nrs;Включение в НРС НОСТРОЙ / НОПРИЗ — помощь;"Планируете включение специалиста в национальный реестр? МСМ поможет проверить документы и подготовить заявление для НОСТРОЙ или НОПРИЗ.

Клиентам из города Казань. МСМ работает с заказчиками по всей России.

Чем поможем:
• Проведём предварительный разбор документов специалиста.
• Подскажем, какие сведения нужно дополнить.
• Поможем подготовить комплект документов и заявление.
• Сопроводим рассмотрение и разберём замечания при их наличии.

Помогаем специалистам строительных, проектных и изыскательских организаций. Если ранее получили отказ, разберём его причины и возможные дальнейшие действия.

Компания МСМ специализируется на лицензировании, саморегулировании и подготовке специалистов. Разберём исходную ситуацию и объясним последовательность действий.

Напишите в чат «НРС»: укажите направление, образование и стаж. Подскажем порядок подготовки документов.";images/nrs.png;;;;NEW_REVIEW;https://nadosro.ru/vnesenie-specialistov-v-nacionalnyj-reestr;DRAFT_NOT_FOR_UPLOAD
mcm-mchs-kazan;5;Казань;Лицензия МЧС;mchs;Лицензия МЧС — помощь в оформлении;"Готовите компанию к получению лицензии МЧС? МСМ сопровождает оформление: от разбора вашей задачи до подготовки документов и взаимодействия по заявлению.

Клиентам из города Казань. МСМ работает с заказчиками по всей России.

Чем поможем:
• Определим перечень работ, по которым нужна лицензия.
• Поможем собрать документы компании и специалистов.
• Проконсультируем по оборудованию и его документальному оформлению.
• Подготовим к проверке и сопроводим процесс рассмотрения.

Работаем с организациями и ИП в сфере пожарной безопасности. Сначала выясним, какие работы вы планируете выполнять, какие специалисты и оборудование уже есть, затем составим план подготовки.

Компания МСМ специализируется на лицензировании, саморегулировании и подготовке специалистов. Разберём исходную ситуацию и объясним последовательность действий.

Напишите в чат «МЧС» и перечислите планируемые работы. Расскажем, какие документы понадобятся в вашей ситуации.";images/mchs.png;;;;NEW_REVIEW;https://nadosro.ru/license/poluchit-licenziyu-mchs;DRAFT_NOT_FOR_UPLOAD
mcm-giop-kazan;5;Казань;Минкультуры / ГИОП;giop;Лицензия Минкультуры, ГИОП — оформление;"Нужна помощь с лицензией Минкультуры на реставрационные работы? МСМ сопровождает подготовку документов для деятельности по сохранению объектов культурного наследия. Это направление также ищут как «лицензия ГИОП».

Клиентам из города Казань. МСМ работает с заказчиками по всей России.

Чем поможем:
• Разберём перечень планируемых реставрационных работ.
• Поможем собрать и подготовить документы организации.
• Проконсультируем по квалификации и аттестации специалистов.
• Сопроводим подачу и рассмотрение заявления.

Работаем с компаниями из разных регионов России. Порядок подготовки определяем с учётом выбранных работ, состава специалистов и готовности документов.

Компания МСМ специализируется на лицензировании, саморегулировании и подготовке специалистов. Разберём исходную ситуацию и объясним последовательность действий.

Напишите в чат «ГИОП» и укажите виды работ. Подскажем дальнейшие шаги для вашей компании.";images/giop.png;;;;NEW_REVIEW;https://nadosro.ru/license/licenziya-minkultury;DRAFT_NOT_FOR_UPLOAD
mcm-sro-kazan;5;Казань;СРО — три направления;sro;СРО: строительство, проектирование, изыскания;"Нужно вступить в СРО? МСМ поможет подобрать саморегулируемую организацию и подготовить документы для вашей компании или ИП. Сопровождаем три направления: строительство, проектирование и инженерные изыскания.

Клиентам из города Казань. МСМ работает с заказчиками по всей России.

Чем поможем:
• Разберём виды работ, регион регистрации и задачи компании.
• Поможем подобрать СРО по нужному направлению.
• Подготовим комплект документов и заявление на вступление.
• Проконсультируем по специалистам НРС и требованиям выбранной СРО.
• Сопроводим рассмотрение документов и разберём замечания.

Строителям помогаем оформить членство в СРО для строительных работ. Проектировщикам — для подготовки проектной документации. Изыскателям — для инженерных изысканий. Если компании нужны несколько направлений, разберём каждое и согласуем общий порядок подготовки.

Компания МСМ специализируется на лицензировании, саморегулировании и подготовке специалистов. Разберём исходную ситуацию и объясним последовательность действий.

Напишите в чат «СРО» и укажите направление, регион регистрации и планируемые работы. Подскажем, какие документы подготовить в первую очередь.";images/sro.png;;;;NEW_REVIEW;https://nadosro.ru/;DRAFT_NOT_FOR_UPLOAD
mcm-nok-krasnoyarsk;6;Красноярск;НОК;nok;НОК НОСТРОЙ / НОПРИЗ — подготовка к экзамену;"Нужно пройти независимую оценку квалификации? МСМ помогает специалистам строительной отрасли подготовиться к экзамену и собрать документы для допуска к НОК.

Клиентам из города Красноярск. МСМ работает с заказчиками по всей России.

Чем поможем:
• Разберём вашу задачу и направление квалификации.
• Поможем собрать и подготовить документы.
• Организуем подготовку к экзамену.
• Сопроводим по организационным вопросам до получения результатов.

Работаем со специалистами по строительству, проектированию и инженерным изысканиям. Подготовка и сопровождение подбираются под вашу квалификацию и текущую ситуацию.

Компания МСМ специализируется на лицензировании, саморегулировании и подготовке специалистов. Разберём исходную ситуацию и объясним последовательность действий.

Напишите в чат «НОК» и укажите вашу специальность, город и желаемый срок прохождения. Подскажем, с чего начать.";images/nok.png;;8317158035;mcm-podolsk-sro_build-20260903;UPDATE_REVIEW;https://nadosro.ru/nezavisimaya-oczenka-kvalifikaczii;DRAFT_NOT_FOR_UPLOAD
mcm-nrs-krasnoyarsk;6;Красноярск;НРС;nrs;Включение в НРС НОСТРОЙ / НОПРИЗ — помощь;"Планируете включение специалиста в национальный реестр? МСМ поможет проверить документы и подготовить заявление для НОСТРОЙ или НОПРИЗ.

Клиентам из города Красноярск. МСМ работает с заказчиками по всей России.

Чем поможем:
• Проведём предварительный разбор документов специалиста.
• Подскажем, какие сведения нужно дополнить.
• Поможем подготовить комплект документов и заявление.
• Сопроводим рассмотрение и разберём замечания при их наличии.

Помогаем специалистам строительных, проектных и изыскательских организаций. Если ранее получили отказ, разберём его причины и возможные дальнейшие действия.

Компания МСМ специализируется на лицензировании, саморегулировании и подготовке специалистов. Разберём исходную ситуацию и объясним последовательность действий.

Напишите в чат «НРС»: укажите направление, образование и стаж. Подскажем порядок подготовки документов.";images/nrs.png;;;;NEW_REVIEW;https://nadosro.ru/vnesenie-specialistov-v-nacionalnyj-reestr;DRAFT_NOT_FOR_UPLOAD
mcm-mchs-krasnoyarsk;6;Красноярск;Лицензия МЧС;mchs;Лицензия МЧС — помощь в оформлении;"Готовите компанию к получению лицензии МЧС? МСМ сопровождает оформление: от разбора вашей задачи до подготовки документов и взаимодействия по заявлению.

Клиентам из города Красноярск. МСМ работает с заказчиками по всей России.

Чем поможем:
• Определим перечень работ, по которым нужна лицензия.
• Поможем собрать документы компании и специалистов.
• Проконсультируем по оборудованию и его документальному оформлению.
• Подготовим к проверке и сопроводим процесс рассмотрения.

Работаем с организациями и ИП в сфере пожарной безопасности. Сначала выясним, какие работы вы планируете выполнять, какие специалисты и оборудование уже есть, затем составим план подготовки.

Компания МСМ специализируется на лицензировании, саморегулировании и подготовке специалистов. Разберём исходную ситуацию и объясним последовательность действий.

Напишите в чат «МЧС» и перечислите планируемые работы. Расскажем, какие документы понадобятся в вашей ситуации.";images/mchs.png;;;;NEW_REVIEW;https://nadosro.ru/license/poluchit-licenziyu-mchs;DRAFT_NOT_FOR_UPLOAD
mcm-giop-krasnoyarsk;6;Красноярск;Минкультуры / ГИОП;giop;Лицензия Минкультуры, ГИОП — оформление;"Нужна помощь с лицензией Минкультуры на реставрационные работы? МСМ сопровождает подготовку документов для деятельности по сохранению объектов культурного наследия. Это направление также ищут как «лицензия ГИОП».

Клиентам из города Красноярск. МСМ работает с заказчиками по всей России.

Чем поможем:
• Разберём перечень планируемых реставрационных работ.
• Поможем собрать и подготовить документы организации.
• Проконсультируем по квалификации и аттестации специалистов.
• Сопроводим подачу и рассмотрение заявления.

Работаем с компаниями из разных регионов России. Порядок подготовки определяем с учётом выбранных работ, состава специалистов и готовности документов.

Компания МСМ специализируется на лицензировании, саморегулировании и подготовке специалистов. Разберём исходную ситуацию и объясним последовательность действий.

Напишите в чат «ГИОП» и укажите виды работ. Подскажем дальнейшие шаги для вашей компании.";images/giop.png;;;;NEW_REVIEW;https://nadosro.ru/license/licenziya-minkultury;DRAFT_NOT_FOR_UPLOAD
mcm-sro-krasnoyarsk;6;Красноярск;СРО — три направления;sro;СРО: строительство, проектирование, изыскания;"Нужно вступить в СРО? МСМ поможет подобрать саморегулируемую организацию и подготовить документы для вашей компании или ИП. Сопровождаем три направления: строительство, проектирование и инженерные изыскания.

Клиентам из города Красноярск. МСМ работает с заказчиками по всей России.

Чем поможем:
• Разберём виды работ, регион регистрации и задачи компании.
• Поможем подобрать СРО по нужному направлению.
• Подготовим комплект документов и заявление на вступление.
• Проконсультируем по специалистам НРС и требованиям выбранной СРО.
• Сопроводим рассмотрение документов и разберём замечания.

Строителям помогаем оформить членство в СРО для строительных работ. Проектировщикам — для подготовки проектной документации. Изыскателям — для инженерных изысканий. Если компании нужны несколько направлений, разберём каждое и согласуем общий порядок подготовки.

Компания МСМ специализируется на лицензировании, саморегулировании и подготовке специалистов. Разберём исходную ситуацию и объясним последовательность действий.

Напишите в чат «СРО» и укажите направление, регион регистрации и планируемые работы. Подскажем, какие документы подготовить в первую очередь.";images/sro.png;;;;NEW_REVIEW;https://nadosro.ru/;DRAFT_NOT_FOR_UPLOAD
mcm-nok-nizhniy_novgorod;7;Нижний Новгород;НОК;nok;НОК НОСТРОЙ / НОПРИЗ — подготовка к экзамену;"Нужно пройти независимую оценку квалификации? МСМ помогает специалистам строительной отрасли подготовиться к экзамену и собрать документы для допуска к НОК.

Клиентам из города Нижний Новгород. МСМ работает с заказчиками по всей России.

Чем поможем:
• Разберём вашу задачу и направление квалификации.
• Поможем собрать и подготовить документы.
• Организуем подготовку к экзамену.
• Сопроводим по организационным вопросам до получения результатов.

Работаем со специалистами по строительству, проектированию и инженерным изысканиям. Подготовка и сопровождение подбираются под вашу квалификацию и текущую ситуацию.

Компания МСМ специализируется на лицензировании, саморегулировании и подготовке специалистов. Разберём исходную ситуацию и объясним последовательность действий.

Напишите в чат «НОК» и укажите вашу специальность, город и желаемый срок прохождения. Подскажем, с чего начать.";images/nok.png;;8363125479;mcm-rostov-na-donu-fsb-20260903;UPDATE_REVIEW;https://nadosro.ru/nezavisimaya-oczenka-kvalifikaczii;DRAFT_NOT_FOR_UPLOAD
mcm-nrs-nizhniy_novgorod;7;Нижний Новгород;НРС;nrs;Включение в НРС НОСТРОЙ / НОПРИЗ — помощь;"Планируете включение специалиста в национальный реестр? МСМ поможет проверить документы и подготовить заявление для НОСТРОЙ или НОПРИЗ.

Клиентам из города Нижний Новгород. МСМ работает с заказчиками по всей России.

Чем поможем:
• Проведём предварительный разбор документов специалиста.
• Подскажем, какие сведения нужно дополнить.
• Поможем подготовить комплект документов и заявление.
• Сопроводим рассмотрение и разберём замечания при их наличии.

Помогаем специалистам строительных, проектных и изыскательских организаций. Если ранее получили отказ, разберём его причины и возможные дальнейшие действия.

Компания МСМ специализируется на лицензировании, саморегулировании и подготовке специалистов. Разберём исходную ситуацию и объясним последовательность действий.

Напишите в чат «НРС»: укажите направление, образование и стаж. Подскажем порядок подготовки документов.";images/nrs.png;;;;NEW_REVIEW;https://nadosro.ru/vnesenie-specialistov-v-nacionalnyj-reestr;DRAFT_NOT_FOR_UPLOAD
mcm-mchs-nizhniy_novgorod;7;Нижний Новгород;Лицензия МЧС;mchs;Лицензия МЧС — помощь в оформлении;"Готовите компанию к получению лицензии МЧС? МСМ сопровождает оформление: от разбора вашей задачи до подготовки документов и взаимодействия по заявлению.

Клиентам из города Нижний Новгород. МСМ работает с заказчиками по всей России.

Чем поможем:
• Определим перечень работ, по которым нужна лицензия.
• Поможем собрать документы компании и специалистов.
• Проконсультируем по оборудованию и его документальному оформлению.
• Подготовим к проверке и сопроводим процесс рассмотрения.

Работаем с организациями и ИП в сфере пожарной безопасности. Сначала выясним, какие работы вы планируете выполнять, какие специалисты и оборудование уже есть, затем составим план подготовки.

Компания МСМ специализируется на лицензировании, саморегулировании и подготовке специалистов. Разберём исходную ситуацию и объясним последовательность действий.

Напишите в чат «МЧС» и перечислите планируемые работы. Расскажем, какие документы понадобятся в вашей ситуации.";images/mchs.png;;;;NEW_REVIEW;https://nadosro.ru/license/poluchit-licenziyu-mchs;DRAFT_NOT_FOR_UPLOAD
mcm-giop-nizhniy_novgorod;7;Нижний Новгород;Минкультуры / ГИОП;giop;Лицензия Минкультуры, ГИОП — оформление;"Нужна помощь с лицензией Минкультуры на реставрационные работы? МСМ сопровождает подготовку документов для деятельности по сохранению объектов культурного наследия. Это направление также ищут как «лицензия ГИОП».

Клиентам из города Нижний Новгород. МСМ работает с заказчиками по всей России.

Чем поможем:
• Разберём перечень планируемых реставрационных работ.
• Поможем собрать и подготовить документы организации.
• Проконсультируем по квалификации и аттестации специалистов.
• Сопроводим подачу и рассмотрение заявления.

Работаем с компаниями из разных регионов России. Порядок подготовки определяем с учётом выбранных работ, состава специалистов и готовности документов.

Компания МСМ специализируется на лицензировании, саморегулировании и подготовке специалистов. Разберём исходную ситуацию и объясним последовательность действий.

Напишите в чат «ГИОП» и укажите виды работ. Подскажем дальнейшие шаги для вашей компании.";images/giop.png;;;;NEW_REVIEW;https://nadosro.ru/license/licenziya-minkultury;DRAFT_NOT_FOR_UPLOAD
mcm-sro-nizhniy_novgorod;7;Нижний Новгород;СРО — три направления;sro;СРО: строительство, проектирование, изыскания;"Нужно вступить в СРО? МСМ поможет подобрать саморегулируемую организацию и подготовить документы для вашей компании или ИП. Сопровождаем три направления: строительство, проектирование и инженерные изыскания.

Клиентам из города Нижний Новгород. МСМ работает с заказчиками по всей России.

Чем поможем:
• Разберём виды работ, регион регистрации и задачи компании.
• Поможем подобрать СРО по нужному направлению.
• Подготовим комплект документов и заявление на вступление.
• Проконсультируем по специалистам НРС и требованиям выбранной СРО.
• Сопроводим рассмотрение документов и разберём замечания.

Строителям помогаем оформить членство в СРО для строительных работ. Проектировщикам — для подготовки проектной документации. Изыскателям — для инженерных изысканий. Если компании нужны несколько направлений, разберём каждое и согласуем общий порядок подготовки.

Компания МСМ специализируется на лицензировании, саморегулировании и подготовке специалистов. Разберём исходную ситуацию и объясним последовательность действий.

Напишите в чат «СРО» и укажите направление, регион регистрации и планируемые работы. Подскажем, какие документы подготовить в первую очередь.";images/sro.png;;;;NEW_REVIEW;https://nadosro.ru/;DRAFT_NOT_FOR_UPLOAD
mcm-nok-chelyabinsk;8;Челябинск;НОК;nok;НОК НОСТРОЙ / НОПРИЗ — подготовка к экзамену;"Нужно пройти независимую оценку квалификации? МСМ помогает специалистам строительной отрасли подготовиться к экзамену и собрать документы для допуска к НОК.

Клиентам из города Челябинск. МСМ работает с заказчиками по всей России.

Чем поможем:
• Разберём вашу задачу и направление квалификации.
• Поможем собрать и подготовить документы.
• Организуем подготовку к экзамену.
• Сопроводим по организационным вопросам до получения результатов.

Работаем со специалистами по строительству, проектированию и инженерным изысканиям. Подготовка и сопровождение подбираются под вашу квалификацию и текущую ситуацию.

Компания МСМ специализируется на лицензировании, саморегулировании и подготовке специалистов. Разберём исходную ситуацию и объясним последовательность действий.

Напишите в чат «НОК» и укажите вашу специальность, город и желаемый срок прохождения. Подскажем, с чего начать.";images/nok.png;;8417103668;mcm-rostov-na-donu-mchs-20260903;UPDATE_REVIEW;https://nadosro.ru/nezavisimaya-oczenka-kvalifikaczii;DRAFT_NOT_FOR_UPLOAD
mcm-nrs-chelyabinsk;8;Челябинск;НРС;nrs;Включение в НРС НОСТРОЙ / НОПРИЗ — помощь;"Планируете включение специалиста в национальный реестр? МСМ поможет проверить документы и подготовить заявление для НОСТРОЙ или НОПРИЗ.

Клиентам из города Челябинск. МСМ работает с заказчиками по всей России.

Чем поможем:
• Проведём предварительный разбор документов специалиста.
• Подскажем, какие сведения нужно дополнить.
• Поможем подготовить комплект документов и заявление.
• Сопроводим рассмотрение и разберём замечания при их наличии.

Помогаем специалистам строительных, проектных и изыскательских организаций. Если ранее получили отказ, разберём его причины и возможные дальнейшие действия.

Компания МСМ специализируется на лицензировании, саморегулировании и подготовке специалистов. Разберём исходную ситуацию и объясним последовательность действий.

Напишите в чат «НРС»: укажите направление, образование и стаж. Подскажем порядок подготовки документов.";images/nrs.png;;;;NEW_REVIEW;https://nadosro.ru/vnesenie-specialistov-v-nacionalnyj-reestr;DRAFT_NOT_FOR_UPLOAD
mcm-mchs-chelyabinsk;8;Челябинск;Лицензия МЧС;mchs;Лицензия МЧС — помощь в оформлении;"Готовите компанию к получению лицензии МЧС? МСМ сопровождает оформление: от разбора вашей задачи до подготовки документов и взаимодействия по заявлению.

Клиентам из города Челябинск. МСМ работает с заказчиками по всей России.

Чем поможем:
• Определим перечень работ, по которым нужна лицензия.
• Поможем собрать документы компании и специалистов.
• Проконсультируем по оборудованию и его документальному оформлению.
• Подготовим к проверке и сопроводим процесс рассмотрения.

Работаем с организациями и ИП в сфере пожарной безопасности. Сначала выясним, какие работы вы планируете выполнять, какие специалисты и оборудование уже есть, затем составим план подготовки.

Компания МСМ специализируется на лицензировании, саморегулировании и подготовке специалистов. Разберём исходную ситуацию и объясним последовательность действий.

Напишите в чат «МЧС» и перечислите планируемые работы. Расскажем, какие документы понадобятся в вашей ситуации.";images/mchs.png;;;;NEW_REVIEW;https://nadosro.ru/license/poluchit-licenziyu-mchs;DRAFT_NOT_FOR_UPLOAD
mcm-giop-chelyabinsk;8;Челябинск;Минкультуры / ГИОП;giop;Лицензия Минкультуры, ГИОП — оформление;"Нужна помощь с лицензией Минкультуры на реставрационные работы? МСМ сопровождает подготовку документов для деятельности по сохранению объектов культурного наследия. Это направление также ищут как «лицензия ГИОП».

Клиентам из города Челябинск. МСМ работает с заказчиками по всей России.

Чем поможем:
• Разберём перечень планируемых реставрационных работ.
• Поможем собрать и подготовить документы организации.
• Проконсультируем по квалификации и аттестации специалистов.
• Сопроводим подачу и рассмотрение заявления.

Работаем с компаниями из разных регионов России. Порядок подготовки определяем с учётом выбранных работ, состава специалистов и готовности документов.

Компания МСМ специализируется на лицензировании, саморегулировании и подготовке специалистов. Разберём исходную ситуацию и объясним последовательность действий.

Напишите в чат «ГИОП» и укажите виды работ. Подскажем дальнейшие шаги для вашей компании.";images/giop.png;;;;NEW_REVIEW;https://nadosro.ru/license/licenziya-minkultury;DRAFT_NOT_FOR_UPLOAD
mcm-sro-chelyabinsk;8;Челябинск;СРО — три направления;sro;СРО: строительство, проектирование, изыскания;"Нужно вступить в СРО? МСМ поможет подобрать саморегулируемую организацию и подготовить документы для вашей компании или ИП. Сопровождаем три направления: строительство, проектирование и инженерные изыскания.

Клиентам из города Челябинск. МСМ работает с заказчиками по всей России.

Чем поможем:
• Разберём виды работ, регион регистрации и задачи компании.
• Поможем подобрать СРО по нужному направлению.
• Подготовим комплект документов и заявление на вступление.
• Проконсультируем по специалистам НРС и требованиям выбранной СРО.
• Сопроводим рассмотрение документов и разберём замечания.

Строителям помогаем оформить членство в СРО для строительных работ. Проектировщикам — для подготовки проектной документации. Изыскателям — для инженерных изысканий. Если компании нужны несколько направлений, разберём каждое и согласуем общий порядок подготовки.

Компания МСМ специализируется на лицензировании, саморегулировании и подготовке специалистов. Разберём исходную ситуацию и объясним последовательность действий.

Напишите в чат «СРО» и укажите направление, регион регистрации и планируемые работы. Подскажем, какие документы подготовить в первую очередь.";images/sro.png;;;;NEW_REVIEW;https://nadosro.ru/;DRAFT_NOT_FOR_UPLOAD
mcm-nok-ufa;9;Уфа;НОК;nok;НОК НОСТРОЙ / НОПРИЗ — подготовка к экзамену;"Нужно пройти независимую оценку квалификации? МСМ помогает специалистам строительной отрасли подготовиться к экзамену и собрать документы для допуска к НОК.

Клиентам из города Уфа. МСМ работает с заказчиками по всей России.

Чем поможем:
• Разберём вашу задачу и направление квалификации.
• Поможем собрать и подготовить документы.
• Организуем подготовку к экзамену.
• Сопроводим по организационным вопросам до получения результатов.

Работаем со специалистами по строительству, проектированию и инженерным изысканиям. Подготовка и сопровождение подбираются под вашу квалификацию и текущую ситуацию.

Компания МСМ специализируется на лицензировании, саморегулировании и подготовке специалистов. Разберём исходную ситуацию и объясним последовательность действий.

Напишите в чат «НОК» и укажите вашу специальность, город и желаемый срок прохождения. Подскажем, с чего начать.";images/nok.png;;8312381231;mcm-ufa-sro_project-20260903;UPDATE_REVIEW;https://nadosro.ru/nezavisimaya-oczenka-kvalifikaczii;DRAFT_NOT_FOR_UPLOAD
mcm-nrs-ufa;9;Уфа;НРС;nrs;Включение в НРС НОСТРОЙ / НОПРИЗ — помощь;"Планируете включение специалиста в национальный реестр? МСМ поможет проверить документы и подготовить заявление для НОСТРОЙ или НОПРИЗ.

Клиентам из города Уфа. МСМ работает с заказчиками по всей России.

Чем поможем:
• Проведём предварительный разбор документов специалиста.
• Подскажем, какие сведения нужно дополнить.
• Поможем подготовить комплект документов и заявление.
• Сопроводим рассмотрение и разберём замечания при их наличии.

Помогаем специалистам строительных, проектных и изыскательских организаций. Если ранее получили отказ, разберём его причины и возможные дальнейшие действия.

Компания МСМ специализируется на лицензировании, саморегулировании и подготовке специалистов. Разберём исходную ситуацию и объясним последовательность действий.

Напишите в чат «НРС»: укажите направление, образование и стаж. Подскажем порядок подготовки документов.";images/nrs.png;;;;NEW_REVIEW;https://nadosro.ru/vnesenie-specialistov-v-nacionalnyj-reestr;DRAFT_NOT_FOR_UPLOAD
mcm-mchs-ufa;9;Уфа;Лицензия МЧС;mchs;Лицензия МЧС — помощь в оформлении;"Готовите компанию к получению лицензии МЧС? МСМ сопровождает оформление: от разбора вашей задачи до подготовки документов и взаимодействия по заявлению.

Клиентам из города Уфа. МСМ работает с заказчиками по всей России.

Чем поможем:
• Определим перечень работ, по которым нужна лицензия.
• Поможем собрать документы компании и специалистов.
• Проконсультируем по оборудованию и его документальному оформлению.
• Подготовим к проверке и сопроводим процесс рассмотрения.

Работаем с организациями и ИП в сфере пожарной безопасности. Сначала выясним, какие работы вы планируете выполнять, какие специалисты и оборудование уже есть, затем составим план подготовки.

Компания МСМ специализируется на лицензировании, саморегулировании и подготовке специалистов. Разберём исходную ситуацию и объясним последовательность действий.

Напишите в чат «МЧС» и перечислите планируемые работы. Расскажем, какие документы понадобятся в вашей ситуации.";images/mchs.png;;;;NEW_REVIEW;https://nadosro.ru/license/poluchit-licenziyu-mchs;DRAFT_NOT_FOR_UPLOAD
mcm-giop-ufa;9;Уфа;Минкультуры / ГИОП;giop;Лицензия Минкультуры, ГИОП — оформление;"Нужна помощь с лицензией Минкультуры на реставрационные работы? МСМ сопровождает подготовку документов для деятельности по сохранению объектов культурного наследия. Это направление также ищут как «лицензия ГИОП».

Клиентам из города Уфа. МСМ работает с заказчиками по всей России.

Чем поможем:
• Разберём перечень планируемых реставрационных работ.
• Поможем собрать и подготовить документы организации.
• Проконсультируем по квалификации и аттестации специалистов.
• Сопроводим подачу и рассмотрение заявления.

Работаем с компаниями из разных регионов России. Порядок подготовки определяем с учётом выбранных работ, состава специалистов и готовности документов.

Компания МСМ специализируется на лицензировании, саморегулировании и подготовке специалистов. Разберём исходную ситуацию и объясним последовательность действий.

Напишите в чат «ГИОП» и укажите виды работ. Подскажем дальнейшие шаги для вашей компании.";images/giop.png;;;;NEW_REVIEW;https://nadosro.ru/license/licenziya-minkultury;DRAFT_NOT_FOR_UPLOAD
mcm-sro-ufa;9;Уфа;СРО — три направления;sro;СРО: строительство, проектирование, изыскания;"Нужно вступить в СРО? МСМ поможет подобрать саморегулируемую организацию и подготовить документы для вашей компании или ИП. Сопровождаем три направления: строительство, проектирование и инженерные изыскания.

Клиентам из города Уфа. МСМ работает с заказчиками по всей России.

Чем поможем:
• Разберём виды работ, регион регистрации и задачи компании.
• Поможем подобрать СРО по нужному направлению.
• Подготовим комплект документов и заявление на вступление.
• Проконсультируем по специалистам НРС и требованиям выбранной СРО.
• Сопроводим рассмотрение документов и разберём замечания.

Строителям помогаем оформить членство в СРО для строительных работ. Проектировщикам — для подготовки проектной документации. Изыскателям — для инженерных изысканий. Если компании нужны несколько направлений, разберём каждое и согласуем общий порядок подготовки.

Компания МСМ специализируется на лицензировании, саморегулировании и подготовке специалистов. Разберём исходную ситуацию и объясним последовательность действий.

Напишите в чат «СРО» и укажите направление, регион регистрации и планируемые работы. Подскажем, какие документы подготовить в первую очередь.";images/sro.png;;;;NEW_REVIEW;https://nadosro.ru/;DRAFT_NOT_FOR_UPLOAD
mcm-nok-samara;10;Самара;НОК;nok;НОК НОСТРОЙ / НОПРИЗ — подготовка к экзамену;"Нужно пройти независимую оценку квалификации? МСМ помогает специалистам строительной отрасли подготовиться к экзамену и собрать документы для допуска к НОК.

Клиентам из города Самара. МСМ работает с заказчиками по всей России.

Чем поможем:
• Разберём вашу задачу и направление квалификации.
• Поможем собрать и подготовить документы.
• Организуем подготовку к экзамену.
• Сопроводим по организационным вопросам до получения результатов.

Работаем со специалистами по строительству, проектированию и инженерным изысканиям. Подготовка и сопровождение подбираются под вашу квалификацию и текущую ситуацию.

Компания МСМ специализируется на лицензировании, саморегулировании и подготовке специалистов. Разберём исходную ситуацию и объясним последовательность действий.

Напишите в чат «НОК» и укажите вашу специальность, город и желаемый срок прохождения. Подскажем, с чего начать.";images/nok.png;;8273305354;mcm-samara-mchs-20260903;UPDATE_REVIEW;https://nadosro.ru/nezavisimaya-oczenka-kvalifikaczii;DRAFT_NOT_FOR_UPLOAD
mcm-nrs-samara;10;Самара;НРС;nrs;Включение в НРС НОСТРОЙ / НОПРИЗ — помощь;"Планируете включение специалиста в национальный реестр? МСМ поможет проверить документы и подготовить заявление для НОСТРОЙ или НОПРИЗ.

Клиентам из города Самара. МСМ работает с заказчиками по всей России.

Чем поможем:
• Проведём предварительный разбор документов специалиста.
• Подскажем, какие сведения нужно дополнить.
• Поможем подготовить комплект документов и заявление.
• Сопроводим рассмотрение и разберём замечания при их наличии.

Помогаем специалистам строительных, проектных и изыскательских организаций. Если ранее получили отказ, разберём его причины и возможные дальнейшие действия.

Компания МСМ специализируется на лицензировании, саморегулировании и подготовке специалистов. Разберём исходную ситуацию и объясним последовательность действий.

Напишите в чат «НРС»: укажите направление, образование и стаж. Подскажем порядок подготовки документов.";images/nrs.png;;;;NEW_REVIEW;https://nadosro.ru/vnesenie-specialistov-v-nacionalnyj-reestr;DRAFT_NOT_FOR_UPLOAD
mcm-mchs-samara;10;Самара;Лицензия МЧС;mchs;Лицензия МЧС — помощь в оформлении;"Готовите компанию к получению лицензии МЧС? МСМ сопровождает оформление: от разбора вашей задачи до подготовки документов и взаимодействия по заявлению.

Клиентам из города Самара. МСМ работает с заказчиками по всей России.

Чем поможем:
• Определим перечень работ, по которым нужна лицензия.
• Поможем собрать документы компании и специалистов.
• Проконсультируем по оборудованию и его документальному оформлению.
• Подготовим к проверке и сопроводим процесс рассмотрения.

Работаем с организациями и ИП в сфере пожарной безопасности. Сначала выясним, какие работы вы планируете выполнять, какие специалисты и оборудование уже есть, затем составим план подготовки.

Компания МСМ специализируется на лицензировании, саморегулировании и подготовке специалистов. Разберём исходную ситуацию и объясним последовательность действий.

Напишите в чат «МЧС» и перечислите планируемые работы. Расскажем, какие документы понадобятся в вашей ситуации.";images/mchs.png;;;;NEW_REVIEW;https://nadosro.ru/license/poluchit-licenziyu-mchs;DRAFT_NOT_FOR_UPLOAD
mcm-giop-samara;10;Самара;Минкультуры / ГИОП;giop;Лицензия Минкультуры, ГИОП — оформление;"Нужна помощь с лицензией Минкультуры на реставрационные работы? МСМ сопровождает подготовку документов для деятельности по сохранению объектов культурного наследия. Это направление также ищут как «лицензия ГИОП».

Клиентам из города Самара. МСМ работает с заказчиками по всей России.

Чем поможем:
• Разберём перечень планируемых реставрационных работ.
• Поможем собрать и подготовить документы организации.
• Проконсультируем по квалификации и аттестации специалистов.
• Сопроводим подачу и рассмотрение заявления.

Работаем с компаниями из разных регионов России. Порядок подготовки определяем с учётом выбранных работ, состава специалистов и готовности документов.

Компания МСМ специализируется на лицензировании, саморегулировании и подготовке специалистов. Разберём исходную ситуацию и объясним последовательность действий.

Напишите в чат «ГИОП» и укажите виды работ. Подскажем дальнейшие шаги для вашей компании.";images/giop.png;;;;NEW_REVIEW;https://nadosro.ru/license/licenziya-minkultury;DRAFT_NOT_FOR_UPLOAD
mcm-sro-samara;10;Самара;СРО — три направления;sro;СРО: строительство, проектирование, изыскания;"Нужно вступить в СРО? МСМ поможет подобрать саморегулируемую организацию и подготовить документы для вашей компании или ИП. Сопровождаем три направления: строительство, проектирование и инженерные изыскания.

Клиентам из города Самара. МСМ работает с заказчиками по всей России.

Чем поможем:
• Разберём виды работ, регион регистрации и задачи компании.
• Поможем подобрать СРО по нужному направлению.
• Подготовим комплект документов и заявление на вступление.
• Проконсультируем по специалистам НРС и требованиям выбранной СРО.
• Сопроводим рассмотрение документов и разберём замечания.

Строителям помогаем оформить членство в СРО для строительных работ. Проектировщикам — для подготовки проектной документации. Изыскателям — для инженерных изысканий. Если компании нужны несколько направлений, разберём каждое и согласуем общий порядок подготовки.

Компания МСМ специализируется на лицензировании, саморегулировании и подготовке специалистов. Разберём исходную ситуацию и объясним последовательность действий.

Напишите в чат «СРО» и укажите направление, регион регистрации и планируемые работы. Подскажем, какие документы подготовить в первую очередь.";images/sro.png;;;;NEW_REVIEW;https://nadosro.ru/;DRAFT_NOT_FOR_UPLOAD
mcm-nok-rostov-na-donu;11;Ростов-на-Дону;НОК;nok;НОК НОСТРОЙ / НОПРИЗ — подготовка к экзамену;"Нужно пройти независимую оценку квалификации? МСМ помогает специалистам строительной отрасли подготовиться к экзамену и собрать документы для допуска к НОК.

Клиентам из города Ростов-на-Дону. МСМ работает с заказчиками по всей России.

Чем поможем:
• Разберём вашу задачу и направление квалификации.
• Поможем собрать и подготовить документы.
• Организуем подготовку к экзамену.
• Сопроводим по организационным вопросам до получения результатов.

Работаем со специалистами по строительству, проектированию и инженерным изысканиям. Подготовка и сопровождение подбираются под вашу квалификацию и текущую ситуацию.

Компания МСМ специализируется на лицензировании, саморегулировании и подготовке специалистов. Разберём исходную ситуацию и объясним последовательность действий.

Напишите в чат «НОК» и укажите вашу специальность, город и желаемый срок прохождения. Подскажем, с чего начать.";images/nok.png;;8354964217;mcm-rostov-na-donu-nok-20260903;UPDATE_REVIEW;https://nadosro.ru/nezavisimaya-oczenka-kvalifikaczii;DRAFT_NOT_FOR_UPLOAD
mcm-nrs-rostov-na-donu;11;Ростов-на-Дону;НРС;nrs;Включение в НРС НОСТРОЙ / НОПРИЗ — помощь;"Планируете включение специалиста в национальный реестр? МСМ поможет проверить документы и подготовить заявление для НОСТРОЙ или НОПРИЗ.

Клиентам из города Ростов-на-Дону. МСМ работает с заказчиками по всей России.

Чем поможем:
• Проведём предварительный разбор документов специалиста.
• Подскажем, какие сведения нужно дополнить.
• Поможем подготовить комплект документов и заявление.
• Сопроводим рассмотрение и разберём замечания при их наличии.

Помогаем специалистам строительных, проектных и изыскательских организаций. Если ранее получили отказ, разберём его причины и возможные дальнейшие действия.

Компания МСМ специализируется на лицензировании, саморегулировании и подготовке специалистов. Разберём исходную ситуацию и объясним последовательность действий.

Напишите в чат «НРС»: укажите направление, образование и стаж. Подскажем порядок подготовки документов.";images/nrs.png;;;;NEW_REVIEW;https://nadosro.ru/vnesenie-specialistov-v-nacionalnyj-reestr;DRAFT_NOT_FOR_UPLOAD
mcm-mchs-rostov-na-donu;11;Ростов-на-Дону;Лицензия МЧС;mchs;Лицензия МЧС — помощь в оформлении;"Готовите компанию к получению лицензии МЧС? МСМ сопровождает оформление: от разбора вашей задачи до подготовки документов и взаимодействия по заявлению.

Клиентам из города Ростов-на-Дону. МСМ работает с заказчиками по всей России.

Чем поможем:
• Определим перечень работ, по которым нужна лицензия.
• Поможем собрать документы компании и специалистов.
• Проконсультируем по оборудованию и его документальному оформлению.
• Подготовим к проверке и сопроводим процесс рассмотрения.

Работаем с организациями и ИП в сфере пожарной безопасности. Сначала выясним, какие работы вы планируете выполнять, какие специалисты и оборудование уже есть, затем составим план подготовки.

Компания МСМ специализируется на лицензировании, саморегулировании и подготовке специалистов. Разберём исходную ситуацию и объясним последовательность действий.

Напишите в чат «МЧС» и перечислите планируемые работы. Расскажем, какие документы понадобятся в вашей ситуации.";images/mchs.png;;;;NEW_REVIEW;https://nadosro.ru/license/poluchit-licenziyu-mchs;DRAFT_NOT_FOR_UPLOAD
mcm-giop-rostov-na-donu;11;Ростов-на-Дону;Минкультуры / ГИОП;giop;Лицензия Минкультуры, ГИОП — оформление;"Нужна помощь с лицензией Минкультуры на реставрационные работы? МСМ сопровождает подготовку документов для деятельности по сохранению объектов культурного наследия. Это направление также ищут как «лицензия ГИОП».

Клиентам из города Ростов-на-Дону. МСМ работает с заказчиками по всей России.

Чем поможем:
• Разберём перечень планируемых реставрационных работ.
• Поможем собрать и подготовить документы организации.
• Проконсультируем по квалификации и аттестации специалистов.
• Сопроводим подачу и рассмотрение заявления.

Работаем с компаниями из разных регионов России. Порядок подготовки определяем с учётом выбранных работ, состава специалистов и готовности документов.

Компания МСМ специализируется на лицензировании, саморегулировании и подготовке специалистов. Разберём исходную ситуацию и объясним последовательность действий.

Напишите в чат «ГИОП» и укажите виды работ. Подскажем дальнейшие шаги для вашей компании.";images/giop.png;;;;NEW_REVIEW;https://nadosro.ru/license/licenziya-minkultury;DRAFT_NOT_FOR_UPLOAD
mcm-sro-rostov-na-donu;11;Ростов-на-Дону;СРО — три направления;sro;СРО: строительство, проектирование, изыскания;"Нужно вступить в СРО? МСМ поможет подобрать саморегулируемую организацию и подготовить документы для вашей компании или ИП. Сопровождаем три направления: строительство, проектирование и инженерные изыскания.

Клиентам из города Ростов-на-Дону. МСМ работает с заказчиками по всей России.

Чем поможем:
• Разберём виды работ, регион регистрации и задачи компании.
• Поможем подобрать СРО по нужному направлению.
• Подготовим комплект документов и заявление на вступление.
• Проконсультируем по специалистам НРС и требованиям выбранной СРО.
• Сопроводим рассмотрение документов и разберём замечания.

Строителям помогаем оформить членство в СРО для строительных работ. Проектировщикам — для подготовки проектной документации. Изыскателям — для инженерных изысканий. Если компании нужны несколько направлений, разберём каждое и согласуем общий порядок подготовки.

Компания МСМ специализируется на лицензировании, саморегулировании и подготовке специалистов. Разберём исходную ситуацию и объясним последовательность действий.

Напишите в чат «СРО» и укажите направление, регион регистрации и планируемые работы. Подскажем, какие документы подготовить в первую очередь.";images/sro.png;;;;NEW_REVIEW;https://nadosro.ru/;DRAFT_NOT_FOR_UPLOAD
mcm-nok-krasnodar;12;Краснодар;НОК;nok;НОК НОСТРОЙ / НОПРИЗ — подготовка к экзамену;"Нужно пройти независимую оценку квалификации? МСМ помогает специалистам строительной отрасли подготовиться к экзамену и собрать документы для допуска к НОК.

Клиентам из города Краснодар. МСМ работает с заказчиками по всей России.

Чем поможем:
• Разберём вашу задачу и направление квалификации.
• Поможем собрать и подготовить документы.
• Организуем подготовку к экзамену.
• Сопроводим по организационным вопросам до получения результатов.

Работаем со специалистами по строительству, проектированию и инженерным изысканиям. Подготовка и сопровождение подбираются под вашу квалификацию и текущую ситуацию.

Компания МСМ специализируется на лицензировании, саморегулировании и подготовке специалистов. Разберём исходную ситуацию и объясним последовательность действий.

Напишите в чат «НОК» и укажите вашу специальность, город и желаемый срок прохождения. Подскажем, с чего начать.";images/nok.png;;8219978868;mcm-sankt-peterburg-giop-20260903;UPDATE_REVIEW;https://nadosro.ru/nezavisimaya-oczenka-kvalifikaczii;DRAFT_NOT_FOR_UPLOAD
mcm-nrs-krasnodar;12;Краснодар;НРС;nrs;Включение в НРС НОСТРОЙ / НОПРИЗ — помощь;"Планируете включение специалиста в национальный реестр? МСМ поможет проверить документы и подготовить заявление для НОСТРОЙ или НОПРИЗ.

Клиентам из города Краснодар. МСМ работает с заказчиками по всей России.

Чем поможем:
• Проведём предварительный разбор документов специалиста.
• Подскажем, какие сведения нужно дополнить.
• Поможем подготовить комплект документов и заявление.
• Сопроводим рассмотрение и разберём замечания при их наличии.

Помогаем специалистам строительных, проектных и изыскательских организаций. Если ранее получили отказ, разберём его причины и возможные дальнейшие действия.

Компания МСМ специализируется на лицензировании, саморегулировании и подготовке специалистов. Разберём исходную ситуацию и объясним последовательность действий.

Напишите в чат «НРС»: укажите направление, образование и стаж. Подскажем порядок подготовки документов.";images/nrs.png;;;;NEW_REVIEW;https://nadosro.ru/vnesenie-specialistov-v-nacionalnyj-reestr;DRAFT_NOT_FOR_UPLOAD
mcm-mchs-krasnodar;12;Краснодар;Лицензия МЧС;mchs;Лицензия МЧС — помощь в оформлении;"Готовите компанию к получению лицензии МЧС? МСМ сопровождает оформление: от разбора вашей задачи до подготовки документов и взаимодействия по заявлению.

Клиентам из города Краснодар. МСМ работает с заказчиками по всей России.

Чем поможем:
• Определим перечень работ, по которым нужна лицензия.
• Поможем собрать документы компании и специалистов.
• Проконсультируем по оборудованию и его документальному оформлению.
• Подготовим к проверке и сопроводим процесс рассмотрения.

Работаем с организациями и ИП в сфере пожарной безопасности. Сначала выясним, какие работы вы планируете выполнять, какие специалисты и оборудование уже есть, затем составим план подготовки.

Компания МСМ специализируется на лицензировании, саморегулировании и подготовке специалистов. Разберём исходную ситуацию и объясним последовательность действий.

Напишите в чат «МЧС» и перечислите планируемые работы. Расскажем, какие документы понадобятся в вашей ситуации.";images/mchs.png;;;;NEW_REVIEW;https://nadosro.ru/license/poluchit-licenziyu-mchs;DRAFT_NOT_FOR_UPLOAD
mcm-giop-krasnodar;12;Краснодар;Минкультуры / ГИОП;giop;Лицензия Минкультуры, ГИОП — оформление;"Нужна помощь с лицензией Минкультуры на реставрационные работы? МСМ сопровождает подготовку документов для деятельности по сохранению объектов культурного наследия. Это направление также ищут как «лицензия ГИОП».

Клиентам из города Краснодар. МСМ работает с заказчиками по всей России.

Чем поможем:
• Разберём перечень планируемых реставрационных работ.
• Поможем собрать и подготовить документы организации.
• Проконсультируем по квалификации и аттестации специалистов.
• Сопроводим подачу и рассмотрение заявления.

Работаем с компаниями из разных регионов России. Порядок подготовки определяем с учётом выбранных работ, состава специалистов и готовности документов.

Компания МСМ специализируется на лицензировании, саморегулировании и подготовке специалистов. Разберём исходную ситуацию и объясним последовательность действий.

Напишите в чат «ГИОП» и укажите виды работ. Подскажем дальнейшие шаги для вашей компании.";images/giop.png;;;;NEW_REVIEW;https://nadosro.ru/license/licenziya-minkultury;DRAFT_NOT_FOR_UPLOAD
mcm-sro-krasnodar;12;Краснодар;СРО — три направления;sro;СРО: строительство, проектирование, изыскания;"Нужно вступить в СРО? МСМ поможет подобрать саморегулируемую организацию и подготовить документы для вашей компании или ИП. Сопровождаем три направления: строительство, проектирование и инженерные изыскания.

Клиентам из города Краснодар. МСМ работает с заказчиками по всей России.

Чем поможем:
• Разберём виды работ, регион регистрации и задачи компании.
• Поможем подобрать СРО по нужному направлению.
• Подготовим комплект документов и заявление на вступление.
• Проконсультируем по специалистам НРС и требованиям выбранной СРО.
• Сопроводим рассмотрение документов и разберём замечания.

Строителям помогаем оформить членство в СРО для строительных работ. Проектировщикам — для подготовки проектной документации. Изыскателям — для инженерных изысканий. Если компании нужны несколько направлений, разберём каждое и согласуем общий порядок подготовки.

Компания МСМ специализируется на лицензировании, саморегулировании и подготовке специалистов. Разберём исходную ситуацию и объясним последовательность действий.

Напишите в чат «СРО» и укажите направление, регион регистрации и планируемые работы. Подскажем, какие документы подготовить в первую очередь.";images/sro.png;;;;NEW_REVIEW;https://nadosro.ru/;DRAFT_NOT_FOR_UPLOAD
mcm-nok-omsk;13;Омск;НОК;nok;НОК НОСТРОЙ / НОПРИЗ — подготовка к экзамену;"Нужно пройти независимую оценку квалификации? МСМ помогает специалистам строительной отрасли подготовиться к экзамену и собрать документы для допуска к НОК.

Клиентам из города Омск. МСМ работает с заказчиками по всей России.

Чем поможем:
• Разберём вашу задачу и направление квалификации.
• Поможем собрать и подготовить документы.
• Организуем подготовку к экзамену.
• Сопроводим по организационным вопросам до получения результатов.

Работаем со специалистами по строительству, проектированию и инженерным изысканиям. Подготовка и сопровождение подбираются под вашу квалификацию и текущую ситуацию.

Компания МСМ специализируется на лицензировании, саморегулировании и подготовке специалистов. Разберём исходную ситуацию и объясним последовательность действий.

Напишите в чат «НОК» и укажите вашу специальность, город и желаемый срок прохождения. Подскажем, с чего начать.";images/nok.png;;8254386431;mcm-sankt-peterburg-nrs-20260903;UPDATE_REVIEW;https://nadosro.ru/nezavisimaya-oczenka-kvalifikaczii;DRAFT_NOT_FOR_UPLOAD
mcm-nrs-omsk;13;Омск;НРС;nrs;Включение в НРС НОСТРОЙ / НОПРИЗ — помощь;"Планируете включение специалиста в национальный реестр? МСМ поможет проверить документы и подготовить заявление для НОСТРОЙ или НОПРИЗ.

Клиентам из города Омск. МСМ работает с заказчиками по всей России.

Чем поможем:
• Проведём предварительный разбор документов специалиста.
• Подскажем, какие сведения нужно дополнить.
• Поможем подготовить комплект документов и заявление.
• Сопроводим рассмотрение и разберём замечания при их наличии.

Помогаем специалистам строительных, проектных и изыскательских организаций. Если ранее получили отказ, разберём его причины и возможные дальнейшие действия.

Компания МСМ специализируется на лицензировании, саморегулировании и подготовке специалистов. Разберём исходную ситуацию и объясним последовательность действий.

Напишите в чат «НРС»: укажите направление, образование и стаж. Подскажем порядок подготовки документов.";images/nrs.png;;;;NEW_REVIEW;https://nadosro.ru/vnesenie-specialistov-v-nacionalnyj-reestr;DRAFT_NOT_FOR_UPLOAD
mcm-mchs-omsk;13;Омск;Лицензия МЧС;mchs;Лицензия МЧС — помощь в оформлении;"Готовите компанию к получению лицензии МЧС? МСМ сопровождает оформление: от разбора вашей задачи до подготовки документов и взаимодействия по заявлению.

Клиентам из города Омск. МСМ работает с заказчиками по всей России.

Чем поможем:
• Определим перечень работ, по которым нужна лицензия.
• Поможем собрать документы компании и специалистов.
• Проконсультируем по оборудованию и его документальному оформлению.
• Подготовим к проверке и сопроводим процесс рассмотрения.

Работаем с организациями и ИП в сфере пожарной безопасности. Сначала выясним, какие работы вы планируете выполнять, какие специалисты и оборудование уже есть, затем составим план подготовки.

Компания МСМ специализируется на лицензировании, саморегулировании и подготовке специалистов. Разберём исходную ситуацию и объясним последовательность действий.

Напишите в чат «МЧС» и перечислите планируемые работы. Расскажем, какие документы понадобятся в вашей ситуации.";images/mchs.png;;;;NEW_REVIEW;https://nadosro.ru/license/poluchit-licenziyu-mchs;DRAFT_NOT_FOR_UPLOAD
mcm-giop-omsk;13;Омск;Минкультуры / ГИОП;giop;Лицензия Минкультуры, ГИОП — оформление;"Нужна помощь с лицензией Минкультуры на реставрационные работы? МСМ сопровождает подготовку документов для деятельности по сохранению объектов культурного наследия. Это направление также ищут как «лицензия ГИОП».

Клиентам из города Омск. МСМ работает с заказчиками по всей России.

Чем поможем:
• Разберём перечень планируемых реставрационных работ.
• Поможем собрать и подготовить документы организации.
• Проконсультируем по квалификации и аттестации специалистов.
• Сопроводим подачу и рассмотрение заявления.

Работаем с компаниями из разных регионов России. Порядок подготовки определяем с учётом выбранных работ, состава специалистов и готовности документов.

Компания МСМ специализируется на лицензировании, саморегулировании и подготовке специалистов. Разберём исходную ситуацию и объясним последовательность действий.

Напишите в чат «ГИОП» и укажите виды работ. Подскажем дальнейшие шаги для вашей компании.";images/giop.png;;;;NEW_REVIEW;https://nadosro.ru/license/licenziya-minkultury;DRAFT_NOT_FOR_UPLOAD
mcm-sro-omsk;13;Омск;СРО — три направления;sro;СРО: строительство, проектирование, изыскания;"Нужно вступить в СРО? МСМ поможет подобрать саморегулируемую организацию и подготовить документы для вашей компании или ИП. Сопровождаем три направления: строительство, проектирование и инженерные изыскания.

Клиентам из города Омск. МСМ работает с заказчиками по всей России.

Чем поможем:
• Разберём виды работ, регион регистрации и задачи компании.
• Поможем подобрать СРО по нужному направлению.
• Подготовим комплект документов и заявление на вступление.
• Проконсультируем по специалистам НРС и требованиям выбранной СРО.
• Сопроводим рассмотрение документов и разберём замечания.

Строителям помогаем оформить членство в СРО для строительных работ. Проектировщикам — для подготовки проектной документации. Изыскателям — для инженерных изысканий. Если компании нужны несколько направлений, разберём каждое и согласуем общий порядок подготовки.

Компания МСМ специализируется на лицензировании, саморегулировании и подготовке специалистов. Разберём исходную ситуацию и объясним последовательность действий.

Напишите в чат «СРО» и укажите направление, регион регистрации и планируемые работы. Подскажем, какие документы подготовить в первую очередь.";images/sro.png;;;;NEW_REVIEW;https://nadosro.ru/;DRAFT_NOT_FOR_UPLOAD
mcm-nok-voronezh;14;Воронеж;НОК;nok;НОК НОСТРОЙ / НОПРИЗ — подготовка к экзамену;"Нужно пройти независимую оценку квалификации? МСМ помогает специалистам строительной отрасли подготовиться к экзамену и собрать документы для допуска к НОК.

Клиентам из города Воронеж. МСМ работает с заказчиками по всей России.

Чем поможем:
• Разберём вашу задачу и направление квалификации.
• Поможем собрать и подготовить документы.
• Организуем подготовку к экзамену.
• Сопроводим по организационным вопросам до получения результатов.

Работаем со специалистами по строительству, проектированию и инженерным изысканиям. Подготовка и сопровождение подбираются под вашу квалификацию и текущую ситуацию.

Компания МСМ специализируется на лицензировании, саморегулировании и подготовке специалистов. Разберём исходную ситуацию и объясним последовательность действий.

Напишите в чат «НОК» и укажите вашу специальность, город и желаемый срок прохождения. Подскажем, с чего начать.";images/nok.png;;8355044487;mcm-sankt-peterburg-sro_build-20260903;UPDATE_REVIEW;https://nadosro.ru/nezavisimaya-oczenka-kvalifikaczii;DRAFT_NOT_FOR_UPLOAD
mcm-nrs-voronezh;14;Воронеж;НРС;nrs;Включение в НРС НОСТРОЙ / НОПРИЗ — помощь;"Планируете включение специалиста в национальный реестр? МСМ поможет проверить документы и подготовить заявление для НОСТРОЙ или НОПРИЗ.

Клиентам из города Воронеж. МСМ работает с заказчиками по всей России.

Чем поможем:
• Проведём предварительный разбор документов специалиста.
• Подскажем, какие сведения нужно дополнить.
• Поможем подготовить комплект документов и заявление.
• Сопроводим рассмотрение и разберём замечания при их наличии.

Помогаем специалистам строительных, проектных и изыскательских организаций. Если ранее получили отказ, разберём его причины и возможные дальнейшие действия.

Компания МСМ специализируется на лицензировании, саморегулировании и подготовке специалистов. Разберём исходную ситуацию и объясним последовательность действий.

Напишите в чат «НРС»: укажите направление, образование и стаж. Подскажем порядок подготовки документов.";images/nrs.png;;;;NEW_REVIEW;https://nadosro.ru/vnesenie-specialistov-v-nacionalnyj-reestr;DRAFT_NOT_FOR_UPLOAD
mcm-mchs-voronezh;14;Воронеж;Лицензия МЧС;mchs;Лицензия МЧС — помощь в оформлении;"Готовите компанию к получению лицензии МЧС? МСМ сопровождает оформление: от разбора вашей задачи до подготовки документов и взаимодействия по заявлению.

Клиентам из города Воронеж. МСМ работает с заказчиками по всей России.

Чем поможем:
• Определим перечень работ, по которым нужна лицензия.
• Поможем собрать документы компании и специалистов.
• Проконсультируем по оборудованию и его документальному оформлению.
• Подготовим к проверке и сопроводим процесс рассмотрения.

Работаем с организациями и ИП в сфере пожарной безопасности. Сначала выясним, какие работы вы планируете выполнять, какие специалисты и оборудование уже есть, затем составим план подготовки.

Компания МСМ специализируется на лицензировании, саморегулировании и подготовке специалистов. Разберём исходную ситуацию и объясним последовательность действий.

Напишите в чат «МЧС» и перечислите планируемые работы. Расскажем, какие документы понадобятся в вашей ситуации.";images/mchs.png;;;;NEW_REVIEW;https://nadosro.ru/license/poluchit-licenziyu-mchs;DRAFT_NOT_FOR_UPLOAD
mcm-giop-voronezh;14;Воронеж;Минкультуры / ГИОП;giop;Лицензия Минкультуры, ГИОП — оформление;"Нужна помощь с лицензией Минкультуры на реставрационные работы? МСМ сопровождает подготовку документов для деятельности по сохранению объектов культурного наследия. Это направление также ищут как «лицензия ГИОП».

Клиентам из города Воронеж. МСМ работает с заказчиками по всей России.

Чем поможем:
• Разберём перечень планируемых реставрационных работ.
• Поможем собрать и подготовить документы организации.
• Проконсультируем по квалификации и аттестации специалистов.
• Сопроводим подачу и рассмотрение заявления.

Работаем с компаниями из разных регионов России. Порядок подготовки определяем с учётом выбранных работ, состава специалистов и готовности документов.

Компания МСМ специализируется на лицензировании, саморегулировании и подготовке специалистов. Разберём исходную ситуацию и объясним последовательность действий.

Напишите в чат «ГИОП» и укажите виды работ. Подскажем дальнейшие шаги для вашей компании.";images/giop.png;;;;NEW_REVIEW;https://nadosro.ru/license/licenziya-minkultury;DRAFT_NOT_FOR_UPLOAD
mcm-sro-voronezh;14;Воронеж;СРО — три направления;sro;СРО: строительство, проектирование, изыскания;"Нужно вступить в СРО? МСМ поможет подобрать саморегулируемую организацию и подготовить документы для вашей компании или ИП. Сопровождаем три направления: строительство, проектирование и инженерные изыскания.

Клиентам из города Воронеж. МСМ работает с заказчиками по всей России.

Чем поможем:
• Разберём виды работ, регион регистрации и задачи компании.
• Поможем подобрать СРО по нужному направлению.
• Подготовим комплект документов и заявление на вступление.
• Проконсультируем по специалистам НРС и требованиям выбранной СРО.
• Сопроводим рассмотрение документов и разберём замечания.

Строителям помогаем оформить членство в СРО для строительных работ. Проектировщикам — для подготовки проектной документации. Изыскателям — для инженерных изысканий. Если компании нужны несколько направлений, разберём каждое и согласуем общий порядок подготовки.

Компания МСМ специализируется на лицензировании, саморегулировании и подготовке специалистов. Разберём исходную ситуацию и объясним последовательность действий.

Напишите в чат «СРО» и укажите направление, регион регистрации и планируемые работы. Подскажем, какие документы подготовить в первую очередь.";images/sro.png;;;;NEW_REVIEW;https://nadosro.ru/;DRAFT_NOT_FOR_UPLOAD
mcm-nok-perm;15;Пермь;НОК;nok;НОК НОСТРОЙ / НОПРИЗ — подготовка к экзамену;"Нужно пройти независимую оценку квалификации? МСМ помогает специалистам строительной отрасли подготовиться к экзамену и собрать документы для допуска к НОК.

Клиентам из города Пермь. МСМ работает с заказчиками по всей России.

Чем поможем:
• Разберём вашу задачу и направление квалификации.
• Поможем собрать и подготовить документы.
• Организуем подготовку к экзамену.
• Сопроводим по организационным вопросам до получения результатов.

Работаем со специалистами по строительству, проектированию и инженерным изысканиям. Подготовка и сопровождение подбираются под вашу квалификацию и текущую ситуацию.

Компания МСМ специализируется на лицензировании, саморегулировании и подготовке специалистов. Разберём исходную ситуацию и объясним последовательность действий.

Напишите в чат «НОК» и укажите вашу специальность, город и желаемый срок прохождения. Подскажем, с чего начать.";images/nok.png;;8362299842;mcm-perm-fsb-20260903;UPDATE_REVIEW;https://nadosro.ru/nezavisimaya-oczenka-kvalifikaczii;DRAFT_NOT_FOR_UPLOAD
mcm-nrs-perm;15;Пермь;НРС;nrs;Включение в НРС НОСТРОЙ / НОПРИЗ — помощь;"Планируете включение специалиста в национальный реестр? МСМ поможет проверить документы и подготовить заявление для НОСТРОЙ или НОПРИЗ.

Клиентам из города Пермь. МСМ работает с заказчиками по всей России.

Чем поможем:
• Проведём предварительный разбор документов специалиста.
• Подскажем, какие сведения нужно дополнить.
• Поможем подготовить комплект документов и заявление.
• Сопроводим рассмотрение и разберём замечания при их наличии.

Помогаем специалистам строительных, проектных и изыскательских организаций. Если ранее получили отказ, разберём его причины и возможные дальнейшие действия.

Компания МСМ специализируется на лицензировании, саморегулировании и подготовке специалистов. Разберём исходную ситуацию и объясним последовательность действий.

Напишите в чат «НРС»: укажите направление, образование и стаж. Подскажем порядок подготовки документов.";images/nrs.png;;;;NEW_REVIEW;https://nadosro.ru/vnesenie-specialistov-v-nacionalnyj-reestr;DRAFT_NOT_FOR_UPLOAD
mcm-mchs-perm;15;Пермь;Лицензия МЧС;mchs;Лицензия МЧС — помощь в оформлении;"Готовите компанию к получению лицензии МЧС? МСМ сопровождает оформление: от разбора вашей задачи до подготовки документов и взаимодействия по заявлению.

Клиентам из города Пермь. МСМ работает с заказчиками по всей России.

Чем поможем:
• Определим перечень работ, по которым нужна лицензия.
• Поможем собрать документы компании и специалистов.
• Проконсультируем по оборудованию и его документальному оформлению.
• Подготовим к проверке и сопроводим процесс рассмотрения.

Работаем с организациями и ИП в сфере пожарной безопасности. Сначала выясним, какие работы вы планируете выполнять, какие специалисты и оборудование уже есть, затем составим план подготовки.

Компания МСМ специализируется на лицензировании, саморегулировании и подготовке специалистов. Разберём исходную ситуацию и объясним последовательность действий.

Напишите в чат «МЧС» и перечислите планируемые работы. Расскажем, какие документы понадобятся в вашей ситуации.";images/mchs.png;;;;NEW_REVIEW;https://nadosro.ru/license/poluchit-licenziyu-mchs;DRAFT_NOT_FOR_UPLOAD
mcm-giop-perm;15;Пермь;Минкультуры / ГИОП;giop;Лицензия Минкультуры, ГИОП — оформление;"Нужна помощь с лицензией Минкультуры на реставрационные работы? МСМ сопровождает подготовку документов для деятельности по сохранению объектов культурного наследия. Это направление также ищут как «лицензия ГИОП».

Клиентам из города Пермь. МСМ работает с заказчиками по всей России.

Чем поможем:
• Разберём перечень планируемых реставрационных работ.
• Поможем собрать и подготовить документы организации.
• Проконсультируем по квалификации и аттестации специалистов.
• Сопроводим подачу и рассмотрение заявления.

Работаем с компаниями из разных регионов России. Порядок подготовки определяем с учётом выбранных работ, состава специалистов и готовности документов.

Компания МСМ специализируется на лицензировании, саморегулировании и подготовке специалистов. Разберём исходную ситуацию и объясним последовательность действий.

Напишите в чат «ГИОП» и укажите виды работ. Подскажем дальнейшие шаги для вашей компании.";images/giop.png;;;;NEW_REVIEW;https://nadosro.ru/license/licenziya-minkultury;DRAFT_NOT_FOR_UPLOAD
mcm-sro-perm;15;Пермь;СРО — три направления;sro;СРО: строительство, проектирование, изыскания;"Нужно вступить в СРО? МСМ поможет подобрать саморегулируемую организацию и подготовить документы для вашей компании или ИП. Сопровождаем три направления: строительство, проектирование и инженерные изыскания.

Клиентам из города Пермь. МСМ работает с заказчиками по всей России.

Чем поможем:
• Разберём виды работ, регион регистрации и задачи компании.
• Поможем подобрать СРО по нужному направлению.
• Подготовим комплект документов и заявление на вступление.
• Проконсультируем по специалистам НРС и требованиям выбранной СРО.
• Сопроводим рассмотрение документов и разберём замечания.

Строителям помогаем оформить членство в СРО для строительных работ. Проектировщикам — для подготовки проектной документации. Изыскателям — для инженерных изысканий. Если компании нужны несколько направлений, разберём каждое и согласуем общий порядок подготовки.

Компания МСМ специализируется на лицензировании, саморегулировании и подготовке специалистов. Разберём исходную ситуацию и объясним последовательность действий.

Напишите в чат «СРО» и укажите направление, регион регистрации и планируемые работы. Подскажем, какие документы подготовить в первую очередь.";images/sro.png;;;;NEW_REVIEW;https://nadosro.ru/;DRAFT_NOT_FOR_UPLOAD
mcm-nok-volgograd;16;Волгоград;НОК;nok;НОК НОСТРОЙ / НОПРИЗ — подготовка к экзамену;"Нужно пройти независимую оценку квалификации? МСМ помогает специалистам строительной отрасли подготовиться к экзамену и собрать документы для допуска к НОК.

Клиентам из города Волгоград. МСМ работает с заказчиками по всей России.

Чем поможем:
• Разберём вашу задачу и направление квалификации.
• Поможем собрать и подготовить документы.
• Организуем подготовку к экзамену.
• Сопроводим по организационным вопросам до получения результатов.

Работаем со специалистами по строительству, проектированию и инженерным изысканиям. Подготовка и сопровождение подбираются под вашу квалификацию и текущую ситуацию.

Компания МСМ специализируется на лицензировании, саморегулировании и подготовке специалистов. Разберём исходную ситуацию и объясним последовательность действий.

Напишите в чат «НОК» и укажите вашу специальность, город и желаемый срок прохождения. Подскажем, с чего начать.";images/nok.png;;8357787554;mcm-saratov-mchs-20260903;UPDATE_REVIEW;https://nadosro.ru/nezavisimaya-oczenka-kvalifikaczii;DRAFT_NOT_FOR_UPLOAD
mcm-nrs-volgograd;16;Волгоград;НРС;nrs;Включение в НРС НОСТРОЙ / НОПРИЗ — помощь;"Планируете включение специалиста в национальный реестр? МСМ поможет проверить документы и подготовить заявление для НОСТРОЙ или НОПРИЗ.

Клиентам из города Волгоград. МСМ работает с заказчиками по всей России.

Чем поможем:
• Проведём предварительный разбор документов специалиста.
• Подскажем, какие сведения нужно дополнить.
• Поможем подготовить комплект документов и заявление.
• Сопроводим рассмотрение и разберём замечания при их наличии.

Помогаем специалистам строительных, проектных и изыскательских организаций. Если ранее получили отказ, разберём его причины и возможные дальнейшие действия.

Компания МСМ специализируется на лицензировании, саморегулировании и подготовке специалистов. Разберём исходную ситуацию и объясним последовательность действий.

Напишите в чат «НРС»: укажите направление, образование и стаж. Подскажем порядок подготовки документов.";images/nrs.png;;;;NEW_REVIEW;https://nadosro.ru/vnesenie-specialistov-v-nacionalnyj-reestr;DRAFT_NOT_FOR_UPLOAD
mcm-mchs-volgograd;16;Волгоград;Лицензия МЧС;mchs;Лицензия МЧС — помощь в оформлении;"Готовите компанию к получению лицензии МЧС? МСМ сопровождает оформление: от разбора вашей задачи до подготовки документов и взаимодействия по заявлению.

Клиентам из города Волгоград. МСМ работает с заказчиками по всей России.

Чем поможем:
• Определим перечень работ, по которым нужна лицензия.
• Поможем собрать документы компании и специалистов.
• Проконсультируем по оборудованию и его документальному оформлению.
• Подготовим к проверке и сопроводим процесс рассмотрения.

Работаем с организациями и ИП в сфере пожарной безопасности. Сначала выясним, какие работы вы планируете выполнять, какие специалисты и оборудование уже есть, затем составим план подготовки.

Компания МСМ специализируется на лицензировании, саморегулировании и подготовке специалистов. Разберём исходную ситуацию и объясним последовательность действий.

Напишите в чат «МЧС» и перечислите планируемые работы. Расскажем, какие документы понадобятся в вашей ситуации.";images/mchs.png;;;;NEW_REVIEW;https://nadosro.ru/license/poluchit-licenziyu-mchs;DRAFT_NOT_FOR_UPLOAD
mcm-giop-volgograd;16;Волгоград;Минкультуры / ГИОП;giop;Лицензия Минкультуры, ГИОП — оформление;"Нужна помощь с лицензией Минкультуры на реставрационные работы? МСМ сопровождает подготовку документов для деятельности по сохранению объектов культурного наследия. Это направление также ищут как «лицензия ГИОП».

Клиентам из города Волгоград. МСМ работает с заказчиками по всей России.

Чем поможем:
• Разберём перечень планируемых реставрационных работ.
• Поможем собрать и подготовить документы организации.
• Проконсультируем по квалификации и аттестации специалистов.
• Сопроводим подачу и рассмотрение заявления.

Работаем с компаниями из разных регионов России. Порядок подготовки определяем с учётом выбранных работ, состава специалистов и готовности документов.

Компания МСМ специализируется на лицензировании, саморегулировании и подготовке специалистов. Разберём исходную ситуацию и объясним последовательность действий.

Напишите в чат «ГИОП» и укажите виды работ. Подскажем дальнейшие шаги для вашей компании.";images/giop.png;;;;NEW_REVIEW;https://nadosro.ru/license/licenziya-minkultury;DRAFT_NOT_FOR_UPLOAD
mcm-sro-volgograd;16;Волгоград;СРО — три направления;sro;СРО: строительство, проектирование, изыскания;"Нужно вступить в СРО? МСМ поможет подобрать саморегулируемую организацию и подготовить документы для вашей компании или ИП. Сопровождаем три направления: строительство, проектирование и инженерные изыскания.

Клиентам из города Волгоград. МСМ работает с заказчиками по всей России.

Чем поможем:
• Разберём виды работ, регион регистрации и задачи компании.
• Поможем подобрать СРО по нужному направлению.
• Подготовим комплект документов и заявление на вступление.
• Проконсультируем по специалистам НРС и требованиям выбранной СРО.
• Сопроводим рассмотрение документов и разберём замечания.

Строителям помогаем оформить членство в СРО для строительных работ. Проектировщикам — для подготовки проектной документации. Изыскателям — для инженерных изысканий. Если компании нужны несколько направлений, разберём каждое и согласуем общий порядок подготовки.

Компания МСМ специализируется на лицензировании, саморегулировании и подготовке специалистов. Разберём исходную ситуацию и объясним последовательность действий.

Напишите в чат «СРО» и укажите направление, регион регистрации и планируемые работы. Подскажем, какие документы подготовить в первую очередь.";images/sro.png;;;;NEW_REVIEW;https://nadosro.ru/;DRAFT_NOT_FOR_UPLOAD
mcm-nok-saratov;17;Саратов;НОК;nok;НОК НОСТРОЙ / НОПРИЗ — подготовка к экзамену;"Нужно пройти независимую оценку квалификации? МСМ помогает специалистам строительной отрасли подготовиться к экзамену и собрать документы для допуска к НОК.

Клиентам из города Саратов. МСМ работает с заказчиками по всей России.

Чем поможем:
• Разберём вашу задачу и направление квалификации.
• Поможем собрать и подготовить документы.
• Организуем подготовку к экзамену.
• Сопроводим по организационным вопросам до получения результатов.

Работаем со специалистами по строительству, проектированию и инженерным изысканиям. Подготовка и сопровождение подбираются под вашу квалификацию и текущую ситуацию.

Компания МСМ специализируется на лицензировании, саморегулировании и подготовке специалистов. Разберём исходную ситуацию и объясним последовательность действий.

Напишите в чат «НОК» и укажите вашу специальность, город и желаемый срок прохождения. Подскажем, с чего начать.";images/nok.png;;8363277246;mcm-saratov-sro_build-20260903;UPDATE_REVIEW;https://nadosro.ru/nezavisimaya-oczenka-kvalifikaczii;DRAFT_NOT_FOR_UPLOAD
mcm-nrs-saratov;17;Саратов;НРС;nrs;Включение в НРС НОСТРОЙ / НОПРИЗ — помощь;"Планируете включение специалиста в национальный реестр? МСМ поможет проверить документы и подготовить заявление для НОСТРОЙ или НОПРИЗ.

Клиентам из города Саратов. МСМ работает с заказчиками по всей России.

Чем поможем:
• Проведём предварительный разбор документов специалиста.
• Подскажем, какие сведения нужно дополнить.
• Поможем подготовить комплект документов и заявление.
• Сопроводим рассмотрение и разберём замечания при их наличии.

Помогаем специалистам строительных, проектных и изыскательских организаций. Если ранее получили отказ, разберём его причины и возможные дальнейшие действия.

Компания МСМ специализируется на лицензировании, саморегулировании и подготовке специалистов. Разберём исходную ситуацию и объясним последовательность действий.

Напишите в чат «НРС»: укажите направление, образование и стаж. Подскажем порядок подготовки документов.";images/nrs.png;;;;NEW_REVIEW;https://nadosro.ru/vnesenie-specialistov-v-nacionalnyj-reestr;DRAFT_NOT_FOR_UPLOAD
mcm-mchs-saratov;17;Саратов;Лицензия МЧС;mchs;Лицензия МЧС — помощь в оформлении;"Готовите компанию к получению лицензии МЧС? МСМ сопровождает оформление: от разбора вашей задачи до подготовки документов и взаимодействия по заявлению.

Клиентам из города Саратов. МСМ работает с заказчиками по всей России.

Чем поможем:
• Определим перечень работ, по которым нужна лицензия.
• Поможем собрать документы компании и специалистов.
• Проконсультируем по оборудованию и его документальному оформлению.
• Подготовим к проверке и сопроводим процесс рассмотрения.

Работаем с организациями и ИП в сфере пожарной безопасности. Сначала выясним, какие работы вы планируете выполнять, какие специалисты и оборудование уже есть, затем составим план подготовки.

Компания МСМ специализируется на лицензировании, саморегулировании и подготовке специалистов. Разберём исходную ситуацию и объясним последовательность действий.

Напишите в чат «МЧС» и перечислите планируемые работы. Расскажем, какие документы понадобятся в вашей ситуации.";images/mchs.png;;;;NEW_REVIEW;https://nadosro.ru/license/poluchit-licenziyu-mchs;DRAFT_NOT_FOR_UPLOAD
mcm-giop-saratov;17;Саратов;Минкультуры / ГИОП;giop;Лицензия Минкультуры, ГИОП — оформление;"Нужна помощь с лицензией Минкультуры на реставрационные работы? МСМ сопровождает подготовку документов для деятельности по сохранению объектов культурного наследия. Это направление также ищут как «лицензия ГИОП».

Клиентам из города Саратов. МСМ работает с заказчиками по всей России.

Чем поможем:
• Разберём перечень планируемых реставрационных работ.
• Поможем собрать и подготовить документы организации.
• Проконсультируем по квалификации и аттестации специалистов.
• Сопроводим подачу и рассмотрение заявления.

Работаем с компаниями из разных регионов России. Порядок подготовки определяем с учётом выбранных работ, состава специалистов и готовности документов.

Компания МСМ специализируется на лицензировании, саморегулировании и подготовке специалистов. Разберём исходную ситуацию и объясним последовательность действий.

Напишите в чат «ГИОП» и укажите виды работ. Подскажем дальнейшие шаги для вашей компании.";images/giop.png;;;;NEW_REVIEW;https://nadosro.ru/license/licenziya-minkultury;DRAFT_NOT_FOR_UPLOAD
mcm-sro-saratov;17;Саратов;СРО — три направления;sro;СРО: строительство, проектирование, изыскания;"Нужно вступить в СРО? МСМ поможет подобрать саморегулируемую организацию и подготовить документы для вашей компании или ИП. Сопровождаем три направления: строительство, проектирование и инженерные изыскания.

Клиентам из города Саратов. МСМ работает с заказчиками по всей России.

Чем поможем:
• Разберём виды работ, регион регистрации и задачи компании.
• Поможем подобрать СРО по нужному направлению.
• Подготовим комплект документов и заявление на вступление.
• Проконсультируем по специалистам НРС и требованиям выбранной СРО.
• Сопроводим рассмотрение документов и разберём замечания.

Строителям помогаем оформить членство в СРО для строительных работ. Проектировщикам — для подготовки проектной документации. Изыскателям — для инженерных изысканий. Если компании нужны несколько направлений, разберём каждое и согласуем общий порядок подготовки.

Компания МСМ специализируется на лицензировании, саморегулировании и подготовке специалистов. Разберём исходную ситуацию и объясним последовательность действий.

Напишите в чат «СРО» и укажите направление, регион регистрации и планируемые работы. Подскажем, какие документы подготовить в первую очередь.";images/sro.png;;;;NEW_REVIEW;https://nadosro.ru/;DRAFT_NOT_FOR_UPLOAD
mcm-nok-tyumen;18;Тюмень;НОК;nok;НОК НОСТРОЙ / НОПРИЗ — подготовка к экзамену;"Нужно пройти независимую оценку квалификации? МСМ помогает специалистам строительной отрасли подготовиться к экзамену и собрать документы для допуска к НОК.

Клиентам из города Тюмень. МСМ работает с заказчиками по всей России.

Чем поможем:
• Разберём вашу задачу и направление квалификации.
• Поможем собрать и подготовить документы.
• Организуем подготовку к экзамену.
• Сопроводим по организационным вопросам до получения результатов.

Работаем со специалистами по строительству, проектированию и инженерным изысканиям. Подготовка и сопровождение подбираются под вашу квалификацию и текущую ситуацию.

Компания МСМ специализируется на лицензировании, саморегулировании и подготовке специалистов. Разберём исходную ситуацию и объясним последовательность действий.

Напишите в чат «НОК» и укажите вашу специальность, город и желаемый срок прохождения. Подскажем, с чего начать.";images/nok.png;;8417785327;mcm-tyumen-sro_project-20260903;UPDATE_REVIEW;https://nadosro.ru/nezavisimaya-oczenka-kvalifikaczii;DRAFT_NOT_FOR_UPLOAD
mcm-nrs-tyumen;18;Тюмень;НРС;nrs;Включение в НРС НОСТРОЙ / НОПРИЗ — помощь;"Планируете включение специалиста в национальный реестр? МСМ поможет проверить документы и подготовить заявление для НОСТРОЙ или НОПРИЗ.

Клиентам из города Тюмень. МСМ работает с заказчиками по всей России.

Чем поможем:
• Проведём предварительный разбор документов специалиста.
• Подскажем, какие сведения нужно дополнить.
• Поможем подготовить комплект документов и заявление.
• Сопроводим рассмотрение и разберём замечания при их наличии.

Помогаем специалистам строительных, проектных и изыскательских организаций. Если ранее получили отказ, разберём его причины и возможные дальнейшие действия.

Компания МСМ специализируется на лицензировании, саморегулировании и подготовке специалистов. Разберём исходную ситуацию и объясним последовательность действий.

Напишите в чат «НРС»: укажите направление, образование и стаж. Подскажем порядок подготовки документов.";images/nrs.png;;;;NEW_REVIEW;https://nadosro.ru/vnesenie-specialistov-v-nacionalnyj-reestr;DRAFT_NOT_FOR_UPLOAD
mcm-mchs-tyumen;18;Тюмень;Лицензия МЧС;mchs;Лицензия МЧС — помощь в оформлении;"Готовите компанию к получению лицензии МЧС? МСМ сопровождает оформление: от разбора вашей задачи до подготовки документов и взаимодействия по заявлению.

Клиентам из города Тюмень. МСМ работает с заказчиками по всей России.

Чем поможем:
• Определим перечень работ, по которым нужна лицензия.
• Поможем собрать документы компании и специалистов.
• Проконсультируем по оборудованию и его документальному оформлению.
• Подготовим к проверке и сопроводим процесс рассмотрения.

Работаем с организациями и ИП в сфере пожарной безопасности. Сначала выясним, какие работы вы планируете выполнять, какие специалисты и оборудование уже есть, затем составим план подготовки.

Компания МСМ специализируется на лицензировании, саморегулировании и подготовке специалистов. Разберём исходную ситуацию и объясним последовательность действий.

Напишите в чат «МЧС» и перечислите планируемые работы. Расскажем, какие документы понадобятся в вашей ситуации.";images/mchs.png;;;;NEW_REVIEW;https://nadosro.ru/license/poluchit-licenziyu-mchs;DRAFT_NOT_FOR_UPLOAD
mcm-giop-tyumen;18;Тюмень;Минкультуры / ГИОП;giop;Лицензия Минкультуры, ГИОП — оформление;"Нужна помощь с лицензией Минкультуры на реставрационные работы? МСМ сопровождает подготовку документов для деятельности по сохранению объектов культурного наследия. Это направление также ищут как «лицензия ГИОП».

Клиентам из города Тюмень. МСМ работает с заказчиками по всей России.

Чем поможем:
• Разберём перечень планируемых реставрационных работ.
• Поможем собрать и подготовить документы организации.
• Проконсультируем по квалификации и аттестации специалистов.
• Сопроводим подачу и рассмотрение заявления.

Работаем с компаниями из разных регионов России. Порядок подготовки определяем с учётом выбранных работ, состава специалистов и готовности документов.

Компания МСМ специализируется на лицензировании, саморегулировании и подготовке специалистов. Разберём исходную ситуацию и объясним последовательность действий.

Напишите в чат «ГИОП» и укажите виды работ. Подскажем дальнейшие шаги для вашей компании.";images/giop.png;;;;NEW_REVIEW;https://nadosro.ru/license/licenziya-minkultury;DRAFT_NOT_FOR_UPLOAD
mcm-sro-tyumen;18;Тюмень;СРО — три направления;sro;СРО: строительство, проектирование, изыскания;"Нужно вступить в СРО? МСМ поможет подобрать саморегулируемую организацию и подготовить документы для вашей компании или ИП. Сопровождаем три направления: строительство, проектирование и инженерные изыскания.

Клиентам из города Тюмень. МСМ работает с заказчиками по всей России.

Чем поможем:
• Разберём виды работ, регион регистрации и задачи компании.
• Поможем подобрать СРО по нужному направлению.
• Подготовим комплект документов и заявление на вступление.
• Проконсультируем по специалистам НРС и требованиям выбранной СРО.
• Сопроводим рассмотрение документов и разберём замечания.

Строителям помогаем оформить членство в СРО для строительных работ. Проектировщикам — для подготовки проектной документации. Изыскателям — для инженерных изысканий. Если компании нужны несколько направлений, разберём каждое и согласуем общий порядок подготовки.

Компания МСМ специализируется на лицензировании, саморегулировании и подготовке специалистов. Разберём исходную ситуацию и объясним последовательность действий.

Напишите в чат «СРО» и укажите направление, регион регистрации и планируемые работы. Подскажем, какие документы подготовить в первую очередь.";images/sro.png;;;;NEW_REVIEW;https://nadosro.ru/;DRAFT_NOT_FOR_UPLOAD
mcm-nok-tolyatti;19;Тольятти;НОК;nok;НОК НОСТРОЙ / НОПРИЗ — подготовка к экзамену;"Нужно пройти независимую оценку квалификации? МСМ помогает специалистам строительной отрасли подготовиться к экзамену и собрать документы для допуска к НОК.

Клиентам из города Тольятти. МСМ работает с заказчиками по всей России.

Чем поможем:
• Разберём вашу задачу и направление квалификации.
• Поможем собрать и подготовить документы.
• Организуем подготовку к экзамену.
• Сопроводим по организационным вопросам до получения результатов.

Работаем со специалистами по строительству, проектированию и инженерным изысканиям. Подготовка и сопровождение подбираются под вашу квалификацию и текущую ситуацию.

Компания МСМ специализируется на лицензировании, саморегулировании и подготовке специалистов. Разберём исходную ситуацию и объясним последовательность действий.

Напишите в чат «НОК» и укажите вашу специальность, город и желаемый срок прохождения. Подскажем, с чего начать.";images/nok.png;;8309677541;mcm-tolyatti-fsb-20260903;UPDATE_REVIEW;https://nadosro.ru/nezavisimaya-oczenka-kvalifikaczii;DRAFT_NOT_FOR_UPLOAD
mcm-nrs-tolyatti;19;Тольятти;НРС;nrs;Включение в НРС НОСТРОЙ / НОПРИЗ — помощь;"Планируете включение специалиста в национальный реестр? МСМ поможет проверить документы и подготовить заявление для НОСТРОЙ или НОПРИЗ.

Клиентам из города Тольятти. МСМ работает с заказчиками по всей России.

Чем поможем:
• Проведём предварительный разбор документов специалиста.
• Подскажем, какие сведения нужно дополнить.
• Поможем подготовить комплект документов и заявление.
• Сопроводим рассмотрение и разберём замечания при их наличии.

Помогаем специалистам строительных, проектных и изыскательских организаций. Если ранее получили отказ, разберём его причины и возможные дальнейшие действия.

Компания МСМ специализируется на лицензировании, саморегулировании и подготовке специалистов. Разберём исходную ситуацию и объясним последовательность действий.

Напишите в чат «НРС»: укажите направление, образование и стаж. Подскажем порядок подготовки документов.";images/nrs.png;;;;NEW_REVIEW;https://nadosro.ru/vnesenie-specialistov-v-nacionalnyj-reestr;DRAFT_NOT_FOR_UPLOAD
mcm-mchs-tolyatti;19;Тольятти;Лицензия МЧС;mchs;Лицензия МЧС — помощь в оформлении;"Готовите компанию к получению лицензии МЧС? МСМ сопровождает оформление: от разбора вашей задачи до подготовки документов и взаимодействия по заявлению.

Клиентам из города Тольятти. МСМ работает с заказчиками по всей России.

Чем поможем:
• Определим перечень работ, по которым нужна лицензия.
• Поможем собрать документы компании и специалистов.
• Проконсультируем по оборудованию и его документальному оформлению.
• Подготовим к проверке и сопроводим процесс рассмотрения.

Работаем с организациями и ИП в сфере пожарной безопасности. Сначала выясним, какие работы вы планируете выполнять, какие специалисты и оборудование уже есть, затем составим план подготовки.

Компания МСМ специализируется на лицензировании, саморегулировании и подготовке специалистов. Разберём исходную ситуацию и объясним последовательность действий.

Напишите в чат «МЧС» и перечислите планируемые работы. Расскажем, какие документы понадобятся в вашей ситуации.";images/mchs.png;;;;NEW_REVIEW;https://nadosro.ru/license/poluchit-licenziyu-mchs;DRAFT_NOT_FOR_UPLOAD
mcm-giop-tolyatti;19;Тольятти;Минкультуры / ГИОП;giop;Лицензия Минкультуры, ГИОП — оформление;"Нужна помощь с лицензией Минкультуры на реставрационные работы? МСМ сопровождает подготовку документов для деятельности по сохранению объектов культурного наследия. Это направление также ищут как «лицензия ГИОП».

Клиентам из города Тольятти. МСМ работает с заказчиками по всей России.

Чем поможем:
• Разберём перечень планируемых реставрационных работ.
• Поможем собрать и подготовить документы организации.
• Проконсультируем по квалификации и аттестации специалистов.
• Сопроводим подачу и рассмотрение заявления.

Работаем с компаниями из разных регионов России. Порядок подготовки определяем с учётом выбранных работ, состава специалистов и готовности документов.

Компания МСМ специализируется на лицензировании, саморегулировании и подготовке специалистов. Разберём исходную ситуацию и объясним последовательность действий.

Напишите в чат «ГИОП» и укажите виды работ. Подскажем дальнейшие шаги для вашей компании.";images/giop.png;;;;NEW_REVIEW;https://nadosro.ru/license/licenziya-minkultury;DRAFT_NOT_FOR_UPLOAD
mcm-sro-tolyatti;19;Тольятти;СРО — три направления;sro;СРО: строительство, проектирование, изыскания;"Нужно вступить в СРО? МСМ поможет подобрать саморегулируемую организацию и подготовить документы для вашей компании или ИП. Сопровождаем три направления: строительство, проектирование и инженерные изыскания.

Клиентам из города Тольятти. МСМ работает с заказчиками по всей России.

Чем поможем:
• Разберём виды работ, регион регистрации и задачи компании.
• Поможем подобрать СРО по нужному направлению.
• Подготовим комплект документов и заявление на вступление.
• Проконсультируем по специалистам НРС и требованиям выбранной СРО.
• Сопроводим рассмотрение документов и разберём замечания.

Строителям помогаем оформить членство в СРО для строительных работ. Проектировщикам — для подготовки проектной документации. Изыскателям — для инженерных изысканий. Если компании нужны несколько направлений, разберём каждое и согласуем общий порядок подготовки.

Компания МСМ специализируется на лицензировании, саморегулировании и подготовке специалистов. Разберём исходную ситуацию и объясним последовательность действий.

Напишите в чат «СРО» и укажите направление, регион регистрации и планируемые работы. Подскажем, какие документы подготовить в первую очередь.";images/sro.png;;;;NEW_REVIEW;https://nadosro.ru/;DRAFT_NOT_FOR_UPLOAD
mcm-nok-mahachkala;20;Махачкала;НОК;nok;НОК НОСТРОЙ / НОПРИЗ — подготовка к экзамену;"Нужно пройти независимую оценку квалификации? МСМ помогает специалистам строительной отрасли подготовиться к экзамену и собрать документы для допуска к НОК.

Клиентам из города Махачкала. МСМ работает с заказчиками по всей России.

Чем поможем:
• Разберём вашу задачу и направление квалификации.
• Поможем собрать и подготовить документы.
• Организуем подготовку к экзамену.
• Сопроводим по организационным вопросам до получения результатов.

Работаем со специалистами по строительству, проектированию и инженерным изысканиям. Подготовка и сопровождение подбираются под вашу квалификацию и текущую ситуацию.

Компания МСМ специализируется на лицензировании, саморегулировании и подготовке специалистов. Разберём исходную ситуацию и объясним последовательность действий.

Напишите в чат «НОК» и укажите вашу специальность, город и желаемый срок прохождения. Подскажем, с чего начать.";images/nok.png;;8294587683;mcm-saratov-sro_project-20260903;UPDATE_REVIEW;https://nadosro.ru/nezavisimaya-oczenka-kvalifikaczii;DRAFT_NOT_FOR_UPLOAD
mcm-nrs-mahachkala;20;Махачкала;НРС;nrs;Включение в НРС НОСТРОЙ / НОПРИЗ — помощь;"Планируете включение специалиста в национальный реестр? МСМ поможет проверить документы и подготовить заявление для НОСТРОЙ или НОПРИЗ.

Клиентам из города Махачкала. МСМ работает с заказчиками по всей России.

Чем поможем:
• Проведём предварительный разбор документов специалиста.
• Подскажем, какие сведения нужно дополнить.
• Поможем подготовить комплект документов и заявление.
• Сопроводим рассмотрение и разберём замечания при их наличии.

Помогаем специалистам строительных, проектных и изыскательских организаций. Если ранее получили отказ, разберём его причины и возможные дальнейшие действия.

Компания МСМ специализируется на лицензировании, саморегулировании и подготовке специалистов. Разберём исходную ситуацию и объясним последовательность действий.

Напишите в чат «НРС»: укажите направление, образование и стаж. Подскажем порядок подготовки документов.";images/nrs.png;;;;NEW_REVIEW;https://nadosro.ru/vnesenie-specialistov-v-nacionalnyj-reestr;DRAFT_NOT_FOR_UPLOAD
mcm-mchs-mahachkala;20;Махачкала;Лицензия МЧС;mchs;Лицензия МЧС — помощь в оформлении;"Готовите компанию к получению лицензии МЧС? МСМ сопровождает оформление: от разбора вашей задачи до подготовки документов и взаимодействия по заявлению.

Клиентам из города Махачкала. МСМ работает с заказчиками по всей России.

Чем поможем:
• Определим перечень работ, по которым нужна лицензия.
• Поможем собрать документы компании и специалистов.
• Проконсультируем по оборудованию и его документальному оформлению.
• Подготовим к проверке и сопроводим процесс рассмотрения.

Работаем с организациями и ИП в сфере пожарной безопасности. Сначала выясним, какие работы вы планируете выполнять, какие специалисты и оборудование уже есть, затем составим план подготовки.

Компания МСМ специализируется на лицензировании, саморегулировании и подготовке специалистов. Разберём исходную ситуацию и объясним последовательность действий.

Напишите в чат «МЧС» и перечислите планируемые работы. Расскажем, какие документы понадобятся в вашей ситуации.";images/mchs.png;;;;NEW_REVIEW;https://nadosro.ru/license/poluchit-licenziyu-mchs;DRAFT_NOT_FOR_UPLOAD
mcm-giop-mahachkala;20;Махачкала;Минкультуры / ГИОП;giop;Лицензия Минкультуры, ГИОП — оформление;"Нужна помощь с лицензией Минкультуры на реставрационные работы? МСМ сопровождает подготовку документов для деятельности по сохранению объектов культурного наследия. Это направление также ищут как «лицензия ГИОП».

Клиентам из города Махачкала. МСМ работает с заказчиками по всей России.

Чем поможем:
• Разберём перечень планируемых реставрационных работ.
• Поможем собрать и подготовить документы организации.
• Проконсультируем по квалификации и аттестации специалистов.
• Сопроводим подачу и рассмотрение заявления.

Работаем с компаниями из разных регионов России. Порядок подготовки определяем с учётом выбранных работ, состава специалистов и готовности документов.

Компания МСМ специализируется на лицензировании, саморегулировании и подготовке специалистов. Разберём исходную ситуацию и объясним последовательность действий.

Напишите в чат «ГИОП» и укажите виды работ. Подскажем дальнейшие шаги для вашей компании.";images/giop.png;;;;NEW_REVIEW;https://nadosro.ru/license/licenziya-minkultury;DRAFT_NOT_FOR_UPLOAD
mcm-sro-mahachkala;20;Махачкала;СРО — три направления;sro;СРО: строительство, проектирование, изыскания;"Нужно вступить в СРО? МСМ поможет подобрать саморегулируемую организацию и подготовить документы для вашей компании или ИП. Сопровождаем три направления: строительство, проектирование и инженерные изыскания.

Клиентам из города Махачкала. МСМ работает с заказчиками по всей России.

Чем поможем:
• Разберём виды работ, регион регистрации и задачи компании.
• Поможем подобрать СРО по нужному направлению.
• Подготовим комплект документов и заявление на вступление.
• Проконсультируем по специалистам НРС и требованиям выбранной СРО.
• Сопроводим рассмотрение документов и разберём замечания.

Строителям помогаем оформить членство в СРО для строительных работ. Проектировщикам — для подготовки проектной документации. Изыскателям — для инженерных изысканий. Если компании нужны несколько направлений, разберём каждое и согласуем общий порядок подготовки.

Компания МСМ специализируется на лицензировании, саморегулировании и подготовке специалистов. Разберём исходную ситуацию и объясним последовательность действий.

Напишите в чат «СРО» и укажите направление, регион регистрации и планируемые работы. Подскажем, какие документы подготовить в первую очередь.";images/sro.png;;;;NEW_REVIEW;https://nadosro.ru/;DRAFT_NOT_FOR_UPLOAD
mcm-nok-barnaul;21;Барнаул;НОК;nok;НОК НОСТРОЙ / НОПРИЗ — подготовка к экзамену;"Нужно пройти независимую оценку квалификации? МСМ помогает специалистам строительной отрасли подготовиться к экзамену и собрать документы для допуска к НОК.

Клиентам из города Барнаул. МСМ работает с заказчиками по всей России.

Чем поможем:
• Разберём вашу задачу и направление квалификации.
• Поможем собрать и подготовить документы.
• Организуем подготовку к экзамену.
• Сопроводим по организационным вопросам до получения результатов.

Работаем со специалистами по строительству, проектированию и инженерным изысканиям. Подготовка и сопровождение подбираются под вашу квалификацию и текущую ситуацию.

Компания МСМ специализируется на лицензировании, саморегулировании и подготовке специалистов. Разберём исходную ситуацию и объясним последовательность действий.

Напишите в чат «НОК» и укажите вашу специальность, город и желаемый срок прохождения. Подскажем, с чего начать.";images/nok.png;;8273920101;mcm-sevastopol-giop-20260903;UPDATE_REVIEW;https://nadosro.ru/nezavisimaya-oczenka-kvalifikaczii;DRAFT_NOT_FOR_UPLOAD
mcm-nrs-barnaul;21;Барнаул;НРС;nrs;Включение в НРС НОСТРОЙ / НОПРИЗ — помощь;"Планируете включение специалиста в национальный реестр? МСМ поможет проверить документы и подготовить заявление для НОСТРОЙ или НОПРИЗ.

Клиентам из города Барнаул. МСМ работает с заказчиками по всей России.

Чем поможем:
• Проведём предварительный разбор документов специалиста.
• Подскажем, какие сведения нужно дополнить.
• Поможем подготовить комплект документов и заявление.
• Сопроводим рассмотрение и разберём замечания при их наличии.

Помогаем специалистам строительных, проектных и изыскательских организаций. Если ранее получили отказ, разберём его причины и возможные дальнейшие действия.

Компания МСМ специализируется на лицензировании, саморегулировании и подготовке специалистов. Разберём исходную ситуацию и объясним последовательность действий.

Напишите в чат «НРС»: укажите направление, образование и стаж. Подскажем порядок подготовки документов.";images/nrs.png;;;;NEW_REVIEW;https://nadosro.ru/vnesenie-specialistov-v-nacionalnyj-reestr;DRAFT_NOT_FOR_UPLOAD
mcm-mchs-barnaul;21;Барнаул;Лицензия МЧС;mchs;Лицензия МЧС — помощь в оформлении;"Готовите компанию к получению лицензии МЧС? МСМ сопровождает оформление: от разбора вашей задачи до подготовки документов и взаимодействия по заявлению.

Клиентам из города Барнаул. МСМ работает с заказчиками по всей России.

Чем поможем:
• Определим перечень работ, по которым нужна лицензия.
• Поможем собрать документы компании и специалистов.
• Проконсультируем по оборудованию и его документальному оформлению.
• Подготовим к проверке и сопроводим процесс рассмотрения.

Работаем с организациями и ИП в сфере пожарной безопасности. Сначала выясним, какие работы вы планируете выполнять, какие специалисты и оборудование уже есть, затем составим план подготовки.

Компания МСМ специализируется на лицензировании, саморегулировании и подготовке специалистов. Разберём исходную ситуацию и объясним последовательность действий.

Напишите в чат «МЧС» и перечислите планируемые работы. Расскажем, какие документы понадобятся в вашей ситуации.";images/mchs.png;;;;NEW_REVIEW;https://nadosro.ru/license/poluchit-licenziyu-mchs;DRAFT_NOT_FOR_UPLOAD
mcm-giop-barnaul;21;Барнаул;Минкультуры / ГИОП;giop;Лицензия Минкультуры, ГИОП — оформление;"Нужна помощь с лицензией Минкультуры на реставрационные работы? МСМ сопровождает подготовку документов для деятельности по сохранению объектов культурного наследия. Это направление также ищут как «лицензия ГИОП».

Клиентам из города Барнаул. МСМ работает с заказчиками по всей России.

Чем поможем:
• Разберём перечень планируемых реставрационных работ.
• Поможем собрать и подготовить документы организации.
• Проконсультируем по квалификации и аттестации специалистов.
• Сопроводим подачу и рассмотрение заявления.

Работаем с компаниями из разных регионов России. Порядок подготовки определяем с учётом выбранных работ, состава специалистов и готовности документов.

Компания МСМ специализируется на лицензировании, саморегулировании и подготовке специалистов. Разберём исходную ситуацию и объясним последовательность действий.

Напишите в чат «ГИОП» и укажите виды работ. Подскажем дальнейшие шаги для вашей компании.";images/giop.png;;;;NEW_REVIEW;https://nadosro.ru/license/licenziya-minkultury;DRAFT_NOT_FOR_UPLOAD
mcm-sro-barnaul;21;Барнаул;СРО — три направления;sro;СРО: строительство, проектирование, изыскания;"Нужно вступить в СРО? МСМ поможет подобрать саморегулируемую организацию и подготовить документы для вашей компании или ИП. Сопровождаем три направления: строительство, проектирование и инженерные изыскания.

Клиентам из города Барнаул. МСМ работает с заказчиками по всей России.

Чем поможем:
• Разберём виды работ, регион регистрации и задачи компании.
• Поможем подобрать СРО по нужному направлению.
• Подготовим комплект документов и заявление на вступление.
• Проконсультируем по специалистам НРС и требованиям выбранной СРО.
• Сопроводим рассмотрение документов и разберём замечания.

Строителям помогаем оформить членство в СРО для строительных работ. Проектировщикам — для подготовки проектной документации. Изыскателям — для инженерных изысканий. Если компании нужны несколько направлений, разберём каждое и согласуем общий порядок подготовки.

Компания МСМ специализируется на лицензировании, саморегулировании и подготовке специалистов. Разберём исходную ситуацию и объясним последовательность действий.

Напишите в чат «СРО» и укажите направление, регион регистрации и планируемые работы. Подскажем, какие документы подготовить в первую очередь.";images/sro.png;;;;NEW_REVIEW;https://nadosro.ru/;DRAFT_NOT_FOR_UPLOAD
mcm-nok-izhevsk;22;Ижевск;НОК;nok;НОК НОСТРОЙ / НОПРИЗ — подготовка к экзамену;"Нужно пройти независимую оценку квалификации? МСМ помогает специалистам строительной отрасли подготовиться к экзамену и собрать документы для допуска к НОК.

Клиентам из города Ижевск. МСМ работает с заказчиками по всей России.

Чем поможем:
• Разберём вашу задачу и направление квалификации.
• Поможем собрать и подготовить документы.
• Организуем подготовку к экзамену.
• Сопроводим по организационным вопросам до получения результатов.

Работаем со специалистами по строительству, проектированию и инженерным изысканиям. Подготовка и сопровождение подбираются под вашу квалификацию и текущую ситуацию.

Компания МСМ специализируется на лицензировании, саморегулировании и подготовке специалистов. Разберём исходную ситуацию и объясним последовательность действий.

Напишите в чат «НОК» и укажите вашу специальность, город и желаемый срок прохождения. Подскажем, с чего начать.";images/nok.png;;8309731087;mcm-sevastopol-nrs-20260903;UPDATE_REVIEW;https://nadosro.ru/nezavisimaya-oczenka-kvalifikaczii;DRAFT_NOT_FOR_UPLOAD
mcm-nrs-izhevsk;22;Ижевск;НРС;nrs;Включение в НРС НОСТРОЙ / НОПРИЗ — помощь;"Планируете включение специалиста в национальный реестр? МСМ поможет проверить документы и подготовить заявление для НОСТРОЙ или НОПРИЗ.

Клиентам из города Ижевск. МСМ работает с заказчиками по всей России.

Чем поможем:
• Проведём предварительный разбор документов специалиста.
• Подскажем, какие сведения нужно дополнить.
• Поможем подготовить комплект документов и заявление.
• Сопроводим рассмотрение и разберём замечания при их наличии.

Помогаем специалистам строительных, проектных и изыскательских организаций. Если ранее получили отказ, разберём его причины и возможные дальнейшие действия.

Компания МСМ специализируется на лицензировании, саморегулировании и подготовке специалистов. Разберём исходную ситуацию и объясним последовательность действий.

Напишите в чат «НРС»: укажите направление, образование и стаж. Подскажем порядок подготовки документов.";images/nrs.png;;;;NEW_REVIEW;https://nadosro.ru/vnesenie-specialistov-v-nacionalnyj-reestr;DRAFT_NOT_FOR_UPLOAD
mcm-mchs-izhevsk;22;Ижевск;Лицензия МЧС;mchs;Лицензия МЧС — помощь в оформлении;"Готовите компанию к получению лицензии МЧС? МСМ сопровождает оформление: от разбора вашей задачи до подготовки документов и взаимодействия по заявлению.

Клиентам из города Ижевск. МСМ работает с заказчиками по всей России.

Чем поможем:
• Определим перечень работ, по которым нужна лицензия.
• Поможем собрать документы компании и специалистов.
• Проконсультируем по оборудованию и его документальному оформлению.
• Подготовим к проверке и сопроводим процесс рассмотрения.

Работаем с организациями и ИП в сфере пожарной безопасности. Сначала выясним, какие работы вы планируете выполнять, какие специалисты и оборудование уже есть, затем составим план подготовки.

Компания МСМ специализируется на лицензировании, саморегулировании и подготовке специалистов. Разберём исходную ситуацию и объясним последовательность действий.

Напишите в чат «МЧС» и перечислите планируемые работы. Расскажем, какие документы понадобятся в вашей ситуации.";images/mchs.png;;;;NEW_REVIEW;https://nadosro.ru/license/poluchit-licenziyu-mchs;DRAFT_NOT_FOR_UPLOAD
mcm-giop-izhevsk;22;Ижевск;Минкультуры / ГИОП;giop;Лицензия Минкультуры, ГИОП — оформление;"Нужна помощь с лицензией Минкультуры на реставрационные работы? МСМ сопровождает подготовку документов для деятельности по сохранению объектов культурного наследия. Это направление также ищут как «лицензия ГИОП».

Клиентам из города Ижевск. МСМ работает с заказчиками по всей России.

Чем поможем:
• Разберём перечень планируемых реставрационных работ.
• Поможем собрать и подготовить документы организации.
• Проконсультируем по квалификации и аттестации специалистов.
• Сопроводим подачу и рассмотрение заявления.

Работаем с компаниями из разных регионов России. Порядок подготовки определяем с учётом выбранных работ, состава специалистов и готовности документов.

Компания МСМ специализируется на лицензировании, саморегулировании и подготовке специалистов. Разберём исходную ситуацию и объясним последовательность действий.

Напишите в чат «ГИОП» и укажите виды работ. Подскажем дальнейшие шаги для вашей компании.";images/giop.png;;;;NEW_REVIEW;https://nadosro.ru/license/licenziya-minkultury;DRAFT_NOT_FOR_UPLOAD
mcm-sro-izhevsk;22;Ижевск;СРО — три направления;sro;СРО: строительство, проектирование, изыскания;"Нужно вступить в СРО? МСМ поможет подобрать саморегулируемую организацию и подготовить документы для вашей компании или ИП. Сопровождаем три направления: строительство, проектирование и инженерные изыскания.

Клиентам из города Ижевск. МСМ работает с заказчиками по всей России.

Чем поможем:
• Разберём виды работ, регион регистрации и задачи компании.
• Поможем подобрать СРО по нужному направлению.
• Подготовим комплект документов и заявление на вступление.
• Проконсультируем по специалистам НРС и требованиям выбранной СРО.
• Сопроводим рассмотрение документов и разберём замечания.

Строителям помогаем оформить членство в СРО для строительных работ. Проектировщикам — для подготовки проектной документации. Изыскателям — для инженерных изысканий. Если компании нужны несколько направлений, разберём каждое и согласуем общий порядок подготовки.

Компания МСМ специализируется на лицензировании, саморегулировании и подготовке специалистов. Разберём исходную ситуацию и объясним последовательность действий.

Напишите в чат «СРО» и укажите направление, регион регистрации и планируемые работы. Подскажем, какие документы подготовить в первую очередь.";images/sro.png;;;;NEW_REVIEW;https://nadosro.ru/;DRAFT_NOT_FOR_UPLOAD
mcm-nok-ulyanovsk;23;Ульяновск;НОК;nok;НОК НОСТРОЙ / НОПРИЗ — подготовка к экзамену;"Нужно пройти независимую оценку квалификации? МСМ помогает специалистам строительной отрасли подготовиться к экзамену и собрать документы для допуска к НОК.

Клиентам из города Ульяновск. МСМ работает с заказчиками по всей России.

Чем поможем:
• Разберём вашу задачу и направление квалификации.
• Поможем собрать и подготовить документы.
• Организуем подготовку к экзамену.
• Сопроводим по организационным вопросам до получения результатов.

Работаем со специалистами по строительству, проектированию и инженерным изысканиям. Подготовка и сопровождение подбираются под вашу квалификацию и текущую ситуацию.

Компания МСМ специализируется на лицензировании, саморегулировании и подготовке специалистов. Разберём исходную ситуацию и объясним последовательность действий.

Напишите в чат «НОК» и укажите вашу специальность, город и желаемый срок прохождения. Подскажем, с чего начать.";images/nok.png;;8220767745;mcm-ulyanovsk-nrs-20260903;UPDATE_REVIEW;https://nadosro.ru/nezavisimaya-oczenka-kvalifikaczii;DRAFT_NOT_FOR_UPLOAD
mcm-nrs-ulyanovsk;23;Ульяновск;НРС;nrs;Включение в НРС НОСТРОЙ / НОПРИЗ — помощь;"Планируете включение специалиста в национальный реестр? МСМ поможет проверить документы и подготовить заявление для НОСТРОЙ или НОПРИЗ.

Клиентам из города Ульяновск. МСМ работает с заказчиками по всей России.

Чем поможем:
• Проведём предварительный разбор документов специалиста.
• Подскажем, какие сведения нужно дополнить.
• Поможем подготовить комплект документов и заявление.
• Сопроводим рассмотрение и разберём замечания при их наличии.

Помогаем специалистам строительных, проектных и изыскательских организаций. Если ранее получили отказ, разберём его причины и возможные дальнейшие действия.

Компания МСМ специализируется на лицензировании, саморегулировании и подготовке специалистов. Разберём исходную ситуацию и объясним последовательность действий.

Напишите в чат «НРС»: укажите направление, образование и стаж. Подскажем порядок подготовки документов.";images/nrs.png;;;;NEW_REVIEW;https://nadosro.ru/vnesenie-specialistov-v-nacionalnyj-reestr;DRAFT_NOT_FOR_UPLOAD
mcm-mchs-ulyanovsk;23;Ульяновск;Лицензия МЧС;mchs;Лицензия МЧС — помощь в оформлении;"Готовите компанию к получению лицензии МЧС? МСМ сопровождает оформление: от разбора вашей задачи до подготовки документов и взаимодействия по заявлению.

Клиентам из города Ульяновск. МСМ работает с заказчиками по всей России.

Чем поможем:
• Определим перечень работ, по которым нужна лицензия.
• Поможем собрать документы компании и специалистов.
• Проконсультируем по оборудованию и его документальному оформлению.
• Подготовим к проверке и сопроводим процесс рассмотрения.

Работаем с организациями и ИП в сфере пожарной безопасности. Сначала выясним, какие работы вы планируете выполнять, какие специалисты и оборудование уже есть, затем составим план подготовки.

Компания МСМ специализируется на лицензировании, саморегулировании и подготовке специалистов. Разберём исходную ситуацию и объясним последовательность действий.

Напишите в чат «МЧС» и перечислите планируемые работы. Расскажем, какие документы понадобятся в вашей ситуации.";images/mchs.png;;;;NEW_REVIEW;https://nadosro.ru/license/poluchit-licenziyu-mchs;DRAFT_NOT_FOR_UPLOAD
mcm-giop-ulyanovsk;23;Ульяновск;Минкультуры / ГИОП;giop;Лицензия Минкультуры, ГИОП — оформление;"Нужна помощь с лицензией Минкультуры на реставрационные работы? МСМ сопровождает подготовку документов для деятельности по сохранению объектов культурного наследия. Это направление также ищут как «лицензия ГИОП».

Клиентам из города Ульяновск. МСМ работает с заказчиками по всей России.

Чем поможем:
• Разберём перечень планируемых реставрационных работ.
• Поможем собрать и подготовить документы организации.
• Проконсультируем по квалификации и аттестации специалистов.
• Сопроводим подачу и рассмотрение заявления.

Работаем с компаниями из разных регионов России. Порядок подготовки определяем с учётом выбранных работ, состава специалистов и готовности документов.

Компания МСМ специализируется на лицензировании, саморегулировании и подготовке специалистов. Разберём исходную ситуацию и объясним последовательность действий.

Напишите в чат «ГИОП» и укажите виды работ. Подскажем дальнейшие шаги для вашей компании.";images/giop.png;;;;NEW_REVIEW;https://nadosro.ru/license/licenziya-minkultury;DRAFT_NOT_FOR_UPLOAD
mcm-sro-ulyanovsk;23;Ульяновск;СРО — три направления;sro;СРО: строительство, проектирование, изыскания;"Нужно вступить в СРО? МСМ поможет подобрать саморегулируемую организацию и подготовить документы для вашей компании или ИП. Сопровождаем три направления: строительство, проектирование и инженерные изыскания.

Клиентам из города Ульяновск. МСМ работает с заказчиками по всей России.

Чем поможем:
• Разберём виды работ, регион регистрации и задачи компании.
• Поможем подобрать СРО по нужному направлению.
• Подготовим комплект документов и заявление на вступление.
• Проконсультируем по специалистам НРС и требованиям выбранной СРО.
• Сопроводим рассмотрение документов и разберём замечания.

Строителям помогаем оформить членство в СРО для строительных работ. Проектировщикам — для подготовки проектной документации. Изыскателям — для инженерных изысканий. Если компании нужны несколько направлений, разберём каждое и согласуем общий порядок подготовки.

Компания МСМ специализируется на лицензировании, саморегулировании и подготовке специалистов. Разберём исходную ситуацию и объясним последовательность действий.

Напишите в чат «СРО» и укажите направление, регион регистрации и планируемые работы. Подскажем, какие документы подготовить в первую очередь.";images/sro.png;;;;NEW_REVIEW;https://nadosro.ru/;DRAFT_NOT_FOR_UPLOAD
mcm-nok-irkutsk;24;Иркутск;НОК;nok;НОК НОСТРОЙ / НОПРИЗ — подготовка к экзамену;"Нужно пройти независимую оценку квалификации? МСМ помогает специалистам строительной отрасли подготовиться к экзамену и собрать документы для допуска к НОК.

Клиентам из города Иркутск. МСМ работает с заказчиками по всей России.

Чем поможем:
• Разберём вашу задачу и направление квалификации.
• Поможем собрать и подготовить документы.
• Организуем подготовку к экзамену.
• Сопроводим по организационным вопросам до получения результатов.

Работаем со специалистами по строительству, проектированию и инженерным изысканиям. Подготовка и сопровождение подбираются под вашу квалификацию и текущую ситуацию.

Компания МСМ специализируется на лицензировании, саморегулировании и подготовке специалистов. Разберём исходную ситуацию и объясним последовательность действий.

Напишите в чат «НОК» и укажите вашу специальность, город и желаемый срок прохождения. Подскажем, с чего начать.";images/nok.png;;8460943668;mcm-sevastopol-sro_project-20260903;UPDATE_REVIEW;https://nadosro.ru/nezavisimaya-oczenka-kvalifikaczii;DRAFT_NOT_FOR_UPLOAD
mcm-nrs-irkutsk;24;Иркутск;НРС;nrs;Включение в НРС НОСТРОЙ / НОПРИЗ — помощь;"Планируете включение специалиста в национальный реестр? МСМ поможет проверить документы и подготовить заявление для НОСТРОЙ или НОПРИЗ.

Клиентам из города Иркутск. МСМ работает с заказчиками по всей России.

Чем поможем:
• Проведём предварительный разбор документов специалиста.
• Подскажем, какие сведения нужно дополнить.
• Поможем подготовить комплект документов и заявление.
• Сопроводим рассмотрение и разберём замечания при их наличии.

Помогаем специалистам строительных, проектных и изыскательских организаций. Если ранее получили отказ, разберём его причины и возможные дальнейшие действия.

Компания МСМ специализируется на лицензировании, саморегулировании и подготовке специалистов. Разберём исходную ситуацию и объясним последовательность действий.

Напишите в чат «НРС»: укажите направление, образование и стаж. Подскажем порядок подготовки документов.";images/nrs.png;;;;NEW_REVIEW;https://nadosro.ru/vnesenie-specialistov-v-nacionalnyj-reestr;DRAFT_NOT_FOR_UPLOAD
mcm-mchs-irkutsk;24;Иркутск;Лицензия МЧС;mchs;Лицензия МЧС — помощь в оформлении;"Готовите компанию к получению лицензии МЧС? МСМ сопровождает оформление: от разбора вашей задачи до подготовки документов и взаимодействия по заявлению.

Клиентам из города Иркутск. МСМ работает с заказчиками по всей России.

Чем поможем:
• Определим перечень работ, по которым нужна лицензия.
• Поможем собрать документы компании и специалистов.
• Проконсультируем по оборудованию и его документальному оформлению.
• Подготовим к проверке и сопроводим процесс рассмотрения.

Работаем с организациями и ИП в сфере пожарной безопасности. Сначала выясним, какие работы вы планируете выполнять, какие специалисты и оборудование уже есть, затем составим план подготовки.

Компания МСМ специализируется на лицензировании, саморегулировании и подготовке специалистов. Разберём исходную ситуацию и объясним последовательность действий.

Напишите в чат «МЧС» и перечислите планируемые работы. Расскажем, какие документы понадобятся в вашей ситуации.";images/mchs.png;;;;NEW_REVIEW;https://nadosro.ru/license/poluchit-licenziyu-mchs;DRAFT_NOT_FOR_UPLOAD
mcm-giop-irkutsk;24;Иркутск;Минкультуры / ГИОП;giop;Лицензия Минкультуры, ГИОП — оформление;"Нужна помощь с лицензией Минкультуры на реставрационные работы? МСМ сопровождает подготовку документов для деятельности по сохранению объектов культурного наследия. Это направление также ищут как «лицензия ГИОП».

Клиентам из города Иркутск. МСМ работает с заказчиками по всей России.

Чем поможем:
• Разберём перечень планируемых реставрационных работ.
• Поможем собрать и подготовить документы организации.
• Проконсультируем по квалификации и аттестации специалистов.
• Сопроводим подачу и рассмотрение заявления.

Работаем с компаниями из разных регионов России. Порядок подготовки определяем с учётом выбранных работ, состава специалистов и готовности документов.

Компания МСМ специализируется на лицензировании, саморегулировании и подготовке специалистов. Разберём исходную ситуацию и объясним последовательность действий.

Напишите в чат «ГИОП» и укажите виды работ. Подскажем дальнейшие шаги для вашей компании.";images/giop.png;;;;NEW_REVIEW;https://nadosro.ru/license/licenziya-minkultury;DRAFT_NOT_FOR_UPLOAD
mcm-sro-irkutsk;24;Иркутск;СРО — три направления;sro;СРО: строительство, проектирование, изыскания;"Нужно вступить в СРО? МСМ поможет подобрать саморегулируемую организацию и подготовить документы для вашей компании или ИП. Сопровождаем три направления: строительство, проектирование и инженерные изыскания.

Клиентам из города Иркутск. МСМ работает с заказчиками по всей России.

Чем поможем:
• Разберём виды работ, регион регистрации и задачи компании.
• Поможем подобрать СРО по нужному направлению.
• Подготовим комплект документов и заявление на вступление.
• Проконсультируем по специалистам НРС и требованиям выбранной СРО.
• Сопроводим рассмотрение документов и разберём замечания.

Строителям помогаем оформить членство в СРО для строительных работ. Проектировщикам — для подготовки проектной документации. Изыскателям — для инженерных изысканий. Если компании нужны несколько направлений, разберём каждое и согласуем общий порядок подготовки.

Компания МСМ специализируется на лицензировании, саморегулировании и подготовке специалистов. Разберём исходную ситуацию и объясним последовательность действий.

Напишите в чат «СРО» и укажите направление, регион регистрации и планируемые работы. Подскажем, какие документы подготовить в первую очередь.";images/sro.png;;;;NEW_REVIEW;https://nadosro.ru/;DRAFT_NOT_FOR_UPLOAD
mcm-nok-habarovsk;25;Хабаровск;НОК;nok;НОК НОСТРОЙ / НОПРИЗ — подготовка к экзамену;"Нужно пройти независимую оценку квалификации? МСМ помогает специалистам строительной отрасли подготовиться к экзамену и собрать документы для допуска к НОК.

Клиентам из города Хабаровск. МСМ работает с заказчиками по всей России.

Чем поможем:
• Разберём вашу задачу и направление квалификации.
• Поможем собрать и подготовить документы.
• Организуем подготовку к экзамену.
• Сопроводим по организационным вопросам до получения результатов.

Работаем со специалистами по строительству, проектированию и инженерным изысканиям. Подготовка и сопровождение подбираются под вашу квалификацию и текущую ситуацию.

Компания МСМ специализируется на лицензировании, саморегулировании и подготовке специалистов. Разберём исходную ситуацию и объясним последовательность действий.

Напишите в чат «НОК» и укажите вашу специальность, город и желаемый срок прохождения. Подскажем, с чего начать.";images/nok.png;;8461073843;mcm-sochi-sro_build-20260903;UPDATE_REVIEW;https://nadosro.ru/nezavisimaya-oczenka-kvalifikaczii;DRAFT_NOT_FOR_UPLOAD
mcm-nrs-habarovsk;25;Хабаровск;НРС;nrs;Включение в НРС НОСТРОЙ / НОПРИЗ — помощь;"Планируете включение специалиста в национальный реестр? МСМ поможет проверить документы и подготовить заявление для НОСТРОЙ или НОПРИЗ.

Клиентам из города Хабаровск. МСМ работает с заказчиками по всей России.

Чем поможем:
• Проведём предварительный разбор документов специалиста.
• Подскажем, какие сведения нужно дополнить.
• Поможем подготовить комплект документов и заявление.
• Сопроводим рассмотрение и разберём замечания при их наличии.

Помогаем специалистам строительных, проектных и изыскательских организаций. Если ранее получили отказ, разберём его причины и возможные дальнейшие действия.

Компания МСМ специализируется на лицензировании, саморегулировании и подготовке специалистов. Разберём исходную ситуацию и объясним последовательность действий.

Напишите в чат «НРС»: укажите направление, образование и стаж. Подскажем порядок подготовки документов.";images/nrs.png;;;;NEW_REVIEW;https://nadosro.ru/vnesenie-specialistov-v-nacionalnyj-reestr;DRAFT_NOT_FOR_UPLOAD
mcm-mchs-habarovsk;25;Хабаровск;Лицензия МЧС;mchs;Лицензия МЧС — помощь в оформлении;"Готовите компанию к получению лицензии МЧС? МСМ сопровождает оформление: от разбора вашей задачи до подготовки документов и взаимодействия по заявлению.

Клиентам из города Хабаровск. МСМ работает с заказчиками по всей России.

Чем поможем:
• Определим перечень работ, по которым нужна лицензия.
• Поможем собрать документы компании и специалистов.
• Проконсультируем по оборудованию и его документальному оформлению.
• Подготовим к проверке и сопроводим процесс рассмотрения.

Работаем с организациями и ИП в сфере пожарной безопасности. Сначала выясним, какие работы вы планируете выполнять, какие специалисты и оборудование уже есть, затем составим план подготовки.

Компания МСМ специализируется на лицензировании, саморегулировании и подготовке специалистов. Разберём исходную ситуацию и объясним последовательность действий.

Напишите в чат «МЧС» и перечислите планируемые работы. Расскажем, какие документы понадобятся в вашей ситуации.";images/mchs.png;;;;NEW_REVIEW;https://nadosro.ru/license/poluchit-licenziyu-mchs;DRAFT_NOT_FOR_UPLOAD
mcm-giop-habarovsk;25;Хабаровск;Минкультуры / ГИОП;giop;Лицензия Минкультуры, ГИОП — оформление;"Нужна помощь с лицензией Минкультуры на реставрационные работы? МСМ сопровождает подготовку документов для деятельности по сохранению объектов культурного наследия. Это направление также ищут как «лицензия ГИОП».

Клиентам из города Хабаровск. МСМ работает с заказчиками по всей России.

Чем поможем:
• Разберём перечень планируемых реставрационных работ.
• Поможем собрать и подготовить документы организации.
• Проконсультируем по квалификации и аттестации специалистов.
• Сопроводим подачу и рассмотрение заявления.

Работаем с компаниями из разных регионов России. Порядок подготовки определяем с учётом выбранных работ, состава специалистов и готовности документов.

Компания МСМ специализируется на лицензировании, саморегулировании и подготовке специалистов. Разберём исходную ситуацию и объясним последовательность действий.

Напишите в чат «ГИОП» и укажите виды работ. Подскажем дальнейшие шаги для вашей компании.";images/giop.png;;;;NEW_REVIEW;https://nadosro.ru/license/licenziya-minkultury;DRAFT_NOT_FOR_UPLOAD
mcm-sro-habarovsk;25;Хабаровск;СРО — три направления;sro;СРО: строительство, проектирование, изыскания;"Нужно вступить в СРО? МСМ поможет подобрать саморегулируемую организацию и подготовить документы для вашей компании или ИП. Сопровождаем три направления: строительство, проектирование и инженерные изыскания.

Клиентам из города Хабаровск. МСМ работает с заказчиками по всей России.

Чем поможем:
• Разберём виды работ, регион регистрации и задачи компании.
• Поможем подобрать СРО по нужному направлению.
• Подготовим комплект документов и заявление на вступление.
• Проконсультируем по специалистам НРС и требованиям выбранной СРО.
• Сопроводим рассмотрение документов и разберём замечания.

Строителям помогаем оформить членство в СРО для строительных работ. Проектировщикам — для подготовки проектной документации. Изыскателям — для инженерных изысканий. Если компании нужны несколько направлений, разберём каждое и согласуем общий порядок подготовки.

Компания МСМ специализируется на лицензировании, саморегулировании и подготовке специалистов. Разберём исходную ситуацию и объясним последовательность действий.

Напишите в чат «СРО» и укажите направление, регион регистрации и планируемые работы. Подскажем, какие документы подготовить в первую очередь.";images/sro.png;;;;NEW_REVIEW;https://nadosro.ru/;DRAFT_NOT_FOR_UPLOAD
mcm-nok-yaroslavl;26;Ярославль;НОК;nok;НОК НОСТРОЙ / НОПРИЗ — подготовка к экзамену;"Нужно пройти независимую оценку квалификации? МСМ помогает специалистам строительной отрасли подготовиться к экзамену и собрать документы для допуска к НОК.

Клиентам из города Ярославль. МСМ работает с заказчиками по всей России.

Чем поможем:
• Разберём вашу задачу и направление квалификации.
• Поможем собрать и подготовить документы.
• Организуем подготовку к экзамену.
• Сопроводим по организационным вопросам до получения результатов.

Работаем со специалистами по строительству, проектированию и инженерным изысканиям. Подготовка и сопровождение подбираются под вашу квалификацию и текущую ситуацию.

Компания МСМ специализируется на лицензировании, саморегулировании и подготовке специалистов. Разберём исходную ситуацию и объясним последовательность действий.

Напишите в чат «НОК» и укажите вашу специальность, город и желаемый срок прохождения. Подскажем, с чего начать.";images/nok.png;;8357603820;mcm-staryy_oskol-sro_build-20260903;UPDATE_REVIEW;https://nadosro.ru/nezavisimaya-oczenka-kvalifikaczii;DRAFT_NOT_FOR_UPLOAD
mcm-nrs-yaroslavl;26;Ярославль;НРС;nrs;Включение в НРС НОСТРОЙ / НОПРИЗ — помощь;"Планируете включение специалиста в национальный реестр? МСМ поможет проверить документы и подготовить заявление для НОСТРОЙ или НОПРИЗ.

Клиентам из города Ярославль. МСМ работает с заказчиками по всей России.

Чем поможем:
• Проведём предварительный разбор документов специалиста.
• Подскажем, какие сведения нужно дополнить.
• Поможем подготовить комплект документов и заявление.
• Сопроводим рассмотрение и разберём замечания при их наличии.

Помогаем специалистам строительных, проектных и изыскательских организаций. Если ранее получили отказ, разберём его причины и возможные дальнейшие действия.

Компания МСМ специализируется на лицензировании, саморегулировании и подготовке специалистов. Разберём исходную ситуацию и объясним последовательность действий.

Напишите в чат «НРС»: укажите направление, образование и стаж. Подскажем порядок подготовки документов.";images/nrs.png;;;;NEW_REVIEW;https://nadosro.ru/vnesenie-specialistov-v-nacionalnyj-reestr;DRAFT_NOT_FOR_UPLOAD
mcm-mchs-yaroslavl;26;Ярославль;Лицензия МЧС;mchs;Лицензия МЧС — помощь в оформлении;"Готовите компанию к получению лицензии МЧС? МСМ сопровождает оформление: от разбора вашей задачи до подготовки документов и взаимодействия по заявлению.

Клиентам из города Ярославль. МСМ работает с заказчиками по всей России.

Чем поможем:
• Определим перечень работ, по которым нужна лицензия.
• Поможем собрать документы компании и специалистов.
• Проконсультируем по оборудованию и его документальному оформлению.
• Подготовим к проверке и сопроводим процесс рассмотрения.

Работаем с организациями и ИП в сфере пожарной безопасности. Сначала выясним, какие работы вы планируете выполнять, какие специалисты и оборудование уже есть, затем составим план подготовки.

Компания МСМ специализируется на лицензировании, саморегулировании и подготовке специалистов. Разберём исходную ситуацию и объясним последовательность действий.

Напишите в чат «МЧС» и перечислите планируемые работы. Расскажем, какие документы понадобятся в вашей ситуации.";images/mchs.png;;;;NEW_REVIEW;https://nadosro.ru/license/poluchit-licenziyu-mchs;DRAFT_NOT_FOR_UPLOAD
mcm-giop-yaroslavl;26;Ярославль;Минкультуры / ГИОП;giop;Лицензия Минкультуры, ГИОП — оформление;"Нужна помощь с лицензией Минкультуры на реставрационные работы? МСМ сопровождает подготовку документов для деятельности по сохранению объектов культурного наследия. Это направление также ищут как «лицензия ГИОП».

Клиентам из города Ярославль. МСМ работает с заказчиками по всей России.

Чем поможем:
• Разберём перечень планируемых реставрационных работ.
• Поможем собрать и подготовить документы организации.
• Проконсультируем по квалификации и аттестации специалистов.
• Сопроводим подачу и рассмотрение заявления.

Работаем с компаниями из разных регионов России. Порядок подготовки определяем с учётом выбранных работ, состава специалистов и готовности документов.

Компания МСМ специализируется на лицензировании, саморегулировании и подготовке специалистов. Разберём исходную ситуацию и объясним последовательность действий.

Напишите в чат «ГИОП» и укажите виды работ. Подскажем дальнейшие шаги для вашей компании.";images/giop.png;;;;NEW_REVIEW;https://nadosro.ru/license/licenziya-minkultury;DRAFT_NOT_FOR_UPLOAD
mcm-sro-yaroslavl;26;Ярославль;СРО — три направления;sro;СРО: строительство, проектирование, изыскания;"Нужно вступить в СРО? МСМ поможет подобрать саморегулируемую организацию и подготовить документы для вашей компании или ИП. Сопровождаем три направления: строительство, проектирование и инженерные изыскания.

Клиентам из города Ярославль. МСМ работает с заказчиками по всей России.

Чем поможем:
• Разберём виды работ, регион регистрации и задачи компании.
• Поможем подобрать СРО по нужному направлению.
• Подготовим комплект документов и заявление на вступление.
• Проконсультируем по специалистам НРС и требованиям выбранной СРО.
• Сопроводим рассмотрение документов и разберём замечания.

Строителям помогаем оформить членство в СРО для строительных работ. Проектировщикам — для подготовки проектной документации. Изыскателям — для инженерных изысканий. Если компании нужны несколько направлений, разберём каждое и согласуем общий порядок подготовки.

Компания МСМ специализируется на лицензировании, саморегулировании и подготовке специалистов. Разберём исходную ситуацию и объясним последовательность действий.

Напишите в чат «СРО» и укажите направление, регион регистрации и планируемые работы. Подскажем, какие документы подготовить в первую очередь.";images/sro.png;;;;NEW_REVIEW;https://nadosro.ru/;DRAFT_NOT_FOR_UPLOAD
mcm-nok-vladivostok;27;Владивосток;НОК;nok;НОК НОСТРОЙ / НОПРИЗ — подготовка к экзамену;"Нужно пройти независимую оценку квалификации? МСМ помогает специалистам строительной отрасли подготовиться к экзамену и собрать документы для допуска к НОК.

Клиентам из города Владивосток. МСМ работает с заказчиками по всей России.

Чем поможем:
• Разберём вашу задачу и направление квалификации.
• Поможем собрать и подготовить документы.
• Организуем подготовку к экзамену.
• Сопроводим по организационным вопросам до получения результатов.

Работаем со специалистами по строительству, проектированию и инженерным изысканиям. Подготовка и сопровождение подбираются под вашу квалификацию и текущую ситуацию.

Компания МСМ специализируется на лицензировании, саморегулировании и подготовке специалистов. Разберём исходную ситуацию и объясним последовательность действий.

Напишите в чат «НОК» и укажите вашу специальность, город и желаемый срок прохождения. Подскажем, с чего начать.";images/nok.png;;8415475030;mcm-stavropol-nok-20260903;UPDATE_REVIEW;https://nadosro.ru/nezavisimaya-oczenka-kvalifikaczii;DRAFT_NOT_FOR_UPLOAD
mcm-nrs-vladivostok;27;Владивосток;НРС;nrs;Включение в НРС НОСТРОЙ / НОПРИЗ — помощь;"Планируете включение специалиста в национальный реестр? МСМ поможет проверить документы и подготовить заявление для НОСТРОЙ или НОПРИЗ.

Клиентам из города Владивосток. МСМ работает с заказчиками по всей России.

Чем поможем:
• Проведём предварительный разбор документов специалиста.
• Подскажем, какие сведения нужно дополнить.
• Поможем подготовить комплект документов и заявление.
• Сопроводим рассмотрение и разберём замечания при их наличии.

Помогаем специалистам строительных, проектных и изыскательских организаций. Если ранее получили отказ, разберём его причины и возможные дальнейшие действия.

Компания МСМ специализируется на лицензировании, саморегулировании и подготовке специалистов. Разберём исходную ситуацию и объясним последовательность действий.

Напишите в чат «НРС»: укажите направление, образование и стаж. Подскажем порядок подготовки документов.";images/nrs.png;;;;NEW_REVIEW;https://nadosro.ru/vnesenie-specialistov-v-nacionalnyj-reestr;DRAFT_NOT_FOR_UPLOAD
mcm-mchs-vladivostok;27;Владивосток;Лицензия МЧС;mchs;Лицензия МЧС — помощь в оформлении;"Готовите компанию к получению лицензии МЧС? МСМ сопровождает оформление: от разбора вашей задачи до подготовки документов и взаимодействия по заявлению.

Клиентам из города Владивосток. МСМ работает с заказчиками по всей России.

Чем поможем:
• Определим перечень работ, по которым нужна лицензия.
• Поможем собрать документы компании и специалистов.
• Проконсультируем по оборудованию и его документальному оформлению.
• Подготовим к проверке и сопроводим процесс рассмотрения.

Работаем с организациями и ИП в сфере пожарной безопасности. Сначала выясним, какие работы вы планируете выполнять, какие специалисты и оборудование уже есть, затем составим план подготовки.

Компания МСМ специализируется на лицензировании, саморегулировании и подготовке специалистов. Разберём исходную ситуацию и объясним последовательность действий.

Напишите в чат «МЧС» и перечислите планируемые работы. Расскажем, какие документы понадобятся в вашей ситуации.";images/mchs.png;;;;NEW_REVIEW;https://nadosro.ru/license/poluchit-licenziyu-mchs;DRAFT_NOT_FOR_UPLOAD
mcm-giop-vladivostok;27;Владивосток;Минкультуры / ГИОП;giop;Лицензия Минкультуры, ГИОП — оформление;"Нужна помощь с лицензией Минкультуры на реставрационные работы? МСМ сопровождает подготовку документов для деятельности по сохранению объектов культурного наследия. Это направление также ищут как «лицензия ГИОП».

Клиентам из города Владивосток. МСМ работает с заказчиками по всей России.

Чем поможем:
• Разберём перечень планируемых реставрационных работ.
• Поможем собрать и подготовить документы организации.
• Проконсультируем по квалификации и аттестации специалистов.
• Сопроводим подачу и рассмотрение заявления.

Работаем с компаниями из разных регионов России. Порядок подготовки определяем с учётом выбранных работ, состава специалистов и готовности документов.

Компания МСМ специализируется на лицензировании, саморегулировании и подготовке специалистов. Разберём исходную ситуацию и объясним последовательность действий.

Напишите в чат «ГИОП» и укажите виды работ. Подскажем дальнейшие шаги для вашей компании.";images/giop.png;;;;NEW_REVIEW;https://nadosro.ru/license/licenziya-minkultury;DRAFT_NOT_FOR_UPLOAD
mcm-sro-vladivostok;27;Владивосток;СРО — три направления;sro;СРО: строительство, проектирование, изыскания;"Нужно вступить в СРО? МСМ поможет подобрать саморегулируемую организацию и подготовить документы для вашей компании или ИП. Сопровождаем три направления: строительство, проектирование и инженерные изыскания.

Клиентам из города Владивосток. МСМ работает с заказчиками по всей России.

Чем поможем:
• Разберём виды работ, регион регистрации и задачи компании.
• Поможем подобрать СРО по нужному направлению.
• Подготовим комплект документов и заявление на вступление.
• Проконсультируем по специалистам НРС и требованиям выбранной СРО.
• Сопроводим рассмотрение документов и разберём замечания.

Строителям помогаем оформить членство в СРО для строительных работ. Проектировщикам — для подготовки проектной документации. Изыскателям — для инженерных изысканий. Если компании нужны несколько направлений, разберём каждое и согласуем общий порядок подготовки.

Компания МСМ специализируется на лицензировании, саморегулировании и подготовке специалистов. Разберём исходную ситуацию и объясним последовательность действий.

Напишите в чат «СРО» и укажите направление, регион регистрации и планируемые работы. Подскажем, какие документы подготовить в первую очередь.";images/sro.png;;;;NEW_REVIEW;https://nadosro.ru/;DRAFT_NOT_FOR_UPLOAD
mcm-nok-stavropol;28;Ставрополь;НОК;nok;НОК НОСТРОЙ / НОПРИЗ — подготовка к экзамену;"Нужно пройти независимую оценку квалификации? МСМ помогает специалистам строительной отрасли подготовиться к экзамену и собрать документы для допуска к НОК.

Клиентам из города Ставрополь. МСМ работает с заказчиками по всей России.

Чем поможем:
• Разберём вашу задачу и направление квалификации.
• Поможем собрать и подготовить документы.
• Организуем подготовку к экзамену.
• Сопроводим по организационным вопросам до получения результатов.

Работаем со специалистами по строительству, проектированию и инженерным изысканиям. Подготовка и сопровождение подбираются под вашу квалификацию и текущую ситуацию.

Компания МСМ специализируется на лицензировании, саморегулировании и подготовке специалистов. Разберём исходную ситуацию и объясним последовательность действий.

Напишите в чат «НОК» и укажите вашу специальность, город и желаемый срок прохождения. Подскажем, с чего начать.";images/nok.png;;8317237760;mcm-stavropol-sro_project-20260903;UPDATE_REVIEW;https://nadosro.ru/nezavisimaya-oczenka-kvalifikaczii;DRAFT_NOT_FOR_UPLOAD
mcm-nrs-stavropol;28;Ставрополь;НРС;nrs;Включение в НРС НОСТРОЙ / НОПРИЗ — помощь;"Планируете включение специалиста в национальный реестр? МСМ поможет проверить документы и подготовить заявление для НОСТРОЙ или НОПРИЗ.

Клиентам из города Ставрополь. МСМ работает с заказчиками по всей России.

Чем поможем:
• Проведём предварительный разбор документов специалиста.
• Подскажем, какие сведения нужно дополнить.
• Поможем подготовить комплект документов и заявление.
• Сопроводим рассмотрение и разберём замечания при их наличии.

Помогаем специалистам строительных, проектных и изыскательских организаций. Если ранее получили отказ, разберём его причины и возможные дальнейшие действия.

Компания МСМ специализируется на лицензировании, саморегулировании и подготовке специалистов. Разберём исходную ситуацию и объясним последовательность действий.

Напишите в чат «НРС»: укажите направление, образование и стаж. Подскажем порядок подготовки документов.";images/nrs.png;;;;NEW_REVIEW;https://nadosro.ru/vnesenie-specialistov-v-nacionalnyj-reestr;DRAFT_NOT_FOR_UPLOAD
mcm-mchs-stavropol;28;Ставрополь;Лицензия МЧС;mchs;Лицензия МЧС — помощь в оформлении;"Готовите компанию к получению лицензии МЧС? МСМ сопровождает оформление: от разбора вашей задачи до подготовки документов и взаимодействия по заявлению.

Клиентам из города Ставрополь. МСМ работает с заказчиками по всей России.

Чем поможем:
• Определим перечень работ, по которым нужна лицензия.
• Поможем собрать документы компании и специалистов.
• Проконсультируем по оборудованию и его документальному оформлению.
• Подготовим к проверке и сопроводим процесс рассмотрения.

Работаем с организациями и ИП в сфере пожарной безопасности. Сначала выясним, какие работы вы планируете выполнять, какие специалисты и оборудование уже есть, затем составим план подготовки.

Компания МСМ специализируется на лицензировании, саморегулировании и подготовке специалистов. Разберём исходную ситуацию и объясним последовательность действий.

Напишите в чат «МЧС» и перечислите планируемые работы. Расскажем, какие документы понадобятся в вашей ситуации.";images/mchs.png;;;;NEW_REVIEW;https://nadosro.ru/license/poluchit-licenziyu-mchs;DRAFT_NOT_FOR_UPLOAD
mcm-giop-stavropol;28;Ставрополь;Минкультуры / ГИОП;giop;Лицензия Минкультуры, ГИОП — оформление;"Нужна помощь с лицензией Минкультуры на реставрационные работы? МСМ сопровождает подготовку документов для деятельности по сохранению объектов культурного наследия. Это направление также ищут как «лицензия ГИОП».

Клиентам из города Ставрополь. МСМ работает с заказчиками по всей России.

Чем поможем:
• Разберём перечень планируемых реставрационных работ.
• Поможем собрать и подготовить документы организации.
• Проконсультируем по квалификации и аттестации специалистов.
• Сопроводим подачу и рассмотрение заявления.

Работаем с компаниями из разных регионов России. Порядок подготовки определяем с учётом выбранных работ, состава специалистов и готовности документов.

Компания МСМ специализируется на лицензировании, саморегулировании и подготовке специалистов. Разберём исходную ситуацию и объясним последовательность действий.

Напишите в чат «ГИОП» и укажите виды работ. Подскажем дальнейшие шаги для вашей компании.";images/giop.png;;;;NEW_REVIEW;https://nadosro.ru/license/licenziya-minkultury;DRAFT_NOT_FOR_UPLOAD
mcm-sro-stavropol;28;Ставрополь;СРО — три направления;sro;СРО: строительство, проектирование, изыскания;"Нужно вступить в СРО? МСМ поможет подобрать саморегулируемую организацию и подготовить документы для вашей компании или ИП. Сопровождаем три направления: строительство, проектирование и инженерные изыскания.

Клиентам из города Ставрополь. МСМ работает с заказчиками по всей России.

Чем поможем:
• Разберём виды работ, регион регистрации и задачи компании.
• Поможем подобрать СРО по нужному направлению.
• Подготовим комплект документов и заявление на вступление.
• Проконсультируем по специалистам НРС и требованиям выбранной СРО.
• Сопроводим рассмотрение документов и разберём замечания.

Строителям помогаем оформить членство в СРО для строительных работ. Проектировщикам — для подготовки проектной документации. Изыскателям — для инженерных изысканий. Если компании нужны несколько направлений, разберём каждое и согласуем общий порядок подготовки.

Компания МСМ специализируется на лицензировании, саморегулировании и подготовке специалистов. Разберём исходную ситуацию и объясним последовательность действий.

Напишите в чат «СРО» и укажите направление, регион регистрации и планируемые работы. Подскажем, какие документы подготовить в первую очередь.";images/sro.png;;;;NEW_REVIEW;https://nadosro.ru/;DRAFT_NOT_FOR_UPLOAD
mcm-nok-sevastopol;29;Севастополь;НОК;nok;НОК НОСТРОЙ / НОПРИЗ — подготовка к экзамену;"Нужно пройти независимую оценку квалификации? МСМ помогает специалистам строительной отрасли подготовиться к экзамену и собрать документы для допуска к НОК.

Клиентам из города Севастополь. МСМ работает с заказчиками по всей России.

Чем поможем:
• Разберём вашу задачу и направление квалификации.
• Поможем собрать и подготовить документы.
• Организуем подготовку к экзамену.
• Сопроводим по организационным вопросам до получения результатов.

Работаем со специалистами по строительству, проектированию и инженерным изысканиям. Подготовка и сопровождение подбираются под вашу квалификацию и текущую ситуацию.

Компания МСМ специализируется на лицензировании, саморегулировании и подготовке специалистов. Разберём исходную ситуацию и объясним последовательность действий.

Напишите в чат «НОК» и укажите вашу специальность, город и желаемый срок прохождения. Подскажем, с чего начать.";images/nok.png;;8270812201;mcm-sterlitamak-sro_build-20260903;UPDATE_REVIEW;https://nadosro.ru/nezavisimaya-oczenka-kvalifikaczii;DRAFT_NOT_FOR_UPLOAD
mcm-nrs-sevastopol;29;Севастополь;НРС;nrs;Включение в НРС НОСТРОЙ / НОПРИЗ — помощь;"Планируете включение специалиста в национальный реестр? МСМ поможет проверить документы и подготовить заявление для НОСТРОЙ или НОПРИЗ.

Клиентам из города Севастополь. МСМ работает с заказчиками по всей России.

Чем поможем:
• Проведём предварительный разбор документов специалиста.
• Подскажем, какие сведения нужно дополнить.
• Поможем подготовить комплект документов и заявление.
• Сопроводим рассмотрение и разберём замечания при их наличии.

Помогаем специалистам строительных, проектных и изыскательских организаций. Если ранее получили отказ, разберём его причины и возможные дальнейшие действия.

Компания МСМ специализируется на лицензировании, саморегулировании и подготовке специалистов. Разберём исходную ситуацию и объясним последовательность действий.

Напишите в чат «НРС»: укажите направление, образование и стаж. Подскажем порядок подготовки документов.";images/nrs.png;;;;NEW_REVIEW;https://nadosro.ru/vnesenie-specialistov-v-nacionalnyj-reestr;DRAFT_NOT_FOR_UPLOAD
mcm-mchs-sevastopol;29;Севастополь;Лицензия МЧС;mchs;Лицензия МЧС — помощь в оформлении;"Готовите компанию к получению лицензии МЧС? МСМ сопровождает оформление: от разбора вашей задачи до подготовки документов и взаимодействия по заявлению.

Клиентам из города Севастополь. МСМ работает с заказчиками по всей России.

Чем поможем:
• Определим перечень работ, по которым нужна лицензия.
• Поможем собрать документы компании и специалистов.
• Проконсультируем по оборудованию и его документальному оформлению.
• Подготовим к проверке и сопроводим процесс рассмотрения.

Работаем с организациями и ИП в сфере пожарной безопасности. Сначала выясним, какие работы вы планируете выполнять, какие специалисты и оборудование уже есть, затем составим план подготовки.

Компания МСМ специализируется на лицензировании, саморегулировании и подготовке специалистов. Разберём исходную ситуацию и объясним последовательность действий.

Напишите в чат «МЧС» и перечислите планируемые работы. Расскажем, какие документы понадобятся в вашей ситуации.";images/mchs.png;;;;NEW_REVIEW;https://nadosro.ru/license/poluchit-licenziyu-mchs;DRAFT_NOT_FOR_UPLOAD
mcm-giop-sevastopol;29;Севастополь;Минкультуры / ГИОП;giop;Лицензия Минкультуры, ГИОП — оформление;"Нужна помощь с лицензией Минкультуры на реставрационные работы? МСМ сопровождает подготовку документов для деятельности по сохранению объектов культурного наследия. Это направление также ищут как «лицензия ГИОП».

Клиентам из города Севастополь. МСМ работает с заказчиками по всей России.

Чем поможем:
• Разберём перечень планируемых реставрационных работ.
• Поможем собрать и подготовить документы организации.
• Проконсультируем по квалификации и аттестации специалистов.
• Сопроводим подачу и рассмотрение заявления.

Работаем с компаниями из разных регионов России. Порядок подготовки определяем с учётом выбранных работ, состава специалистов и готовности документов.

Компания МСМ специализируется на лицензировании, саморегулировании и подготовке специалистов. Разберём исходную ситуацию и объясним последовательность действий.

Напишите в чат «ГИОП» и укажите виды работ. Подскажем дальнейшие шаги для вашей компании.";images/giop.png;;;;NEW_REVIEW;https://nadosro.ru/license/licenziya-minkultury;DRAFT_NOT_FOR_UPLOAD
mcm-sro-sevastopol;29;Севастополь;СРО — три направления;sro;СРО: строительство, проектирование, изыскания;"Нужно вступить в СРО? МСМ поможет подобрать саморегулируемую организацию и подготовить документы для вашей компании или ИП. Сопровождаем три направления: строительство, проектирование и инженерные изыскания.

Клиентам из города Севастополь. МСМ работает с заказчиками по всей России.

Чем поможем:
• Разберём виды работ, регион регистрации и задачи компании.
• Поможем подобрать СРО по нужному направлению.
• Подготовим комплект документов и заявление на вступление.
• Проконсультируем по специалистам НРС и требованиям выбранной СРО.
• Сопроводим рассмотрение документов и разберём замечания.

Строителям помогаем оформить членство в СРО для строительных работ. Проектировщикам — для подготовки проектной документации. Изыскателям — для инженерных изысканий. Если компании нужны несколько направлений, разберём каждое и согласуем общий порядок подготовки.

Компания МСМ специализируется на лицензировании, саморегулировании и подготовке специалистов. Разберём исходную ситуацию и объясним последовательность действий.

Напишите в чат «СРО» и укажите направление, регион регистрации и планируемые работы. Подскажем, какие документы подготовить в первую очередь.";images/sro.png;;;;NEW_REVIEW;https://nadosro.ru/;DRAFT_NOT_FOR_UPLOAD
mcm-nok-tomsk;30;Томск;НОК;nok;НОК НОСТРОЙ / НОПРИЗ — подготовка к экзамену;"Нужно пройти независимую оценку квалификации? МСМ помогает специалистам строительной отрасли подготовиться к экзамену и собрать документы для допуска к НОК.

Клиентам из города Томск. МСМ работает с заказчиками по всей России.

Чем поможем:
• Разберём вашу задачу и направление квалификации.
• Поможем собрать и подготовить документы.
• Организуем подготовку к экзамену.
• Сопроводим по организационным вопросам до получения результатов.

Работаем со специалистами по строительству, проектированию и инженерным изысканиям. Подготовка и сопровождение подбираются под вашу квалификацию и текущую ситуацию.

Компания МСМ специализируется на лицензировании, саморегулировании и подготовке специалистов. Разберём исходную ситуацию и объясним последовательность действий.

Напишите в чат «НОК» и укажите вашу специальность, город и желаемый срок прохождения. Подскажем, с чего начать.";images/nok.png;;8254278466;mcm-tomsk-mchs-20260903;UPDATE_REVIEW;https://nadosro.ru/nezavisimaya-oczenka-kvalifikaczii;DRAFT_NOT_FOR_UPLOAD
mcm-nrs-tomsk;30;Томск;НРС;nrs;Включение в НРС НОСТРОЙ / НОПРИЗ — помощь;"Планируете включение специалиста в национальный реестр? МСМ поможет проверить документы и подготовить заявление для НОСТРОЙ или НОПРИЗ.

Клиентам из города Томск. МСМ работает с заказчиками по всей России.

Чем поможем:
• Проведём предварительный разбор документов специалиста.
• Подскажем, какие сведения нужно дополнить.
• Поможем подготовить комплект документов и заявление.
• Сопроводим рассмотрение и разберём замечания при их наличии.

Помогаем специалистам строительных, проектных и изыскательских организаций. Если ранее получили отказ, разберём его причины и возможные дальнейшие действия.

Компания МСМ специализируется на лицензировании, саморегулировании и подготовке специалистов. Разберём исходную ситуацию и объясним последовательность действий.

Напишите в чат «НРС»: укажите направление, образование и стаж. Подскажем порядок подготовки документов.";images/nrs.png;;;;NEW_REVIEW;https://nadosro.ru/vnesenie-specialistov-v-nacionalnyj-reestr;DRAFT_NOT_FOR_UPLOAD
mcm-mchs-tomsk;30;Томск;Лицензия МЧС;mchs;Лицензия МЧС — помощь в оформлении;"Готовите компанию к получению лицензии МЧС? МСМ сопровождает оформление: от разбора вашей задачи до подготовки документов и взаимодействия по заявлению.

Клиентам из города Томск. МСМ работает с заказчиками по всей России.

Чем поможем:
• Определим перечень работ, по которым нужна лицензия.
• Поможем собрать документы компании и специалистов.
• Проконсультируем по оборудованию и его документальному оформлению.
• Подготовим к проверке и сопроводим процесс рассмотрения.

Работаем с организациями и ИП в сфере пожарной безопасности. Сначала выясним, какие работы вы планируете выполнять, какие специалисты и оборудование уже есть, затем составим план подготовки.

Компания МСМ специализируется на лицензировании, саморегулировании и подготовке специалистов. Разберём исходную ситуацию и объясним последовательность действий.

Напишите в чат «МЧС» и перечислите планируемые работы. Расскажем, какие документы понадобятся в вашей ситуации.";images/mchs.png;;;;NEW_REVIEW;https://nadosro.ru/license/poluchit-licenziyu-mchs;DRAFT_NOT_FOR_UPLOAD
mcm-giop-tomsk;30;Томск;Минкультуры / ГИОП;giop;Лицензия Минкультуры, ГИОП — оформление;"Нужна помощь с лицензией Минкультуры на реставрационные работы? МСМ сопровождает подготовку документов для деятельности по сохранению объектов культурного наследия. Это направление также ищут как «лицензия ГИОП».

Клиентам из города Томск. МСМ работает с заказчиками по всей России.

Чем поможем:
• Разберём перечень планируемых реставрационных работ.
• Поможем собрать и подготовить документы организации.
• Проконсультируем по квалификации и аттестации специалистов.
• Сопроводим подачу и рассмотрение заявления.

Работаем с компаниями из разных регионов России. Порядок подготовки определяем с учётом выбранных работ, состава специалистов и готовности документов.

Компания МСМ специализируется на лицензировании, саморегулировании и подготовке специалистов. Разберём исходную ситуацию и объясним последовательность действий.

Напишите в чат «ГИОП» и укажите виды работ. Подскажем дальнейшие шаги для вашей компании.";images/giop.png;;;;NEW_REVIEW;https://nadosro.ru/license/licenziya-minkultury;DRAFT_NOT_FOR_UPLOAD
mcm-sro-tomsk;30;Томск;СРО — три направления;sro;СРО: строительство, проектирование, изыскания;"Нужно вступить в СРО? МСМ поможет подобрать саморегулируемую организацию и подготовить документы для вашей компании или ИП. Сопровождаем три направления: строительство, проектирование и инженерные изыскания.

Клиентам из города Томск. МСМ работает с заказчиками по всей России.

Чем поможем:
• Разберём виды работ, регион регистрации и задачи компании.
• Поможем подобрать СРО по нужному направлению.
• Подготовим комплект документов и заявление на вступление.
• Проконсультируем по специалистам НРС и требованиям выбранной СРО.
• Сопроводим рассмотрение документов и разберём замечания.

Строителям помогаем оформить членство в СРО для строительных работ. Проектировщикам — для подготовки проектной документации. Изыскателям — для инженерных изысканий. Если компании нужны несколько направлений, разберём каждое и согласуем общий порядок подготовки.

Компания МСМ специализируется на лицензировании, саморегулировании и подготовке специалистов. Разберём исходную ситуацию и объясним последовательность действий.

Напишите в чат «СРО» и укажите направление, регион регистрации и планируемые работы. Подскажем, какие документы подготовить в первую очередь.";images/sro.png;;;;NEW_REVIEW;https://nadosro.ru/;DRAFT_NOT_FOR_UPLOAD
mcm-nok-orenburg;31;Оренбург;НОК;nok;НОК НОСТРОЙ / НОПРИЗ — подготовка к экзамену;"Нужно пройти независимую оценку квалификации? МСМ помогает специалистам строительной отрасли подготовиться к экзамену и собрать документы для допуска к НОК.

Клиентам из города Оренбург. МСМ работает с заказчиками по всей России.

Чем поможем:
• Разберём вашу задачу и направление квалификации.
• Поможем собрать и подготовить документы.
• Организуем подготовку к экзамену.
• Сопроводим по организационным вопросам до получения результатов.

Работаем со специалистами по строительству, проектированию и инженерным изысканиям. Подготовка и сопровождение подбираются под вашу квалификацию и текущую ситуацию.

Компания МСМ специализируется на лицензировании, саморегулировании и подготовке специалистов. Разберём исходную ситуацию и объясним последовательность действий.

Напишите в чат «НОК» и укажите вашу специальность, город и желаемый срок прохождения. Подскажем, с чего начать.";images/nok.png;;;;NEW_REVIEW;https://nadosro.ru/nezavisimaya-oczenka-kvalifikaczii;DRAFT_NOT_FOR_UPLOAD
mcm-nrs-orenburg;31;Оренбург;НРС;nrs;Включение в НРС НОСТРОЙ / НОПРИЗ — помощь;"Планируете включение специалиста в национальный реестр? МСМ поможет проверить документы и подготовить заявление для НОСТРОЙ или НОПРИЗ.

Клиентам из города Оренбург. МСМ работает с заказчиками по всей России.

Чем поможем:
• Проведём предварительный разбор документов специалиста.
• Подскажем, какие сведения нужно дополнить.
• Поможем подготовить комплект документов и заявление.
• Сопроводим рассмотрение и разберём замечания при их наличии.

Помогаем специалистам строительных, проектных и изыскательских организаций. Если ранее получили отказ, разберём его причины и возможные дальнейшие действия.

Компания МСМ специализируется на лицензировании, саморегулировании и подготовке специалистов. Разберём исходную ситуацию и объясним последовательность действий.

Напишите в чат «НРС»: укажите направление, образование и стаж. Подскажем порядок подготовки документов.";images/nrs.png;;;;NEW_REVIEW;https://nadosro.ru/vnesenie-specialistov-v-nacionalnyj-reestr;DRAFT_NOT_FOR_UPLOAD
mcm-mchs-orenburg;31;Оренбург;Лицензия МЧС;mchs;Лицензия МЧС — помощь в оформлении;"Готовите компанию к получению лицензии МЧС? МСМ сопровождает оформление: от разбора вашей задачи до подготовки документов и взаимодействия по заявлению.

Клиентам из города Оренбург. МСМ работает с заказчиками по всей России.

Чем поможем:
• Определим перечень работ, по которым нужна лицензия.
• Поможем собрать документы компании и специалистов.
• Проконсультируем по оборудованию и его документальному оформлению.
• Подготовим к проверке и сопроводим процесс рассмотрения.

Работаем с организациями и ИП в сфере пожарной безопасности. Сначала выясним, какие работы вы планируете выполнять, какие специалисты и оборудование уже есть, затем составим план подготовки.

Компания МСМ специализируется на лицензировании, саморегулировании и подготовке специалистов. Разберём исходную ситуацию и объясним последовательность действий.

Напишите в чат «МЧС» и перечислите планируемые работы. Расскажем, какие документы понадобятся в вашей ситуации.";images/mchs.png;;;;NEW_REVIEW;https://nadosro.ru/license/poluchit-licenziyu-mchs;DRAFT_NOT_FOR_UPLOAD
mcm-giop-orenburg;31;Оренбург;Минкультуры / ГИОП;giop;Лицензия Минкультуры, ГИОП — оформление;"Нужна помощь с лицензией Минкультуры на реставрационные работы? МСМ сопровождает подготовку документов для деятельности по сохранению объектов культурного наследия. Это направление также ищут как «лицензия ГИОП».

Клиентам из города Оренбург. МСМ работает с заказчиками по всей России.

Чем поможем:
• Разберём перечень планируемых реставрационных работ.
• Поможем собрать и подготовить документы организации.
• Проконсультируем по квалификации и аттестации специалистов.
• Сопроводим подачу и рассмотрение заявления.

Работаем с компаниями из разных регионов России. Порядок подготовки определяем с учётом выбранных работ, состава специалистов и готовности документов.

Компания МСМ специализируется на лицензировании, саморегулировании и подготовке специалистов. Разберём исходную ситуацию и объясним последовательность действий.

Напишите в чат «ГИОП» и укажите виды работ. Подскажем дальнейшие шаги для вашей компании.";images/giop.png;;;;NEW_REVIEW;https://nadosro.ru/license/licenziya-minkultury;DRAFT_NOT_FOR_UPLOAD
mcm-sro-orenburg;31;Оренбург;СРО — три направления;sro;СРО: строительство, проектирование, изыскания;"Нужно вступить в СРО? МСМ поможет подобрать саморегулируемую организацию и подготовить документы для вашей компании или ИП. Сопровождаем три направления: строительство, проектирование и инженерные изыскания.

Клиентам из города Оренбург. МСМ работает с заказчиками по всей России.

Чем поможем:
• Разберём виды работ, регион регистрации и задачи компании.
• Поможем подобрать СРО по нужному направлению.
• Подготовим комплект документов и заявление на вступление.
• Проконсультируем по специалистам НРС и требованиям выбранной СРО.
• Сопроводим рассмотрение документов и разберём замечания.

Строителям помогаем оформить членство в СРО для строительных работ. Проектировщикам — для подготовки проектной документации. Изыскателям — для инженерных изысканий. Если компании нужны несколько направлений, разберём каждое и согласуем общий порядок подготовки.

Компания МСМ специализируется на лицензировании, саморегулировании и подготовке специалистов. Разберём исходную ситуацию и объясним последовательность действий.

Напишите в чат «СРО» и укажите направление, регион регистрации и планируемые работы. Подскажем, какие документы подготовить в первую очередь.";images/sro.png;;;;NEW_REVIEW;https://nadosro.ru/;DRAFT_NOT_FOR_UPLOAD
mcm-nok-kemerovo;32;Кемерово;НОК;nok;НОК НОСТРОЙ / НОПРИЗ — подготовка к экзамену;"Нужно пройти независимую оценку квалификации? МСМ помогает специалистам строительной отрасли подготовиться к экзамену и собрать документы для допуска к НОК.

Клиентам из города Кемерово. МСМ работает с заказчиками по всей России.

Чем поможем:
• Разберём вашу задачу и направление квалификации.
• Поможем собрать и подготовить документы.
• Организуем подготовку к экзамену.
• Сопроводим по организационным вопросам до получения результатов.

Работаем со специалистами по строительству, проектированию и инженерным изысканиям. Подготовка и сопровождение подбираются под вашу квалификацию и текущую ситуацию.

Компания МСМ специализируется на лицензировании, саморегулировании и подготовке специалистов. Разберём исходную ситуацию и объясним последовательность действий.

Напишите в чат «НОК» и укажите вашу специальность, город и желаемый срок прохождения. Подскажем, с чего начать.";images/nok.png;;;;NEW_REVIEW;https://nadosro.ru/nezavisimaya-oczenka-kvalifikaczii;DRAFT_NOT_FOR_UPLOAD
mcm-nrs-kemerovo;32;Кемерово;НРС;nrs;Включение в НРС НОСТРОЙ / НОПРИЗ — помощь;"Планируете включение специалиста в национальный реестр? МСМ поможет проверить документы и подготовить заявление для НОСТРОЙ или НОПРИЗ.

Клиентам из города Кемерово. МСМ работает с заказчиками по всей России.

Чем поможем:
• Проведём предварительный разбор документов специалиста.
• Подскажем, какие сведения нужно дополнить.
• Поможем подготовить комплект документов и заявление.
• Сопроводим рассмотрение и разберём замечания при их наличии.

Помогаем специалистам строительных, проектных и изыскательских организаций. Если ранее получили отказ, разберём его причины и возможные дальнейшие действия.

Компания МСМ специализируется на лицензировании, саморегулировании и подготовке специалистов. Разберём исходную ситуацию и объясним последовательность действий.

Напишите в чат «НРС»: укажите направление, образование и стаж. Подскажем порядок подготовки документов.";images/nrs.png;;;;NEW_REVIEW;https://nadosro.ru/vnesenie-specialistov-v-nacionalnyj-reestr;DRAFT_NOT_FOR_UPLOAD
mcm-mchs-kemerovo;32;Кемерово;Лицензия МЧС;mchs;Лицензия МЧС — помощь в оформлении;"Готовите компанию к получению лицензии МЧС? МСМ сопровождает оформление: от разбора вашей задачи до подготовки документов и взаимодействия по заявлению.

Клиентам из города Кемерово. МСМ работает с заказчиками по всей России.

Чем поможем:
• Определим перечень работ, по которым нужна лицензия.
• Поможем собрать документы компании и специалистов.
• Проконсультируем по оборудованию и его документальному оформлению.
• Подготовим к проверке и сопроводим процесс рассмотрения.

Работаем с организациями и ИП в сфере пожарной безопасности. Сначала выясним, какие работы вы планируете выполнять, какие специалисты и оборудование уже есть, затем составим план подготовки.

Компания МСМ специализируется на лицензировании, саморегулировании и подготовке специалистов. Разберём исходную ситуацию и объясним последовательность действий.

Напишите в чат «МЧС» и перечислите планируемые работы. Расскажем, какие документы понадобятся в вашей ситуации.";images/mchs.png;;;;NEW_REVIEW;https://nadosro.ru/license/poluchit-licenziyu-mchs;DRAFT_NOT_FOR_UPLOAD
mcm-giop-kemerovo;32;Кемерово;Минкультуры / ГИОП;giop;Лицензия Минкультуры, ГИОП — оформление;"Нужна помощь с лицензией Минкультуры на реставрационные работы? МСМ сопровождает подготовку документов для деятельности по сохранению объектов культурного наследия. Это направление также ищут как «лицензия ГИОП».

Клиентам из города Кемерово. МСМ работает с заказчиками по всей России.

Чем поможем:
• Разберём перечень планируемых реставрационных работ.
• Поможем собрать и подготовить документы организации.
• Проконсультируем по квалификации и аттестации специалистов.
• Сопроводим подачу и рассмотрение заявления.

Работаем с компаниями из разных регионов России. Порядок подготовки определяем с учётом выбранных работ, состава специалистов и готовности документов.

Компания МСМ специализируется на лицензировании, саморегулировании и подготовке специалистов. Разберём исходную ситуацию и объясним последовательность действий.

Напишите в чат «ГИОП» и укажите виды работ. Подскажем дальнейшие шаги для вашей компании.";images/giop.png;;;;NEW_REVIEW;https://nadosro.ru/license/licenziya-minkultury;DRAFT_NOT_FOR_UPLOAD
mcm-sro-kemerovo;32;Кемерово;СРО — три направления;sro;СРО: строительство, проектирование, изыскания;"Нужно вступить в СРО? МСМ поможет подобрать саморегулируемую организацию и подготовить документы для вашей компании или ИП. Сопровождаем три направления: строительство, проектирование и инженерные изыскания.

Клиентам из города Кемерово. МСМ работает с заказчиками по всей России.

Чем поможем:
• Разберём виды работ, регион регистрации и задачи компании.
• Поможем подобрать СРО по нужному направлению.
• Подготовим комплект документов и заявление на вступление.
• Проконсультируем по специалистам НРС и требованиям выбранной СРО.
• Сопроводим рассмотрение документов и разберём замечания.

Строителям помогаем оформить членство в СРО для строительных работ. Проектировщикам — для подготовки проектной документации. Изыскателям — для инженерных изысканий. Если компании нужны несколько направлений, разберём каждое и согласуем общий порядок подготовки.

Компания МСМ специализируется на лицензировании, саморегулировании и подготовке специалистов. Разберём исходную ситуацию и объясним последовательность действий.

Напишите в чат «СРО» и укажите направление, регион регистрации и планируемые работы. Подскажем, какие документы подготовить в первую очередь.";images/sro.png;;;;NEW_REVIEW;https://nadosro.ru/;DRAFT_NOT_FOR_UPLOAD
mcm-nok-novokuznetsk;33;Новокузнецк;НОК;nok;НОК НОСТРОЙ / НОПРИЗ — подготовка к экзамену;"Нужно пройти независимую оценку квалификации? МСМ помогает специалистам строительной отрасли подготовиться к экзамену и собрать документы для допуска к НОК.

Клиентам из города Новокузнецк. МСМ работает с заказчиками по всей России.

Чем поможем:
• Разберём вашу задачу и направление квалификации.
• Поможем собрать и подготовить документы.
• Организуем подготовку к экзамену.
• Сопроводим по организационным вопросам до получения результатов.

Работаем со специалистами по строительству, проектированию и инженерным изысканиям. Подготовка и сопровождение подбираются под вашу квалификацию и текущую ситуацию.

Компания МСМ специализируется на лицензировании, саморегулировании и подготовке специалистов. Разберём исходную ситуацию и объясним последовательность действий.

Напишите в чат «НОК» и укажите вашу специальность, город и желаемый срок прохождения. Подскажем, с чего начать.";images/nok.png;;;;NEW_REVIEW;https://nadosro.ru/nezavisimaya-oczenka-kvalifikaczii;DRAFT_NOT_FOR_UPLOAD
mcm-nrs-novokuznetsk;33;Новокузнецк;НРС;nrs;Включение в НРС НОСТРОЙ / НОПРИЗ — помощь;"Планируете включение специалиста в национальный реестр? МСМ поможет проверить документы и подготовить заявление для НОСТРОЙ или НОПРИЗ.

Клиентам из города Новокузнецк. МСМ работает с заказчиками по всей России.

Чем поможем:
• Проведём предварительный разбор документов специалиста.
• Подскажем, какие сведения нужно дополнить.
• Поможем подготовить комплект документов и заявление.
• Сопроводим рассмотрение и разберём замечания при их наличии.

Помогаем специалистам строительных, проектных и изыскательских организаций. Если ранее получили отказ, разберём его причины и возможные дальнейшие действия.

Компания МСМ специализируется на лицензировании, саморегулировании и подготовке специалистов. Разберём исходную ситуацию и объясним последовательность действий.

Напишите в чат «НРС»: укажите направление, образование и стаж. Подскажем порядок подготовки документов.";images/nrs.png;;;;NEW_REVIEW;https://nadosro.ru/vnesenie-specialistov-v-nacionalnyj-reestr;DRAFT_NOT_FOR_UPLOAD
mcm-mchs-novokuznetsk;33;Новокузнецк;Лицензия МЧС;mchs;Лицензия МЧС — помощь в оформлении;"Готовите компанию к получению лицензии МЧС? МСМ сопровождает оформление: от разбора вашей задачи до подготовки документов и взаимодействия по заявлению.

Клиентам из города Новокузнецк. МСМ работает с заказчиками по всей России.

Чем поможем:
• Определим перечень работ, по которым нужна лицензия.
• Поможем собрать документы компании и специалистов.
• Проконсультируем по оборудованию и его документальному оформлению.
• Подготовим к проверке и сопроводим процесс рассмотрения.

Работаем с организациями и ИП в сфере пожарной безопасности. Сначала выясним, какие работы вы планируете выполнять, какие специалисты и оборудование уже есть, затем составим план подготовки.

Компания МСМ специализируется на лицензировании, саморегулировании и подготовке специалистов. Разберём исходную ситуацию и объясним последовательность действий.

Напишите в чат «МЧС» и перечислите планируемые работы. Расскажем, какие документы понадобятся в вашей ситуации.";images/mchs.png;;;;NEW_REVIEW;https://nadosro.ru/license/poluchit-licenziyu-mchs;DRAFT_NOT_FOR_UPLOAD
mcm-giop-novokuznetsk;33;Новокузнецк;Минкультуры / ГИОП;giop;Лицензия Минкультуры, ГИОП — оформление;"Нужна помощь с лицензией Минкультуры на реставрационные работы? МСМ сопровождает подготовку документов для деятельности по сохранению объектов культурного наследия. Это направление также ищут как «лицензия ГИОП».

Клиентам из города Новокузнецк. МСМ работает с заказчиками по всей России.

Чем поможем:
• Разберём перечень планируемых реставрационных работ.
• Поможем собрать и подготовить документы организации.
• Проконсультируем по квалификации и аттестации специалистов.
• Сопроводим подачу и рассмотрение заявления.

Работаем с компаниями из разных регионов России. Порядок подготовки определяем с учётом выбранных работ, состава специалистов и готовности документов.

Компания МСМ специализируется на лицензировании, саморегулировании и подготовке специалистов. Разберём исходную ситуацию и объясним последовательность действий.

Напишите в чат «ГИОП» и укажите виды работ. Подскажем дальнейшие шаги для вашей компании.";images/giop.png;;;;NEW_REVIEW;https://nadosro.ru/license/licenziya-minkultury;DRAFT_NOT_FOR_UPLOAD
mcm-sro-novokuznetsk;33;Новокузнецк;СРО — три направления;sro;СРО: строительство, проектирование, изыскания;"Нужно вступить в СРО? МСМ поможет подобрать саморегулируемую организацию и подготовить документы для вашей компании или ИП. Сопровождаем три направления: строительство, проектирование и инженерные изыскания.

Клиентам из города Новокузнецк. МСМ работает с заказчиками по всей России.

Чем поможем:
• Разберём виды работ, регион регистрации и задачи компании.
• Поможем подобрать СРО по нужному направлению.
• Подготовим комплект документов и заявление на вступление.
• Проконсультируем по специалистам НРС и требованиям выбранной СРО.
• Сопроводим рассмотрение документов и разберём замечания.

Строителям помогаем оформить членство в СРО для строительных работ. Проектировщикам — для подготовки проектной документации. Изыскателям — для инженерных изысканий. Если компании нужны несколько направлений, разберём каждое и согласуем общий порядок подготовки.

Компания МСМ специализируется на лицензировании, саморегулировании и подготовке специалистов. Разберём исходную ситуацию и объясним последовательность действий.

Напишите в чат «СРО» и укажите направление, регион регистрации и планируемые работы. Подскажем, какие документы подготовить в первую очередь.";images/sro.png;;;;NEW_REVIEW;https://nadosro.ru/;DRAFT_NOT_FOR_UPLOAD
mcm-nok-ryazan;34;Рязань;НОК;nok;НОК НОСТРОЙ / НОПРИЗ — подготовка к экзамену;"Нужно пройти независимую оценку квалификации? МСМ помогает специалистам строительной отрасли подготовиться к экзамену и собрать документы для допуска к НОК.

Клиентам из города Рязань. МСМ работает с заказчиками по всей России.

Чем поможем:
• Разберём вашу задачу и направление квалификации.
• Поможем собрать и подготовить документы.
• Организуем подготовку к экзамену.
• Сопроводим по организационным вопросам до получения результатов.

Работаем со специалистами по строительству, проектированию и инженерным изысканиям. Подготовка и сопровождение подбираются под вашу квалификацию и текущую ситуацию.

Компания МСМ специализируется на лицензировании, саморегулировании и подготовке специалистов. Разберём исходную ситуацию и объясним последовательность действий.

Напишите в чат «НОК» и укажите вашу специальность, город и желаемый срок прохождения. Подскажем, с чего начать.";images/nok.png;;;;NEW_REVIEW;https://nadosro.ru/nezavisimaya-oczenka-kvalifikaczii;DRAFT_NOT_FOR_UPLOAD
mcm-nrs-ryazan;34;Рязань;НРС;nrs;Включение в НРС НОСТРОЙ / НОПРИЗ — помощь;"Планируете включение специалиста в национальный реестр? МСМ поможет проверить документы и подготовить заявление для НОСТРОЙ или НОПРИЗ.

Клиентам из города Рязань. МСМ работает с заказчиками по всей России.

Чем поможем:
• Проведём предварительный разбор документов специалиста.
• Подскажем, какие сведения нужно дополнить.
• Поможем подготовить комплект документов и заявление.
• Сопроводим рассмотрение и разберём замечания при их наличии.

Помогаем специалистам строительных, проектных и изыскательских организаций. Если ранее получили отказ, разберём его причины и возможные дальнейшие действия.

Компания МСМ специализируется на лицензировании, саморегулировании и подготовке специалистов. Разберём исходную ситуацию и объясним последовательность действий.

Напишите в чат «НРС»: укажите направление, образование и стаж. Подскажем порядок подготовки документов.";images/nrs.png;;;;NEW_REVIEW;https://nadosro.ru/vnesenie-specialistov-v-nacionalnyj-reestr;DRAFT_NOT_FOR_UPLOAD
mcm-mchs-ryazan;34;Рязань;Лицензия МЧС;mchs;Лицензия МЧС — помощь в оформлении;"Готовите компанию к получению лицензии МЧС? МСМ сопровождает оформление: от разбора вашей задачи до подготовки документов и взаимодействия по заявлению.

Клиентам из города Рязань. МСМ работает с заказчиками по всей России.

Чем поможем:
• Определим перечень работ, по которым нужна лицензия.
• Поможем собрать документы компании и специалистов.
• Проконсультируем по оборудованию и его документальному оформлению.
• Подготовим к проверке и сопроводим процесс рассмотрения.

Работаем с организациями и ИП в сфере пожарной безопасности. Сначала выясним, какие работы вы планируете выполнять, какие специалисты и оборудование уже есть, затем составим план подготовки.

Компания МСМ специализируется на лицензировании, саморегулировании и подготовке специалистов. Разберём исходную ситуацию и объясним последовательность действий.

Напишите в чат «МЧС» и перечислите планируемые работы. Расскажем, какие документы понадобятся в вашей ситуации.";images/mchs.png;;;;NEW_REVIEW;https://nadosro.ru/license/poluchit-licenziyu-mchs;DRAFT_NOT_FOR_UPLOAD
mcm-giop-ryazan;34;Рязань;Минкультуры / ГИОП;giop;Лицензия Минкультуры, ГИОП — оформление;"Нужна помощь с лицензией Минкультуры на реставрационные работы? МСМ сопровождает подготовку документов для деятельности по сохранению объектов культурного наследия. Это направление также ищут как «лицензия ГИОП».

Клиентам из города Рязань. МСМ работает с заказчиками по всей России.

Чем поможем:
• Разберём перечень планируемых реставрационных работ.
• Поможем собрать и подготовить документы организации.
• Проконсультируем по квалификации и аттестации специалистов.
• Сопроводим подачу и рассмотрение заявления.

Работаем с компаниями из разных регионов России. Порядок подготовки определяем с учётом выбранных работ, состава специалистов и готовности документов.

Компания МСМ специализируется на лицензировании, саморегулировании и подготовке специалистов. Разберём исходную ситуацию и объясним последовательность действий.

Напишите в чат «ГИОП» и укажите виды работ. Подскажем дальнейшие шаги для вашей компании.";images/giop.png;;;;NEW_REVIEW;https://nadosro.ru/license/licenziya-minkultury;DRAFT_NOT_FOR_UPLOAD
mcm-sro-ryazan;34;Рязань;СРО — три направления;sro;СРО: строительство, проектирование, изыскания;"Нужно вступить в СРО? МСМ поможет подобрать саморегулируемую организацию и подготовить документы для вашей компании или ИП. Сопровождаем три направления: строительство, проектирование и инженерные изыскания.

Клиентам из города Рязань. МСМ работает с заказчиками по всей России.

Чем поможем:
• Разберём виды работ, регион регистрации и задачи компании.
• Поможем подобрать СРО по нужному направлению.
• Подготовим комплект документов и заявление на вступление.
• Проконсультируем по специалистам НРС и требованиям выбранной СРО.
• Сопроводим рассмотрение документов и разберём замечания.

Строителям помогаем оформить членство в СРО для строительных работ. Проектировщикам — для подготовки проектной документации. Изыскателям — для инженерных изысканий. Если компании нужны несколько направлений, разберём каждое и согласуем общий порядок подготовки.

Компания МСМ специализируется на лицензировании, саморегулировании и подготовке специалистов. Разберём исходную ситуацию и объясним последовательность действий.

Напишите в чат «СРО» и укажите направление, регион регистрации и планируемые работы. Подскажем, какие документы подготовить в первую очередь.";images/sro.png;;;;NEW_REVIEW;https://nadosro.ru/;DRAFT_NOT_FOR_UPLOAD
mcm-nok-naberezhnye_chelny;35;Набережные Челны;НОК;nok;НОК НОСТРОЙ / НОПРИЗ — подготовка к экзамену;"Нужно пройти независимую оценку квалификации? МСМ помогает специалистам строительной отрасли подготовиться к экзамену и собрать документы для допуска к НОК.

Клиентам из города Набережные Челны. МСМ работает с заказчиками по всей России.

Чем поможем:
• Разберём вашу задачу и направление квалификации.
• Поможем собрать и подготовить документы.
• Организуем подготовку к экзамену.
• Сопроводим по организационным вопросам до получения результатов.

Работаем со специалистами по строительству, проектированию и инженерным изысканиям. Подготовка и сопровождение подбираются под вашу квалификацию и текущую ситуацию.

Компания МСМ специализируется на лицензировании, саморегулировании и подготовке специалистов. Разберём исходную ситуацию и объясним последовательность действий.

Напишите в чат «НОК» и укажите вашу специальность, город и желаемый срок прохождения. Подскажем, с чего начать.";images/nok.png;;;;NEW_REVIEW;https://nadosro.ru/nezavisimaya-oczenka-kvalifikaczii;DRAFT_NOT_FOR_UPLOAD
mcm-nrs-naberezhnye_chelny;35;Набережные Челны;НРС;nrs;Включение в НРС НОСТРОЙ / НОПРИЗ — помощь;"Планируете включение специалиста в национальный реестр? МСМ поможет проверить документы и подготовить заявление для НОСТРОЙ или НОПРИЗ.

Клиентам из города Набережные Челны. МСМ работает с заказчиками по всей России.

Чем поможем:
• Проведём предварительный разбор документов специалиста.
• Подскажем, какие сведения нужно дополнить.
• Поможем подготовить комплект документов и заявление.
• Сопроводим рассмотрение и разберём замечания при их наличии.

Помогаем специалистам строительных, проектных и изыскательских организаций. Если ранее получили отказ, разберём его причины и возможные дальнейшие действия.

Компания МСМ специализируется на лицензировании, саморегулировании и подготовке специалистов. Разберём исходную ситуацию и объясним последовательность действий.

Напишите в чат «НРС»: укажите направление, образование и стаж. Подскажем порядок подготовки документов.";images/nrs.png;;;;NEW_REVIEW;https://nadosro.ru/vnesenie-specialistov-v-nacionalnyj-reestr;DRAFT_NOT_FOR_UPLOAD
mcm-mchs-naberezhnye_chelny;35;Набережные Челны;Лицензия МЧС;mchs;Лицензия МЧС — помощь в оформлении;"Готовите компанию к получению лицензии МЧС? МСМ сопровождает оформление: от разбора вашей задачи до подготовки документов и взаимодействия по заявлению.

Клиентам из города Набережные Челны. МСМ работает с заказчиками по всей России.

Чем поможем:
• Определим перечень работ, по которым нужна лицензия.
• Поможем собрать документы компании и специалистов.
• Проконсультируем по оборудованию и его документальному оформлению.
• Подготовим к проверке и сопроводим процесс рассмотрения.

Работаем с организациями и ИП в сфере пожарной безопасности. Сначала выясним, какие работы вы планируете выполнять, какие специалисты и оборудование уже есть, затем составим план подготовки.

Компания МСМ специализируется на лицензировании, саморегулировании и подготовке специалистов. Разберём исходную ситуацию и объясним последовательность действий.

Напишите в чат «МЧС» и перечислите планируемые работы. Расскажем, какие документы понадобятся в вашей ситуации.";images/mchs.png;;;;NEW_REVIEW;https://nadosro.ru/license/poluchit-licenziyu-mchs;DRAFT_NOT_FOR_UPLOAD
mcm-giop-naberezhnye_chelny;35;Набережные Челны;Минкультуры / ГИОП;giop;Лицензия Минкультуры, ГИОП — оформление;"Нужна помощь с лицензией Минкультуры на реставрационные работы? МСМ сопровождает подготовку документов для деятельности по сохранению объектов культурного наследия. Это направление также ищут как «лицензия ГИОП».

Клиентам из города Набережные Челны. МСМ работает с заказчиками по всей России.

Чем поможем:
• Разберём перечень планируемых реставрационных работ.
• Поможем собрать и подготовить документы организации.
• Проконсультируем по квалификации и аттестации специалистов.
• Сопроводим подачу и рассмотрение заявления.

Работаем с компаниями из разных регионов России. Порядок подготовки определяем с учётом выбранных работ, состава специалистов и готовности документов.

Компания МСМ специализируется на лицензировании, саморегулировании и подготовке специалистов. Разберём исходную ситуацию и объясним последовательность действий.

Напишите в чат «ГИОП» и укажите виды работ. Подскажем дальнейшие шаги для вашей компании.";images/giop.png;;;;NEW_REVIEW;https://nadosro.ru/license/licenziya-minkultury;DRAFT_NOT_FOR_UPLOAD
mcm-sro-naberezhnye_chelny;35;Набережные Челны;СРО — три направления;sro;СРО: строительство, проектирование, изыскания;"Нужно вступить в СРО? МСМ поможет подобрать саморегулируемую организацию и подготовить документы для вашей компании или ИП. Сопровождаем три направления: строительство, проектирование и инженерные изыскания.

Клиентам из города Набережные Челны. МСМ работает с заказчиками по всей России.

Чем поможем:
• Разберём виды работ, регион регистрации и задачи компании.
• Поможем подобрать СРО по нужному направлению.
• Подготовим комплект документов и заявление на вступление.
• Проконсультируем по специалистам НРС и требованиям выбранной СРО.
• Сопроводим рассмотрение документов и разберём замечания.

Строителям помогаем оформить членство в СРО для строительных работ. Проектировщикам — для подготовки проектной документации. Изыскателям — для инженерных изысканий. Если компании нужны несколько направлений, разберём каждое и согласуем общий порядок подготовки.

Компания МСМ специализируется на лицензировании, саморегулировании и подготовке специалистов. Разберём исходную ситуацию и объясним последовательность действий.

Напишите в чат «СРО» и укажите направление, регион регистрации и планируемые работы. Подскажем, какие документы подготовить в первую очередь.";images/sro.png;;;;NEW_REVIEW;https://nadosro.ru/;DRAFT_NOT_FOR_UPLOAD
mcm-nok-astrahan;36;Астрахань;НОК;nok;НОК НОСТРОЙ / НОПРИЗ — подготовка к экзамену;"Нужно пройти независимую оценку квалификации? МСМ помогает специалистам строительной отрасли подготовиться к экзамену и собрать документы для допуска к НОК.

Клиентам из города Астрахань. МСМ работает с заказчиками по всей России.

Чем поможем:
• Разберём вашу задачу и направление квалификации.
• Поможем собрать и подготовить документы.
• Организуем подготовку к экзамену.
• Сопроводим по организационным вопросам до получения результатов.

Работаем со специалистами по строительству, проектированию и инженерным изысканиям. Подготовка и сопровождение подбираются под вашу квалификацию и текущую ситуацию.

Компания МСМ специализируется на лицензировании, саморегулировании и подготовке специалистов. Разберём исходную ситуацию и объясним последовательность действий.

Напишите в чат «НОК» и укажите вашу специальность, город и желаемый срок прохождения. Подскажем, с чего начать.";images/nok.png;;;;NEW_REVIEW;https://nadosro.ru/nezavisimaya-oczenka-kvalifikaczii;DRAFT_NOT_FOR_UPLOAD
mcm-nrs-astrahan;36;Астрахань;НРС;nrs;Включение в НРС НОСТРОЙ / НОПРИЗ — помощь;"Планируете включение специалиста в национальный реестр? МСМ поможет проверить документы и подготовить заявление для НОСТРОЙ или НОПРИЗ.

Клиентам из города Астрахань. МСМ работает с заказчиками по всей России.

Чем поможем:
• Проведём предварительный разбор документов специалиста.
• Подскажем, какие сведения нужно дополнить.
• Поможем подготовить комплект документов и заявление.
• Сопроводим рассмотрение и разберём замечания при их наличии.

Помогаем специалистам строительных, проектных и изыскательских организаций. Если ранее получили отказ, разберём его причины и возможные дальнейшие действия.

Компания МСМ специализируется на лицензировании, саморегулировании и подготовке специалистов. Разберём исходную ситуацию и объясним последовательность действий.

Напишите в чат «НРС»: укажите направление, образование и стаж. Подскажем порядок подготовки документов.";images/nrs.png;;;;NEW_REVIEW;https://nadosro.ru/vnesenie-specialistov-v-nacionalnyj-reestr;DRAFT_NOT_FOR_UPLOAD
mcm-mchs-astrahan;36;Астрахань;Лицензия МЧС;mchs;Лицензия МЧС — помощь в оформлении;"Готовите компанию к получению лицензии МЧС? МСМ сопровождает оформление: от разбора вашей задачи до подготовки документов и взаимодействия по заявлению.

Клиентам из города Астрахань. МСМ работает с заказчиками по всей России.

Чем поможем:
• Определим перечень работ, по которым нужна лицензия.
• Поможем собрать документы компании и специалистов.
• Проконсультируем по оборудованию и его документальному оформлению.
• Подготовим к проверке и сопроводим процесс рассмотрения.

Работаем с организациями и ИП в сфере пожарной безопасности. Сначала выясним, какие работы вы планируете выполнять, какие специалисты и оборудование уже есть, затем составим план подготовки.

Компания МСМ специализируется на лицензировании, саморегулировании и подготовке специалистов. Разберём исходную ситуацию и объясним последовательность действий.

Напишите в чат «МЧС» и перечислите планируемые работы. Расскажем, какие документы понадобятся в вашей ситуации.";images/mchs.png;;;;NEW_REVIEW;https://nadosro.ru/license/poluchit-licenziyu-mchs;DRAFT_NOT_FOR_UPLOAD
mcm-giop-astrahan;36;Астрахань;Минкультуры / ГИОП;giop;Лицензия Минкультуры, ГИОП — оформление;"Нужна помощь с лицензией Минкультуры на реставрационные работы? МСМ сопровождает подготовку документов для деятельности по сохранению объектов культурного наследия. Это направление также ищут как «лицензия ГИОП».

Клиентам из города Астрахань. МСМ работает с заказчиками по всей России.

Чем поможем:
• Разберём перечень планируемых реставрационных работ.
• Поможем собрать и подготовить документы организации.
• Проконсультируем по квалификации и аттестации специалистов.
• Сопроводим подачу и рассмотрение заявления.

Работаем с компаниями из разных регионов России. Порядок подготовки определяем с учётом выбранных работ, состава специалистов и готовности документов.

Компания МСМ специализируется на лицензировании, саморегулировании и подготовке специалистов. Разберём исходную ситуацию и объясним последовательность действий.

Напишите в чат «ГИОП» и укажите виды работ. Подскажем дальнейшие шаги для вашей компании.";images/giop.png;;;;NEW_REVIEW;https://nadosro.ru/license/licenziya-minkultury;DRAFT_NOT_FOR_UPLOAD
mcm-sro-astrahan;36;Астрахань;СРО — три направления;sro;СРО: строительство, проектирование, изыскания;"Нужно вступить в СРО? МСМ поможет подобрать саморегулируемую организацию и подготовить документы для вашей компании или ИП. Сопровождаем три направления: строительство, проектирование и инженерные изыскания.

Клиентам из города Астрахань. МСМ работает с заказчиками по всей России.

Чем поможем:
• Разберём виды работ, регион регистрации и задачи компании.
• Поможем подобрать СРО по нужному направлению.
• Подготовим комплект документов и заявление на вступление.
• Проконсультируем по специалистам НРС и требованиям выбранной СРО.
• Сопроводим рассмотрение документов и разберём замечания.

Строителям помогаем оформить членство в СРО для строительных работ. Проектировщикам — для подготовки проектной документации. Изыскателям — для инженерных изысканий. Если компании нужны несколько направлений, разберём каждое и согласуем общий порядок подготовки.

Компания МСМ специализируется на лицензировании, саморегулировании и подготовке специалистов. Разберём исходную ситуацию и объясним последовательность действий.

Напишите в чат «СРО» и укажите направление, регион регистрации и планируемые работы. Подскажем, какие документы подготовить в первую очередь.";images/sro.png;;;;NEW_REVIEW;https://nadosro.ru/;DRAFT_NOT_FOR_UPLOAD
mcm-nok-penza;37;Пенза;НОК;nok;НОК НОСТРОЙ / НОПРИЗ — подготовка к экзамену;"Нужно пройти независимую оценку квалификации? МСМ помогает специалистам строительной отрасли подготовиться к экзамену и собрать документы для допуска к НОК.

Клиентам из города Пенза. МСМ работает с заказчиками по всей России.

Чем поможем:
• Разберём вашу задачу и направление квалификации.
• Поможем собрать и подготовить документы.
• Организуем подготовку к экзамену.
• Сопроводим по организационным вопросам до получения результатов.

Работаем со специалистами по строительству, проектированию и инженерным изысканиям. Подготовка и сопровождение подбираются под вашу квалификацию и текущую ситуацию.

Компания МСМ специализируется на лицензировании, саморегулировании и подготовке специалистов. Разберём исходную ситуацию и объясним последовательность действий.

Напишите в чат «НОК» и укажите вашу специальность, город и желаемый срок прохождения. Подскажем, с чего начать.";images/nok.png;;;;NEW_REVIEW;https://nadosro.ru/nezavisimaya-oczenka-kvalifikaczii;DRAFT_NOT_FOR_UPLOAD
mcm-nrs-penza;37;Пенза;НРС;nrs;Включение в НРС НОСТРОЙ / НОПРИЗ — помощь;"Планируете включение специалиста в национальный реестр? МСМ поможет проверить документы и подготовить заявление для НОСТРОЙ или НОПРИЗ.

Клиентам из города Пенза. МСМ работает с заказчиками по всей России.

Чем поможем:
• Проведём предварительный разбор документов специалиста.
• Подскажем, какие сведения нужно дополнить.
• Поможем подготовить комплект документов и заявление.
• Сопроводим рассмотрение и разберём замечания при их наличии.

Помогаем специалистам строительных, проектных и изыскательских организаций. Если ранее получили отказ, разберём его причины и возможные дальнейшие действия.

Компания МСМ специализируется на лицензировании, саморегулировании и подготовке специалистов. Разберём исходную ситуацию и объясним последовательность действий.

Напишите в чат «НРС»: укажите направление, образование и стаж. Подскажем порядок подготовки документов.";images/nrs.png;;;;NEW_REVIEW;https://nadosro.ru/vnesenie-specialistov-v-nacionalnyj-reestr;DRAFT_NOT_FOR_UPLOAD
mcm-mchs-penza;37;Пенза;Лицензия МЧС;mchs;Лицензия МЧС — помощь в оформлении;"Готовите компанию к получению лицензии МЧС? МСМ сопровождает оформление: от разбора вашей задачи до подготовки документов и взаимодействия по заявлению.

Клиентам из города Пенза. МСМ работает с заказчиками по всей России.

Чем поможем:
• Определим перечень работ, по которым нужна лицензия.
• Поможем собрать документы компании и специалистов.
• Проконсультируем по оборудованию и его документальному оформлению.
• Подготовим к проверке и сопроводим процесс рассмотрения.

Работаем с организациями и ИП в сфере пожарной безопасности. Сначала выясним, какие работы вы планируете выполнять, какие специалисты и оборудование уже есть, затем составим план подготовки.

Компания МСМ специализируется на лицензировании, саморегулировании и подготовке специалистов. Разберём исходную ситуацию и объясним последовательность действий.

Напишите в чат «МЧС» и перечислите планируемые работы. Расскажем, какие документы понадобятся в вашей ситуации.";images/mchs.png;;;;NEW_REVIEW;https://nadosro.ru/license/poluchit-licenziyu-mchs;DRAFT_NOT_FOR_UPLOAD
mcm-giop-penza;37;Пенза;Минкультуры / ГИОП;giop;Лицензия Минкультуры, ГИОП — оформление;"Нужна помощь с лицензией Минкультуры на реставрационные работы? МСМ сопровождает подготовку документов для деятельности по сохранению объектов культурного наследия. Это направление также ищут как «лицензия ГИОП».

Клиентам из города Пенза. МСМ работает с заказчиками по всей России.

Чем поможем:
• Разберём перечень планируемых реставрационных работ.
• Поможем собрать и подготовить документы организации.
• Проконсультируем по квалификации и аттестации специалистов.
• Сопроводим подачу и рассмотрение заявления.

Работаем с компаниями из разных регионов России. Порядок подготовки определяем с учётом выбранных работ, состава специалистов и готовности документов.

Компания МСМ специализируется на лицензировании, саморегулировании и подготовке специалистов. Разберём исходную ситуацию и объясним последовательность действий.

Напишите в чат «ГИОП» и укажите виды работ. Подскажем дальнейшие шаги для вашей компании.";images/giop.png;;;;NEW_REVIEW;https://nadosro.ru/license/licenziya-minkultury;DRAFT_NOT_FOR_UPLOAD
mcm-sro-penza;37;Пенза;СРО — три направления;sro;СРО: строительство, проектирование, изыскания;"Нужно вступить в СРО? МСМ поможет подобрать саморегулируемую организацию и подготовить документы для вашей компании или ИП. Сопровождаем три направления: строительство, проектирование и инженерные изыскания.

Клиентам из города Пенза. МСМ работает с заказчиками по всей России.

Чем поможем:
• Разберём виды работ, регион регистрации и задачи компании.
• Поможем подобрать СРО по нужному направлению.
• Подготовим комплект документов и заявление на вступление.
• Проконсультируем по специалистам НРС и требованиям выбранной СРО.
• Сопроводим рассмотрение документов и разберём замечания.

Строителям помогаем оформить членство в СРО для строительных работ. Проектировщикам — для подготовки проектной документации. Изыскателям — для инженерных изысканий. Если компании нужны несколько направлений, разберём каждое и согласуем общий порядок подготовки.

Компания МСМ специализируется на лицензировании, саморегулировании и подготовке специалистов. Разберём исходную ситуацию и объясним последовательность действий.

Напишите в чат «СРО» и укажите направление, регион регистрации и планируемые работы. Подскажем, какие документы подготовить в первую очередь.";images/sro.png;;;;NEW_REVIEW;https://nadosro.ru/;DRAFT_NOT_FOR_UPLOAD
mcm-nok-lipetsk;38;Липецк;НОК;nok;НОК НОСТРОЙ / НОПРИЗ — подготовка к экзамену;"Нужно пройти независимую оценку квалификации? МСМ помогает специалистам строительной отрасли подготовиться к экзамену и собрать документы для допуска к НОК.

Клиентам из города Липецк. МСМ работает с заказчиками по всей России.

Чем поможем:
• Разберём вашу задачу и направление квалификации.
• Поможем собрать и подготовить документы.
• Организуем подготовку к экзамену.
• Сопроводим по организационным вопросам до получения результатов.

Работаем со специалистами по строительству, проектированию и инженерным изысканиям. Подготовка и сопровождение подбираются под вашу квалификацию и текущую ситуацию.

Компания МСМ специализируется на лицензировании, саморегулировании и подготовке специалистов. Разберём исходную ситуацию и объясним последовательность действий.

Напишите в чат «НОК» и укажите вашу специальность, город и желаемый срок прохождения. Подскажем, с чего начать.";images/nok.png;;;;NEW_REVIEW;https://nadosro.ru/nezavisimaya-oczenka-kvalifikaczii;DRAFT_NOT_FOR_UPLOAD
mcm-nrs-lipetsk;38;Липецк;НРС;nrs;Включение в НРС НОСТРОЙ / НОПРИЗ — помощь;"Планируете включение специалиста в национальный реестр? МСМ поможет проверить документы и подготовить заявление для НОСТРОЙ или НОПРИЗ.

Клиентам из города Липецк. МСМ работает с заказчиками по всей России.

Чем поможем:
• Проведём предварительный разбор документов специалиста.
• Подскажем, какие сведения нужно дополнить.
• Поможем подготовить комплект документов и заявление.
• Сопроводим рассмотрение и разберём замечания при их наличии.

Помогаем специалистам строительных, проектных и изыскательских организаций. Если ранее получили отказ, разберём его причины и возможные дальнейшие действия.

Компания МСМ специализируется на лицензировании, саморегулировании и подготовке специалистов. Разберём исходную ситуацию и объясним последовательность действий.

Напишите в чат «НРС»: укажите направление, образование и стаж. Подскажем порядок подготовки документов.";images/nrs.png;;;;NEW_REVIEW;https://nadosro.ru/vnesenie-specialistov-v-nacionalnyj-reestr;DRAFT_NOT_FOR_UPLOAD
mcm-mchs-lipetsk;38;Липецк;Лицензия МЧС;mchs;Лицензия МЧС — помощь в оформлении;"Готовите компанию к получению лицензии МЧС? МСМ сопровождает оформление: от разбора вашей задачи до подготовки документов и взаимодействия по заявлению.

Клиентам из города Липецк. МСМ работает с заказчиками по всей России.

Чем поможем:
• Определим перечень работ, по которым нужна лицензия.
• Поможем собрать документы компании и специалистов.
• Проконсультируем по оборудованию и его документальному оформлению.
• Подготовим к проверке и сопроводим процесс рассмотрения.

Работаем с организациями и ИП в сфере пожарной безопасности. Сначала выясним, какие работы вы планируете выполнять, какие специалисты и оборудование уже есть, затем составим план подготовки.

Компания МСМ специализируется на лицензировании, саморегулировании и подготовке специалистов. Разберём исходную ситуацию и объясним последовательность действий.

Напишите в чат «МЧС» и перечислите планируемые работы. Расскажем, какие документы понадобятся в вашей ситуации.";images/mchs.png;;;;NEW_REVIEW;https://nadosro.ru/license/poluchit-licenziyu-mchs;DRAFT_NOT_FOR_UPLOAD
mcm-giop-lipetsk;38;Липецк;Минкультуры / ГИОП;giop;Лицензия Минкультуры, ГИОП — оформление;"Нужна помощь с лицензией Минкультуры на реставрационные работы? МСМ сопровождает подготовку документов для деятельности по сохранению объектов культурного наследия. Это направление также ищут как «лицензия ГИОП».

Клиентам из города Липецк. МСМ работает с заказчиками по всей России.

Чем поможем:
• Разберём перечень планируемых реставрационных работ.
• Поможем собрать и подготовить документы организации.
• Проконсультируем по квалификации и аттестации специалистов.
• Сопроводим подачу и рассмотрение заявления.

Работаем с компаниями из разных регионов России. Порядок подготовки определяем с учётом выбранных работ, состава специалистов и готовности документов.

Компания МСМ специализируется на лицензировании, саморегулировании и подготовке специалистов. Разберём исходную ситуацию и объясним последовательность действий.

Напишите в чат «ГИОП» и укажите виды работ. Подскажем дальнейшие шаги для вашей компании.";images/giop.png;;;;NEW_REVIEW;https://nadosro.ru/license/licenziya-minkultury;DRAFT_NOT_FOR_UPLOAD
mcm-sro-lipetsk;38;Липецк;СРО — три направления;sro;СРО: строительство, проектирование, изыскания;"Нужно вступить в СРО? МСМ поможет подобрать саморегулируемую организацию и подготовить документы для вашей компании или ИП. Сопровождаем три направления: строительство, проектирование и инженерные изыскания.

Клиентам из города Липецк. МСМ работает с заказчиками по всей России.

Чем поможем:
• Разберём виды работ, регион регистрации и задачи компании.
• Поможем подобрать СРО по нужному направлению.
• Подготовим комплект документов и заявление на вступление.
• Проконсультируем по специалистам НРС и требованиям выбранной СРО.
• Сопроводим рассмотрение документов и разберём замечания.

Строителям помогаем оформить членство в СРО для строительных работ. Проектировщикам — для подготовки проектной документации. Изыскателям — для инженерных изысканий. Если компании нужны несколько направлений, разберём каждое и согласуем общий порядок подготовки.

Компания МСМ специализируется на лицензировании, саморегулировании и подготовке специалистов. Разберём исходную ситуацию и объясним последовательность действий.

Напишите в чат «СРО» и укажите направление, регион регистрации и планируемые работы. Подскажем, какие документы подготовить в первую очередь.";images/sro.png;;;;NEW_REVIEW;https://nadosro.ru/;DRAFT_NOT_FOR_UPLOAD
mcm-nok-kirov;39;Киров;НОК;nok;НОК НОСТРОЙ / НОПРИЗ — подготовка к экзамену;"Нужно пройти независимую оценку квалификации? МСМ помогает специалистам строительной отрасли подготовиться к экзамену и собрать документы для допуска к НОК.

Клиентам из города Киров. МСМ работает с заказчиками по всей России.

Чем поможем:
• Разберём вашу задачу и направление квалификации.
• Поможем собрать и подготовить документы.
• Организуем подготовку к экзамену.
• Сопроводим по организационным вопросам до получения результатов.

Работаем со специалистами по строительству, проектированию и инженерным изысканиям. Подготовка и сопровождение подбираются под вашу квалификацию и текущую ситуацию.

Компания МСМ специализируется на лицензировании, саморегулировании и подготовке специалистов. Разберём исходную ситуацию и объясним последовательность действий.

Напишите в чат «НОК» и укажите вашу специальность, город и желаемый срок прохождения. Подскажем, с чего начать.";images/nok.png;;;;NEW_REVIEW;https://nadosro.ru/nezavisimaya-oczenka-kvalifikaczii;DRAFT_NOT_FOR_UPLOAD
mcm-nrs-kirov;39;Киров;НРС;nrs;Включение в НРС НОСТРОЙ / НОПРИЗ — помощь;"Планируете включение специалиста в национальный реестр? МСМ поможет проверить документы и подготовить заявление для НОСТРОЙ или НОПРИЗ.

Клиентам из города Киров. МСМ работает с заказчиками по всей России.

Чем поможем:
• Проведём предварительный разбор документов специалиста.
• Подскажем, какие сведения нужно дополнить.
• Поможем подготовить комплект документов и заявление.
• Сопроводим рассмотрение и разберём замечания при их наличии.

Помогаем специалистам строительных, проектных и изыскательских организаций. Если ранее получили отказ, разберём его причины и возможные дальнейшие действия.

Компания МСМ специализируется на лицензировании, саморегулировании и подготовке специалистов. Разберём исходную ситуацию и объясним последовательность действий.

Напишите в чат «НРС»: укажите направление, образование и стаж. Подскажем порядок подготовки документов.";images/nrs.png;;;;NEW_REVIEW;https://nadosro.ru/vnesenie-specialistov-v-nacionalnyj-reestr;DRAFT_NOT_FOR_UPLOAD
mcm-mchs-kirov;39;Киров;Лицензия МЧС;mchs;Лицензия МЧС — помощь в оформлении;"Готовите компанию к получению лицензии МЧС? МСМ сопровождает оформление: от разбора вашей задачи до подготовки документов и взаимодействия по заявлению.

Клиентам из города Киров. МСМ работает с заказчиками по всей России.

Чем поможем:
• Определим перечень работ, по которым нужна лицензия.
• Поможем собрать документы компании и специалистов.
• Проконсультируем по оборудованию и его документальному оформлению.
• Подготовим к проверке и сопроводим процесс рассмотрения.

Работаем с организациями и ИП в сфере пожарной безопасности. Сначала выясним, какие работы вы планируете выполнять, какие специалисты и оборудование уже есть, затем составим план подготовки.

Компания МСМ специализируется на лицензировании, саморегулировании и подготовке специалистов. Разберём исходную ситуацию и объясним последовательность действий.

Напишите в чат «МЧС» и перечислите планируемые работы. Расскажем, какие документы понадобятся в вашей ситуации.";images/mchs.png;;;;NEW_REVIEW;https://nadosro.ru/license/poluchit-licenziyu-mchs;DRAFT_NOT_FOR_UPLOAD
mcm-giop-kirov;39;Киров;Минкультуры / ГИОП;giop;Лицензия Минкультуры, ГИОП — оформление;"Нужна помощь с лицензией Минкультуры на реставрационные работы? МСМ сопровождает подготовку документов для деятельности по сохранению объектов культурного наследия. Это направление также ищут как «лицензия ГИОП».

Клиентам из города Киров. МСМ работает с заказчиками по всей России.

Чем поможем:
• Разберём перечень планируемых реставрационных работ.
• Поможем собрать и подготовить документы организации.
• Проконсультируем по квалификации и аттестации специалистов.
• Сопроводим подачу и рассмотрение заявления.

Работаем с компаниями из разных регионов России. Порядок подготовки определяем с учётом выбранных работ, состава специалистов и готовности документов.

Компания МСМ специализируется на лицензировании, саморегулировании и подготовке специалистов. Разберём исходную ситуацию и объясним последовательность действий.

Напишите в чат «ГИОП» и укажите виды работ. Подскажем дальнейшие шаги для вашей компании.";images/giop.png;;;;NEW_REVIEW;https://nadosro.ru/license/licenziya-minkultury;DRAFT_NOT_FOR_UPLOAD
mcm-sro-kirov;39;Киров;СРО — три направления;sro;СРО: строительство, проектирование, изыскания;"Нужно вступить в СРО? МСМ поможет подобрать саморегулируемую организацию и подготовить документы для вашей компании или ИП. Сопровождаем три направления: строительство, проектирование и инженерные изыскания.

Клиентам из города Киров. МСМ работает с заказчиками по всей России.

Чем поможем:
• Разберём виды работ, регион регистрации и задачи компании.
• Поможем подобрать СРО по нужному направлению.
• Подготовим комплект документов и заявление на вступление.
• Проконсультируем по специалистам НРС и требованиям выбранной СРО.
• Сопроводим рассмотрение документов и разберём замечания.

Строителям помогаем оформить членство в СРО для строительных работ. Проектировщикам — для подготовки проектной документации. Изыскателям — для инженерных изысканий. Если компании нужны несколько направлений, разберём каждое и согласуем общий порядок подготовки.

Компания МСМ специализируется на лицензировании, саморегулировании и подготовке специалистов. Разберём исходную ситуацию и объясним последовательность действий.

Напишите в чат «СРО» и укажите направление, регион регистрации и планируемые работы. Подскажем, какие документы подготовить в первую очередь.";images/sro.png;;;;NEW_REVIEW;https://nadosro.ru/;DRAFT_NOT_FOR_UPLOAD
mcm-nok-cheboksary;40;Чебоксары;НОК;nok;НОК НОСТРОЙ / НОПРИЗ — подготовка к экзамену;"Нужно пройти независимую оценку квалификации? МСМ помогает специалистам строительной отрасли подготовиться к экзамену и собрать документы для допуска к НОК.

Клиентам из города Чебоксары. МСМ работает с заказчиками по всей России.

Чем поможем:
• Разберём вашу задачу и направление квалификации.
• Поможем собрать и подготовить документы.
• Организуем подготовку к экзамену.
• Сопроводим по организационным вопросам до получения результатов.

Работаем со специалистами по строительству, проектированию и инженерным изысканиям. Подготовка и сопровождение подбираются под вашу квалификацию и текущую ситуацию.

Компания МСМ специализируется на лицензировании, саморегулировании и подготовке специалистов. Разберём исходную ситуацию и объясним последовательность действий.

Напишите в чат «НОК» и укажите вашу специальность, город и желаемый срок прохождения. Подскажем, с чего начать.";images/nok.png;;;;NEW_REVIEW;https://nadosro.ru/nezavisimaya-oczenka-kvalifikaczii;DRAFT_NOT_FOR_UPLOAD
mcm-nrs-cheboksary;40;Чебоксары;НРС;nrs;Включение в НРС НОСТРОЙ / НОПРИЗ — помощь;"Планируете включение специалиста в национальный реестр? МСМ поможет проверить документы и подготовить заявление для НОСТРОЙ или НОПРИЗ.

Клиентам из города Чебоксары. МСМ работает с заказчиками по всей России.

Чем поможем:
• Проведём предварительный разбор документов специалиста.
• Подскажем, какие сведения нужно дополнить.
• Поможем подготовить комплект документов и заявление.
• Сопроводим рассмотрение и разберём замечания при их наличии.

Помогаем специалистам строительных, проектных и изыскательских организаций. Если ранее получили отказ, разберём его причины и возможные дальнейшие действия.

Компания МСМ специализируется на лицензировании, саморегулировании и подготовке специалистов. Разберём исходную ситуацию и объясним последовательность действий.

Напишите в чат «НРС»: укажите направление, образование и стаж. Подскажем порядок подготовки документов.";images/nrs.png;;;;NEW_REVIEW;https://nadosro.ru/vnesenie-specialistov-v-nacionalnyj-reestr;DRAFT_NOT_FOR_UPLOAD
mcm-mchs-cheboksary;40;Чебоксары;Лицензия МЧС;mchs;Лицензия МЧС — помощь в оформлении;"Готовите компанию к получению лицензии МЧС? МСМ сопровождает оформление: от разбора вашей задачи до подготовки документов и взаимодействия по заявлению.

Клиентам из города Чебоксары. МСМ работает с заказчиками по всей России.

Чем поможем:
• Определим перечень работ, по которым нужна лицензия.
• Поможем собрать документы компании и специалистов.
• Проконсультируем по оборудованию и его документальному оформлению.
• Подготовим к проверке и сопроводим процесс рассмотрения.

Работаем с организациями и ИП в сфере пожарной безопасности. Сначала выясним, какие работы вы планируете выполнять, какие специалисты и оборудование уже есть, затем составим план подготовки.

Компания МСМ специализируется на лицензировании, саморегулировании и подготовке специалистов. Разберём исходную ситуацию и объясним последовательность действий.

Напишите в чат «МЧС» и перечислите планируемые работы. Расскажем, какие документы понадобятся в вашей ситуации.";images/mchs.png;;;;NEW_REVIEW;https://nadosro.ru/license/poluchit-licenziyu-mchs;DRAFT_NOT_FOR_UPLOAD
mcm-giop-cheboksary;40;Чебоксары;Минкультуры / ГИОП;giop;Лицензия Минкультуры, ГИОП — оформление;"Нужна помощь с лицензией Минкультуры на реставрационные работы? МСМ сопровождает подготовку документов для деятельности по сохранению объектов культурного наследия. Это направление также ищут как «лицензия ГИОП».

Клиентам из города Чебоксары. МСМ работает с заказчиками по всей России.

Чем поможем:
• Разберём перечень планируемых реставрационных работ.
• Поможем собрать и подготовить документы организации.
• Проконсультируем по квалификации и аттестации специалистов.
• Сопроводим подачу и рассмотрение заявления.

Работаем с компаниями из разных регионов России. Порядок подготовки определяем с учётом выбранных работ, состава специалистов и готовности документов.

Компания МСМ специализируется на лицензировании, саморегулировании и подготовке специалистов. Разберём исходную ситуацию и объясним последовательность действий.

Напишите в чат «ГИОП» и укажите виды работ. Подскажем дальнейшие шаги для вашей компании.";images/giop.png;;;;NEW_REVIEW;https://nadosro.ru/license/licenziya-minkultury;DRAFT_NOT_FOR_UPLOAD
mcm-sro-cheboksary;40;Чебоксары;СРО — три направления;sro;СРО: строительство, проектирование, изыскания;"Нужно вступить в СРО? МСМ поможет подобрать саморегулируемую организацию и подготовить документы для вашей компании или ИП. Сопровождаем три направления: строительство, проектирование и инженерные изыскания.

Клиентам из города Чебоксары. МСМ работает с заказчиками по всей России.

Чем поможем:
• Разберём виды работ, регион регистрации и задачи компании.
• Поможем подобрать СРО по нужному направлению.
• Подготовим комплект документов и заявление на вступление.
• Проконсультируем по специалистам НРС и требованиям выбранной СРО.
• Сопроводим рассмотрение документов и разберём замечания.

Строителям помогаем оформить членство в СРО для строительных работ. Проектировщикам — для подготовки проектной документации. Изыскателям — для инженерных изысканий. Если компании нужны несколько направлений, разберём каждое и согласуем общий порядок подготовки.

Компания МСМ специализируется на лицензировании, саморегулировании и подготовке специалистов. Разберём исходную ситуацию и объясним последовательность действий.

Напишите в чат «СРО» и укажите направление, регион регистрации и планируемые работы. Подскажем, какие документы подготовить в первую очередь.";images/sro.png;;;;NEW_REVIEW;https://nadosro.ru/;DRAFT_NOT_FOR_UPLOAD
mcm-nok-tula;41;Тула;НОК;nok;НОК НОСТРОЙ / НОПРИЗ — подготовка к экзамену;"Нужно пройти независимую оценку квалификации? МСМ помогает специалистам строительной отрасли подготовиться к экзамену и собрать документы для допуска к НОК.

Клиентам из города Тула. МСМ работает с заказчиками по всей России.

Чем поможем:
• Разберём вашу задачу и направление квалификации.
• Поможем собрать и подготовить документы.
• Организуем подготовку к экзамену.
• Сопроводим по организационным вопросам до получения результатов.

Работаем со специалистами по строительству, проектированию и инженерным изысканиям. Подготовка и сопровождение подбираются под вашу квалификацию и текущую ситуацию.

Компания МСМ специализируется на лицензировании, саморегулировании и подготовке специалистов. Разберём исходную ситуацию и объясним последовательность действий.

Напишите в чат «НОК» и укажите вашу специальность, город и желаемый срок прохождения. Подскажем, с чего начать.";images/nok.png;;;;NEW_REVIEW;https://nadosro.ru/nezavisimaya-oczenka-kvalifikaczii;DRAFT_NOT_FOR_UPLOAD
mcm-nrs-tula;41;Тула;НРС;nrs;Включение в НРС НОСТРОЙ / НОПРИЗ — помощь;"Планируете включение специалиста в национальный реестр? МСМ поможет проверить документы и подготовить заявление для НОСТРОЙ или НОПРИЗ.

Клиентам из города Тула. МСМ работает с заказчиками по всей России.

Чем поможем:
• Проведём предварительный разбор документов специалиста.
• Подскажем, какие сведения нужно дополнить.
• Поможем подготовить комплект документов и заявление.
• Сопроводим рассмотрение и разберём замечания при их наличии.

Помогаем специалистам строительных, проектных и изыскательских организаций. Если ранее получили отказ, разберём его причины и возможные дальнейшие действия.

Компания МСМ специализируется на лицензировании, саморегулировании и подготовке специалистов. Разберём исходную ситуацию и объясним последовательность действий.

Напишите в чат «НРС»: укажите направление, образование и стаж. Подскажем порядок подготовки документов.";images/nrs.png;;;;NEW_REVIEW;https://nadosro.ru/vnesenie-specialistov-v-nacionalnyj-reestr;DRAFT_NOT_FOR_UPLOAD
mcm-mchs-tula;41;Тула;Лицензия МЧС;mchs;Лицензия МЧС — помощь в оформлении;"Готовите компанию к получению лицензии МЧС? МСМ сопровождает оформление: от разбора вашей задачи до подготовки документов и взаимодействия по заявлению.

Клиентам из города Тула. МСМ работает с заказчиками по всей России.

Чем поможем:
• Определим перечень работ, по которым нужна лицензия.
• Поможем собрать документы компании и специалистов.
• Проконсультируем по оборудованию и его документальному оформлению.
• Подготовим к проверке и сопроводим процесс рассмотрения.

Работаем с организациями и ИП в сфере пожарной безопасности. Сначала выясним, какие работы вы планируете выполнять, какие специалисты и оборудование уже есть, затем составим план подготовки.

Компания МСМ специализируется на лицензировании, саморегулировании и подготовке специалистов. Разберём исходную ситуацию и объясним последовательность действий.

Напишите в чат «МЧС» и перечислите планируемые работы. Расскажем, какие документы понадобятся в вашей ситуации.";images/mchs.png;;;;NEW_REVIEW;https://nadosro.ru/license/poluchit-licenziyu-mchs;DRAFT_NOT_FOR_UPLOAD
mcm-giop-tula;41;Тула;Минкультуры / ГИОП;giop;Лицензия Минкультуры, ГИОП — оформление;"Нужна помощь с лицензией Минкультуры на реставрационные работы? МСМ сопровождает подготовку документов для деятельности по сохранению объектов культурного наследия. Это направление также ищут как «лицензия ГИОП».

Клиентам из города Тула. МСМ работает с заказчиками по всей России.

Чем поможем:
• Разберём перечень планируемых реставрационных работ.
• Поможем собрать и подготовить документы организации.
• Проконсультируем по квалификации и аттестации специалистов.
• Сопроводим подачу и рассмотрение заявления.

Работаем с компаниями из разных регионов России. Порядок подготовки определяем с учётом выбранных работ, состава специалистов и готовности документов.

Компания МСМ специализируется на лицензировании, саморегулировании и подготовке специалистов. Разберём исходную ситуацию и объясним последовательность действий.

Напишите в чат «ГИОП» и укажите виды работ. Подскажем дальнейшие шаги для вашей компании.";images/giop.png;;;;NEW_REVIEW;https://nadosro.ru/license/licenziya-minkultury;DRAFT_NOT_FOR_UPLOAD
mcm-sro-tula;41;Тула;СРО — три направления;sro;СРО: строительство, проектирование, изыскания;"Нужно вступить в СРО? МСМ поможет подобрать саморегулируемую организацию и подготовить документы для вашей компании или ИП. Сопровождаем три направления: строительство, проектирование и инженерные изыскания.

Клиентам из города Тула. МСМ работает с заказчиками по всей России.

Чем поможем:
• Разберём виды работ, регион регистрации и задачи компании.
• Поможем подобрать СРО по нужному направлению.
• Подготовим комплект документов и заявление на вступление.
• Проконсультируем по специалистам НРС и требованиям выбранной СРО.
• Сопроводим рассмотрение документов и разберём замечания.

Строителям помогаем оформить членство в СРО для строительных работ. Проектировщикам — для подготовки проектной документации. Изыскателям — для инженерных изысканий. Если компании нужны несколько направлений, разберём каждое и согласуем общий порядок подготовки.

Компания МСМ специализируется на лицензировании, саморегулировании и подготовке специалистов. Разберём исходную ситуацию и объясним последовательность действий.

Напишите в чат «СРО» и укажите направление, регион регистрации и планируемые работы. Подскажем, какие документы подготовить в первую очередь.";images/sro.png;;;;NEW_REVIEW;https://nadosro.ru/;DRAFT_NOT_FOR_UPLOAD
mcm-nok-kaliningrad;42;Калининград;НОК;nok;НОК НОСТРОЙ / НОПРИЗ — подготовка к экзамену;"Нужно пройти независимую оценку квалификации? МСМ помогает специалистам строительной отрасли подготовиться к экзамену и собрать документы для допуска к НОК.

Клиентам из города Калининград. МСМ работает с заказчиками по всей России.

Чем поможем:
• Разберём вашу задачу и направление квалификации.
• Поможем собрать и подготовить документы.
• Организуем подготовку к экзамену.
• Сопроводим по организационным вопросам до получения результатов.

Работаем со специалистами по строительству, проектированию и инженерным изысканиям. Подготовка и сопровождение подбираются под вашу квалификацию и текущую ситуацию.

Компания МСМ специализируется на лицензировании, саморегулировании и подготовке специалистов. Разберём исходную ситуацию и объясним последовательность действий.

Напишите в чат «НОК» и укажите вашу специальность, город и желаемый срок прохождения. Подскажем, с чего начать.";images/nok.png;;;;NEW_REVIEW;https://nadosro.ru/nezavisimaya-oczenka-kvalifikaczii;DRAFT_NOT_FOR_UPLOAD
mcm-nrs-kaliningrad;42;Калининград;НРС;nrs;Включение в НРС НОСТРОЙ / НОПРИЗ — помощь;"Планируете включение специалиста в национальный реестр? МСМ поможет проверить документы и подготовить заявление для НОСТРОЙ или НОПРИЗ.

Клиентам из города Калининград. МСМ работает с заказчиками по всей России.

Чем поможем:
• Проведём предварительный разбор документов специалиста.
• Подскажем, какие сведения нужно дополнить.
• Поможем подготовить комплект документов и заявление.
• Сопроводим рассмотрение и разберём замечания при их наличии.

Помогаем специалистам строительных, проектных и изыскательских организаций. Если ранее получили отказ, разберём его причины и возможные дальнейшие действия.

Компания МСМ специализируется на лицензировании, саморегулировании и подготовке специалистов. Разберём исходную ситуацию и объясним последовательность действий.

Напишите в чат «НРС»: укажите направление, образование и стаж. Подскажем порядок подготовки документов.";images/nrs.png;;;;NEW_REVIEW;https://nadosro.ru/vnesenie-specialistov-v-nacionalnyj-reestr;DRAFT_NOT_FOR_UPLOAD
mcm-mchs-kaliningrad;42;Калининград;Лицензия МЧС;mchs;Лицензия МЧС — помощь в оформлении;"Готовите компанию к получению лицензии МЧС? МСМ сопровождает оформление: от разбора вашей задачи до подготовки документов и взаимодействия по заявлению.

Клиентам из города Калининград. МСМ работает с заказчиками по всей России.

Чем поможем:
• Определим перечень работ, по которым нужна лицензия.
• Поможем собрать документы компании и специалистов.
• Проконсультируем по оборудованию и его документальному оформлению.
• Подготовим к проверке и сопроводим процесс рассмотрения.

Работаем с организациями и ИП в сфере пожарной безопасности. Сначала выясним, какие работы вы планируете выполнять, какие специалисты и оборудование уже есть, затем составим план подготовки.

Компания МСМ специализируется на лицензировании, саморегулировании и подготовке специалистов. Разберём исходную ситуацию и объясним последовательность действий.

Напишите в чат «МЧС» и перечислите планируемые работы. Расскажем, какие документы понадобятся в вашей ситуации.";images/mchs.png;;;;NEW_REVIEW;https://nadosro.ru/license/poluchit-licenziyu-mchs;DRAFT_NOT_FOR_UPLOAD
mcm-giop-kaliningrad;42;Калининград;Минкультуры / ГИОП;giop;Лицензия Минкультуры, ГИОП — оформление;"Нужна помощь с лицензией Минкультуры на реставрационные работы? МСМ сопровождает подготовку документов для деятельности по сохранению объектов культурного наследия. Это направление также ищут как «лицензия ГИОП».

Клиентам из города Калининград. МСМ работает с заказчиками по всей России.

Чем поможем:
• Разберём перечень планируемых реставрационных работ.
• Поможем собрать и подготовить документы организации.
• Проконсультируем по квалификации и аттестации специалистов.
• Сопроводим подачу и рассмотрение заявления.

Работаем с компаниями из разных регионов России. Порядок подготовки определяем с учётом выбранных работ, состава специалистов и готовности документов.

Компания МСМ специализируется на лицензировании, саморегулировании и подготовке специалистов. Разберём исходную ситуацию и объясним последовательность действий.

Напишите в чат «ГИОП» и укажите виды работ. Подскажем дальнейшие шаги для вашей компании.";images/giop.png;;;;NEW_REVIEW;https://nadosro.ru/license/licenziya-minkultury;DRAFT_NOT_FOR_UPLOAD
mcm-sro-kaliningrad;42;Калининград;СРО — три направления;sro;СРО: строительство, проектирование, изыскания;"Нужно вступить в СРО? МСМ поможет подобрать саморегулируемую организацию и подготовить документы для вашей компании или ИП. Сопровождаем три направления: строительство, проектирование и инженерные изыскания.

Клиентам из города Калининград. МСМ работает с заказчиками по всей России.

Чем поможем:
• Разберём виды работ, регион регистрации и задачи компании.
• Поможем подобрать СРО по нужному направлению.
• Подготовим комплект документов и заявление на вступление.
• Проконсультируем по специалистам НРС и требованиям выбранной СРО.
• Сопроводим рассмотрение документов и разберём замечания.

Строителям помогаем оформить членство в СРО для строительных работ. Проектировщикам — для подготовки проектной документации. Изыскателям — для инженерных изысканий. Если компании нужны несколько направлений, разберём каждое и согласуем общий порядок подготовки.

Компания МСМ специализируется на лицензировании, саморегулировании и подготовке специалистов. Разберём исходную ситуацию и объясним последовательность действий.

Напишите в чат «СРО» и укажите направление, регион регистрации и планируемые работы. Подскажем, какие документы подготовить в первую очередь.";images/sro.png;;;;NEW_REVIEW;https://nadosro.ru/;DRAFT_NOT_FOR_UPLOAD
mcm-nok-kursk;43;Курск;НОК;nok;НОК НОСТРОЙ / НОПРИЗ — подготовка к экзамену;"Нужно пройти независимую оценку квалификации? МСМ помогает специалистам строительной отрасли подготовиться к экзамену и собрать документы для допуска к НОК.

Клиентам из города Курск. МСМ работает с заказчиками по всей России.

Чем поможем:
• Разберём вашу задачу и направление квалификации.
• Поможем собрать и подготовить документы.
• Организуем подготовку к экзамену.
• Сопроводим по организационным вопросам до получения результатов.

Работаем со специалистами по строительству, проектированию и инженерным изысканиям. Подготовка и сопровождение подбираются под вашу квалификацию и текущую ситуацию.

Компания МСМ специализируется на лицензировании, саморегулировании и подготовке специалистов. Разберём исходную ситуацию и объясним последовательность действий.

Напишите в чат «НОК» и укажите вашу специальность, город и желаемый срок прохождения. Подскажем, с чего начать.";images/nok.png;;;;NEW_REVIEW;https://nadosro.ru/nezavisimaya-oczenka-kvalifikaczii;DRAFT_NOT_FOR_UPLOAD
mcm-nrs-kursk;43;Курск;НРС;nrs;Включение в НРС НОСТРОЙ / НОПРИЗ — помощь;"Планируете включение специалиста в национальный реестр? МСМ поможет проверить документы и подготовить заявление для НОСТРОЙ или НОПРИЗ.

Клиентам из города Курск. МСМ работает с заказчиками по всей России.

Чем поможем:
• Проведём предварительный разбор документов специалиста.
• Подскажем, какие сведения нужно дополнить.
• Поможем подготовить комплект документов и заявление.
• Сопроводим рассмотрение и разберём замечания при их наличии.

Помогаем специалистам строительных, проектных и изыскательских организаций. Если ранее получили отказ, разберём его причины и возможные дальнейшие действия.

Компания МСМ специализируется на лицензировании, саморегулировании и подготовке специалистов. Разберём исходную ситуацию и объясним последовательность действий.

Напишите в чат «НРС»: укажите направление, образование и стаж. Подскажем порядок подготовки документов.";images/nrs.png;;;;NEW_REVIEW;https://nadosro.ru/vnesenie-specialistov-v-nacionalnyj-reestr;DRAFT_NOT_FOR_UPLOAD
mcm-mchs-kursk;43;Курск;Лицензия МЧС;mchs;Лицензия МЧС — помощь в оформлении;"Готовите компанию к получению лицензии МЧС? МСМ сопровождает оформление: от разбора вашей задачи до подготовки документов и взаимодействия по заявлению.

Клиентам из города Курск. МСМ работает с заказчиками по всей России.

Чем поможем:
• Определим перечень работ, по которым нужна лицензия.
• Поможем собрать документы компании и специалистов.
• Проконсультируем по оборудованию и его документальному оформлению.
• Подготовим к проверке и сопроводим процесс рассмотрения.

Работаем с организациями и ИП в сфере пожарной безопасности. Сначала выясним, какие работы вы планируете выполнять, какие специалисты и оборудование уже есть, затем составим план подготовки.

Компания МСМ специализируется на лицензировании, саморегулировании и подготовке специалистов. Разберём исходную ситуацию и объясним последовательность действий.

Напишите в чат «МЧС» и перечислите планируемые работы. Расскажем, какие документы понадобятся в вашей ситуации.";images/mchs.png;;;;NEW_REVIEW;https://nadosro.ru/license/poluchit-licenziyu-mchs;DRAFT_NOT_FOR_UPLOAD
mcm-giop-kursk;43;Курск;Минкультуры / ГИОП;giop;Лицензия Минкультуры, ГИОП — оформление;"Нужна помощь с лицензией Минкультуры на реставрационные работы? МСМ сопровождает подготовку документов для деятельности по сохранению объектов культурного наследия. Это направление также ищут как «лицензия ГИОП».

Клиентам из города Курск. МСМ работает с заказчиками по всей России.

Чем поможем:
• Разберём перечень планируемых реставрационных работ.
• Поможем собрать и подготовить документы организации.
• Проконсультируем по квалификации и аттестации специалистов.
• Сопроводим подачу и рассмотрение заявления.

Работаем с компаниями из разных регионов России. Порядок подготовки определяем с учётом выбранных работ, состава специалистов и готовности документов.

Компания МСМ специализируется на лицензировании, саморегулировании и подготовке специалистов. Разберём исходную ситуацию и объясним последовательность действий.

Напишите в чат «ГИОП» и укажите виды работ. Подскажем дальнейшие шаги для вашей компании.";images/giop.png;;;;NEW_REVIEW;https://nadosro.ru/license/licenziya-minkultury;DRAFT_NOT_FOR_UPLOAD
mcm-sro-kursk;43;Курск;СРО — три направления;sro;СРО: строительство, проектирование, изыскания;"Нужно вступить в СРО? МСМ поможет подобрать саморегулируемую организацию и подготовить документы для вашей компании или ИП. Сопровождаем три направления: строительство, проектирование и инженерные изыскания.

Клиентам из города Курск. МСМ работает с заказчиками по всей России.

Чем поможем:
• Разберём виды работ, регион регистрации и задачи компании.
• Поможем подобрать СРО по нужному направлению.
• Подготовим комплект документов и заявление на вступление.
• Проконсультируем по специалистам НРС и требованиям выбранной СРО.
• Сопроводим рассмотрение документов и разберём замечания.

Строителям помогаем оформить членство в СРО для строительных работ. Проектировщикам — для подготовки проектной документации. Изыскателям — для инженерных изысканий. Если компании нужны несколько направлений, разберём каждое и согласуем общий порядок подготовки.

Компания МСМ специализируется на лицензировании, саморегулировании и подготовке специалистов. Разберём исходную ситуацию и объясним последовательность действий.

Напишите в чат «СРО» и укажите направление, регион регистрации и планируемые работы. Подскажем, какие документы подготовить в первую очередь.";images/sro.png;;;;NEW_REVIEW;https://nadosro.ru/;DRAFT_NOT_FOR_UPLOAD
mcm-nok-ulan-ude;44;Улан-Удэ;НОК;nok;НОК НОСТРОЙ / НОПРИЗ — подготовка к экзамену;"Нужно пройти независимую оценку квалификации? МСМ помогает специалистам строительной отрасли подготовиться к экзамену и собрать документы для допуска к НОК.

Клиентам из города Улан-Удэ. МСМ работает с заказчиками по всей России.

Чем поможем:
• Разберём вашу задачу и направление квалификации.
• Поможем собрать и подготовить документы.
• Организуем подготовку к экзамену.
• Сопроводим по организационным вопросам до получения результатов.

Работаем со специалистами по строительству, проектированию и инженерным изысканиям. Подготовка и сопровождение подбираются под вашу квалификацию и текущую ситуацию.

Компания МСМ специализируется на лицензировании, саморегулировании и подготовке специалистов. Разберём исходную ситуацию и объясним последовательность действий.

Напишите в чат «НОК» и укажите вашу специальность, город и желаемый срок прохождения. Подскажем, с чего начать.";images/nok.png;;;;NEW_REVIEW;https://nadosro.ru/nezavisimaya-oczenka-kvalifikaczii;DRAFT_NOT_FOR_UPLOAD
mcm-nrs-ulan-ude;44;Улан-Удэ;НРС;nrs;Включение в НРС НОСТРОЙ / НОПРИЗ — помощь;"Планируете включение специалиста в национальный реестр? МСМ поможет проверить документы и подготовить заявление для НОСТРОЙ или НОПРИЗ.

Клиентам из города Улан-Удэ. МСМ работает с заказчиками по всей России.

Чем поможем:
• Проведём предварительный разбор документов специалиста.
• Подскажем, какие сведения нужно дополнить.
• Поможем подготовить комплект документов и заявление.
• Сопроводим рассмотрение и разберём замечания при их наличии.

Помогаем специалистам строительных, проектных и изыскательских организаций. Если ранее получили отказ, разберём его причины и возможные дальнейшие действия.

Компания МСМ специализируется на лицензировании, саморегулировании и подготовке специалистов. Разберём исходную ситуацию и объясним последовательность действий.

Напишите в чат «НРС»: укажите направление, образование и стаж. Подскажем порядок подготовки документов.";images/nrs.png;;;;NEW_REVIEW;https://nadosro.ru/vnesenie-specialistov-v-nacionalnyj-reestr;DRAFT_NOT_FOR_UPLOAD
mcm-mchs-ulan-ude;44;Улан-Удэ;Лицензия МЧС;mchs;Лицензия МЧС — помощь в оформлении;"Готовите компанию к получению лицензии МЧС? МСМ сопровождает оформление: от разбора вашей задачи до подготовки документов и взаимодействия по заявлению.

Клиентам из города Улан-Удэ. МСМ работает с заказчиками по всей России.

Чем поможем:
• Определим перечень работ, по которым нужна лицензия.
• Поможем собрать документы компании и специалистов.
• Проконсультируем по оборудованию и его документальному оформлению.
• Подготовим к проверке и сопроводим процесс рассмотрения.

Работаем с организациями и ИП в сфере пожарной безопасности. Сначала выясним, какие работы вы планируете выполнять, какие специалисты и оборудование уже есть, затем составим план подготовки.

Компания МСМ специализируется на лицензировании, саморегулировании и подготовке специалистов. Разберём исходную ситуацию и объясним последовательность действий.

Напишите в чат «МЧС» и перечислите планируемые работы. Расскажем, какие документы понадобятся в вашей ситуации.";images/mchs.png;;;;NEW_REVIEW;https://nadosro.ru/license/poluchit-licenziyu-mchs;DRAFT_NOT_FOR_UPLOAD
mcm-giop-ulan-ude;44;Улан-Удэ;Минкультуры / ГИОП;giop;Лицензия Минкультуры, ГИОП — оформление;"Нужна помощь с лицензией Минкультуры на реставрационные работы? МСМ сопровождает подготовку документов для деятельности по сохранению объектов культурного наследия. Это направление также ищут как «лицензия ГИОП».

Клиентам из города Улан-Удэ. МСМ работает с заказчиками по всей России.

Чем поможем:
• Разберём перечень планируемых реставрационных работ.
• Поможем собрать и подготовить документы организации.
• Проконсультируем по квалификации и аттестации специалистов.
• Сопроводим подачу и рассмотрение заявления.

Работаем с компаниями из разных регионов России. Порядок подготовки определяем с учётом выбранных работ, состава специалистов и готовности документов.

Компания МСМ специализируется на лицензировании, саморегулировании и подготовке специалистов. Разберём исходную ситуацию и объясним последовательность действий.

Напишите в чат «ГИОП» и укажите виды работ. Подскажем дальнейшие шаги для вашей компании.";images/giop.png;;;;NEW_REVIEW;https://nadosro.ru/license/licenziya-minkultury;DRAFT_NOT_FOR_UPLOAD
mcm-sro-ulan-ude;44;Улан-Удэ;СРО — три направления;sro;СРО: строительство, проектирование, изыскания;"Нужно вступить в СРО? МСМ поможет подобрать саморегулируемую организацию и подготовить документы для вашей компании или ИП. Сопровождаем три направления: строительство, проектирование и инженерные изыскания.

Клиентам из города Улан-Удэ. МСМ работает с заказчиками по всей России.

Чем поможем:
• Разберём виды работ, регион регистрации и задачи компании.
• Поможем подобрать СРО по нужному направлению.
• Подготовим комплект документов и заявление на вступление.
• Проконсультируем по специалистам НРС и требованиям выбранной СРО.
• Сопроводим рассмотрение документов и разберём замечания.

Строителям помогаем оформить членство в СРО для строительных работ. Проектировщикам — для подготовки проектной документации. Изыскателям — для инженерных изысканий. Если компании нужны несколько направлений, разберём каждое и согласуем общий порядок подготовки.

Компания МСМ специализируется на лицензировании, саморегулировании и подготовке специалистов. Разберём исходную ситуацию и объясним последовательность действий.

Напишите в чат «СРО» и укажите направление, регион регистрации и планируемые работы. Подскажем, какие документы подготовить в первую очередь.";images/sro.png;;;;NEW_REVIEW;https://nadosro.ru/;DRAFT_NOT_FOR_UPLOAD
mcm-nok-sochi;45;Сочи;НОК;nok;НОК НОСТРОЙ / НОПРИЗ — подготовка к экзамену;"Нужно пройти независимую оценку квалификации? МСМ помогает специалистам строительной отрасли подготовиться к экзамену и собрать документы для допуска к НОК.

Клиентам из города Сочи. МСМ работает с заказчиками по всей России.

Чем поможем:
• Разберём вашу задачу и направление квалификации.
• Поможем собрать и подготовить документы.
• Организуем подготовку к экзамену.
• Сопроводим по организационным вопросам до получения результатов.

Работаем со специалистами по строительству, проектированию и инженерным изысканиям. Подготовка и сопровождение подбираются под вашу квалификацию и текущую ситуацию.

Компания МСМ специализируется на лицензировании, саморегулировании и подготовке специалистов. Разберём исходную ситуацию и объясним последовательность действий.

Напишите в чат «НОК» и укажите вашу специальность, город и желаемый срок прохождения. Подскажем, с чего начать.";images/nok.png;;;;NEW_REVIEW;https://nadosro.ru/nezavisimaya-oczenka-kvalifikaczii;DRAFT_NOT_FOR_UPLOAD
mcm-nrs-sochi;45;Сочи;НРС;nrs;Включение в НРС НОСТРОЙ / НОПРИЗ — помощь;"Планируете включение специалиста в национальный реестр? МСМ поможет проверить документы и подготовить заявление для НОСТРОЙ или НОПРИЗ.

Клиентам из города Сочи. МСМ работает с заказчиками по всей России.

Чем поможем:
• Проведём предварительный разбор документов специалиста.
• Подскажем, какие сведения нужно дополнить.
• Поможем подготовить комплект документов и заявление.
• Сопроводим рассмотрение и разберём замечания при их наличии.

Помогаем специалистам строительных, проектных и изыскательских организаций. Если ранее получили отказ, разберём его причины и возможные дальнейшие действия.

Компания МСМ специализируется на лицензировании, саморегулировании и подготовке специалистов. Разберём исходную ситуацию и объясним последовательность действий.

Напишите в чат «НРС»: укажите направление, образование и стаж. Подскажем порядок подготовки документов.";images/nrs.png;;;;NEW_REVIEW;https://nadosro.ru/vnesenie-specialistov-v-nacionalnyj-reestr;DRAFT_NOT_FOR_UPLOAD
mcm-mchs-sochi;45;Сочи;Лицензия МЧС;mchs;Лицензия МЧС — помощь в оформлении;"Готовите компанию к получению лицензии МЧС? МСМ сопровождает оформление: от разбора вашей задачи до подготовки документов и взаимодействия по заявлению.

Клиентам из города Сочи. МСМ работает с заказчиками по всей России.

Чем поможем:
• Определим перечень работ, по которым нужна лицензия.
• Поможем собрать документы компании и специалистов.
• Проконсультируем по оборудованию и его документальному оформлению.
• Подготовим к проверке и сопроводим процесс рассмотрения.

Работаем с организациями и ИП в сфере пожарной безопасности. Сначала выясним, какие работы вы планируете выполнять, какие специалисты и оборудование уже есть, затем составим план подготовки.

Компания МСМ специализируется на лицензировании, саморегулировании и подготовке специалистов. Разберём исходную ситуацию и объясним последовательность действий.

Напишите в чат «МЧС» и перечислите планируемые работы. Расскажем, какие документы понадобятся в вашей ситуации.";images/mchs.png;;;;NEW_REVIEW;https://nadosro.ru/license/poluchit-licenziyu-mchs;DRAFT_NOT_FOR_UPLOAD
mcm-giop-sochi;45;Сочи;Минкультуры / ГИОП;giop;Лицензия Минкультуры, ГИОП — оформление;"Нужна помощь с лицензией Минкультуры на реставрационные работы? МСМ сопровождает подготовку документов для деятельности по сохранению объектов культурного наследия. Это направление также ищут как «лицензия ГИОП».

Клиентам из города Сочи. МСМ работает с заказчиками по всей России.

Чем поможем:
• Разберём перечень планируемых реставрационных работ.
• Поможем собрать и подготовить документы организации.
• Проконсультируем по квалификации и аттестации специалистов.
• Сопроводим подачу и рассмотрение заявления.

Работаем с компаниями из разных регионов России. Порядок подготовки определяем с учётом выбранных работ, состава специалистов и готовности документов.

Компания МСМ специализируется на лицензировании, саморегулировании и подготовке специалистов. Разберём исходную ситуацию и объясним последовательность действий.

Напишите в чат «ГИОП» и укажите виды работ. Подскажем дальнейшие шаги для вашей компании.";images/giop.png;;;;NEW_REVIEW;https://nadosro.ru/license/licenziya-minkultury;DRAFT_NOT_FOR_UPLOAD
mcm-sro-sochi;45;Сочи;СРО — три направления;sro;СРО: строительство, проектирование, изыскания;"Нужно вступить в СРО? МСМ поможет подобрать саморегулируемую организацию и подготовить документы для вашей компании или ИП. Сопровождаем три направления: строительство, проектирование и инженерные изыскания.

Клиентам из города Сочи. МСМ работает с заказчиками по всей России.

Чем поможем:
• Разберём виды работ, регион регистрации и задачи компании.
• Поможем подобрать СРО по нужному направлению.
• Подготовим комплект документов и заявление на вступление.
• Проконсультируем по специалистам НРС и требованиям выбранной СРО.
• Сопроводим рассмотрение документов и разберём замечания.

Строителям помогаем оформить членство в СРО для строительных работ. Проектировщикам — для подготовки проектной документации. Изыскателям — для инженерных изысканий. Если компании нужны несколько направлений, разберём каждое и согласуем общий порядок подготовки.

Компания МСМ специализируется на лицензировании, саморегулировании и подготовке специалистов. Разберём исходную ситуацию и объясним последовательность действий.

Напишите в чат «СРО» и укажите направление, регион регистрации и планируемые работы. Подскажем, какие документы подготовить в первую очередь.";images/sro.png;;;;NEW_REVIEW;https://nadosro.ru/;DRAFT_NOT_FOR_UPLOAD
mcm-nok-tver;46;Тверь;НОК;nok;НОК НОСТРОЙ / НОПРИЗ — подготовка к экзамену;"Нужно пройти независимую оценку квалификации? МСМ помогает специалистам строительной отрасли подготовиться к экзамену и собрать документы для допуска к НОК.

Клиентам из города Тверь. МСМ работает с заказчиками по всей России.

Чем поможем:
• Разберём вашу задачу и направление квалификации.
• Поможем собрать и подготовить документы.
• Организуем подготовку к экзамену.
• Сопроводим по организационным вопросам до получения результатов.

Работаем со специалистами по строительству, проектированию и инженерным изысканиям. Подготовка и сопровождение подбираются под вашу квалификацию и текущую ситуацию.

Компания МСМ специализируется на лицензировании, саморегулировании и подготовке специалистов. Разберём исходную ситуацию и объясним последовательность действий.

Напишите в чат «НОК» и укажите вашу специальность, город и желаемый срок прохождения. Подскажем, с чего начать.";images/nok.png;;;;NEW_REVIEW;https://nadosro.ru/nezavisimaya-oczenka-kvalifikaczii;DRAFT_NOT_FOR_UPLOAD
mcm-nrs-tver;46;Тверь;НРС;nrs;Включение в НРС НОСТРОЙ / НОПРИЗ — помощь;"Планируете включение специалиста в национальный реестр? МСМ поможет проверить документы и подготовить заявление для НОСТРОЙ или НОПРИЗ.

Клиентам из города Тверь. МСМ работает с заказчиками по всей России.

Чем поможем:
• Проведём предварительный разбор документов специалиста.
• Подскажем, какие сведения нужно дополнить.
• Поможем подготовить комплект документов и заявление.
• Сопроводим рассмотрение и разберём замечания при их наличии.

Помогаем специалистам строительных, проектных и изыскательских организаций. Если ранее получили отказ, разберём его причины и возможные дальнейшие действия.

Компания МСМ специализируется на лицензировании, саморегулировании и подготовке специалистов. Разберём исходную ситуацию и объясним последовательность действий.

Напишите в чат «НРС»: укажите направление, образование и стаж. Подскажем порядок подготовки документов.";images/nrs.png;;;;NEW_REVIEW;https://nadosro.ru/vnesenie-specialistov-v-nacionalnyj-reestr;DRAFT_NOT_FOR_UPLOAD
mcm-mchs-tver;46;Тверь;Лицензия МЧС;mchs;Лицензия МЧС — помощь в оформлении;"Готовите компанию к получению лицензии МЧС? МСМ сопровождает оформление: от разбора вашей задачи до подготовки документов и взаимодействия по заявлению.

Клиентам из города Тверь. МСМ работает с заказчиками по всей России.

Чем поможем:
• Определим перечень работ, по которым нужна лицензия.
• Поможем собрать документы компании и специалистов.
• Проконсультируем по оборудованию и его документальному оформлению.
• Подготовим к проверке и сопроводим процесс рассмотрения.

Работаем с организациями и ИП в сфере пожарной безопасности. Сначала выясним, какие работы вы планируете выполнять, какие специалисты и оборудование уже есть, затем составим план подготовки.

Компания МСМ специализируется на лицензировании, саморегулировании и подготовке специалистов. Разберём исходную ситуацию и объясним последовательность действий.

Напишите в чат «МЧС» и перечислите планируемые работы. Расскажем, какие документы понадобятся в вашей ситуации.";images/mchs.png;;;;NEW_REVIEW;https://nadosro.ru/license/poluchit-licenziyu-mchs;DRAFT_NOT_FOR_UPLOAD
mcm-giop-tver;46;Тверь;Минкультуры / ГИОП;giop;Лицензия Минкультуры, ГИОП — оформление;"Нужна помощь с лицензией Минкультуры на реставрационные работы? МСМ сопровождает подготовку документов для деятельности по сохранению объектов культурного наследия. Это направление также ищут как «лицензия ГИОП».

Клиентам из города Тверь. МСМ работает с заказчиками по всей России.

Чем поможем:
• Разберём перечень планируемых реставрационных работ.
• Поможем собрать и подготовить документы организации.
• Проконсультируем по квалификации и аттестации специалистов.
• Сопроводим подачу и рассмотрение заявления.

Работаем с компаниями из разных регионов России. Порядок подготовки определяем с учётом выбранных работ, состава специалистов и готовности документов.

Компания МСМ специализируется на лицензировании, саморегулировании и подготовке специалистов. Разберём исходную ситуацию и объясним последовательность действий.

Напишите в чат «ГИОП» и укажите виды работ. Подскажем дальнейшие шаги для вашей компании.";images/giop.png;;;;NEW_REVIEW;https://nadosro.ru/license/licenziya-minkultury;DRAFT_NOT_FOR_UPLOAD
mcm-sro-tver;46;Тверь;СРО — три направления;sro;СРО: строительство, проектирование, изыскания;"Нужно вступить в СРО? МСМ поможет подобрать саморегулируемую организацию и подготовить документы для вашей компании или ИП. Сопровождаем три направления: строительство, проектирование и инженерные изыскания.

Клиентам из города Тверь. МСМ работает с заказчиками по всей России.

Чем поможем:
• Разберём виды работ, регион регистрации и задачи компании.
• Поможем подобрать СРО по нужному направлению.
• Подготовим комплект документов и заявление на вступление.
• Проконсультируем по специалистам НРС и требованиям выбранной СРО.
• Сопроводим рассмотрение документов и разберём замечания.

Строителям помогаем оформить членство в СРО для строительных работ. Проектировщикам — для подготовки проектной документации. Изыскателям — для инженерных изысканий. Если компании нужны несколько направлений, разберём каждое и согласуем общий порядок подготовки.

Компания МСМ специализируется на лицензировании, саморегулировании и подготовке специалистов. Разберём исходную ситуацию и объясним последовательность действий.

Напишите в чат «СРО» и укажите направление, регион регистрации и планируемые работы. Подскажем, какие документы подготовить в первую очередь.";images/sro.png;;;;NEW_REVIEW;https://nadosro.ru/;DRAFT_NOT_FOR_UPLOAD
mcm-nok-magnitogorsk;47;Магнитогорск;НОК;nok;НОК НОСТРОЙ / НОПРИЗ — подготовка к экзамену;"Нужно пройти независимую оценку квалификации? МСМ помогает специалистам строительной отрасли подготовиться к экзамену и собрать документы для допуска к НОК.

Клиентам из города Магнитогорск. МСМ работает с заказчиками по всей России.

Чем поможем:
• Разберём вашу задачу и направление квалификации.
• Поможем собрать и подготовить документы.
• Организуем подготовку к экзамену.
• Сопроводим по организационным вопросам до получения результатов.

Работаем со специалистами по строительству, проектированию и инженерным изысканиям. Подготовка и сопровождение подбираются под вашу квалификацию и текущую ситуацию.

Компания МСМ специализируется на лицензировании, саморегулировании и подготовке специалистов. Разберём исходную ситуацию и объясним последовательность действий.

Напишите в чат «НОК» и укажите вашу специальность, город и желаемый срок прохождения. Подскажем, с чего начать.";images/nok.png;;;;NEW_REVIEW;https://nadosro.ru/nezavisimaya-oczenka-kvalifikaczii;DRAFT_NOT_FOR_UPLOAD
mcm-nrs-magnitogorsk;47;Магнитогорск;НРС;nrs;Включение в НРС НОСТРОЙ / НОПРИЗ — помощь;"Планируете включение специалиста в национальный реестр? МСМ поможет проверить документы и подготовить заявление для НОСТРОЙ или НОПРИЗ.

Клиентам из города Магнитогорск. МСМ работает с заказчиками по всей России.

Чем поможем:
• Проведём предварительный разбор документов специалиста.
• Подскажем, какие сведения нужно дополнить.
• Поможем подготовить комплект документов и заявление.
• Сопроводим рассмотрение и разберём замечания при их наличии.

Помогаем специалистам строительных, проектных и изыскательских организаций. Если ранее получили отказ, разберём его причины и возможные дальнейшие действия.

Компания МСМ специализируется на лицензировании, саморегулировании и подготовке специалистов. Разберём исходную ситуацию и объясним последовательность действий.

Напишите в чат «НРС»: укажите направление, образование и стаж. Подскажем порядок подготовки документов.";images/nrs.png;;;;NEW_REVIEW;https://nadosro.ru/vnesenie-specialistov-v-nacionalnyj-reestr;DRAFT_NOT_FOR_UPLOAD
mcm-mchs-magnitogorsk;47;Магнитогорск;Лицензия МЧС;mchs;Лицензия МЧС — помощь в оформлении;"Готовите компанию к получению лицензии МЧС? МСМ сопровождает оформление: от разбора вашей задачи до подготовки документов и взаимодействия по заявлению.

Клиентам из города Магнитогорск. МСМ работает с заказчиками по всей России.

Чем поможем:
• Определим перечень работ, по которым нужна лицензия.
• Поможем собрать документы компании и специалистов.
• Проконсультируем по оборудованию и его документальному оформлению.
• Подготовим к проверке и сопроводим процесс рассмотрения.

Работаем с организациями и ИП в сфере пожарной безопасности. Сначала выясним, какие работы вы планируете выполнять, какие специалисты и оборудование уже есть, затем составим план подготовки.

Компания МСМ специализируется на лицензировании, саморегулировании и подготовке специалистов. Разберём исходную ситуацию и объясним последовательность действий.

Напишите в чат «МЧС» и перечислите планируемые работы. Расскажем, какие документы понадобятся в вашей ситуации.";images/mchs.png;;;;NEW_REVIEW;https://nadosro.ru/license/poluchit-licenziyu-mchs;DRAFT_NOT_FOR_UPLOAD
mcm-giop-magnitogorsk;47;Магнитогорск;Минкультуры / ГИОП;giop;Лицензия Минкультуры, ГИОП — оформление;"Нужна помощь с лицензией Минкультуры на реставрационные работы? МСМ сопровождает подготовку документов для деятельности по сохранению объектов культурного наследия. Это направление также ищут как «лицензия ГИОП».

Клиентам из города Магнитогорск. МСМ работает с заказчиками по всей России.

Чем поможем:
• Разберём перечень планируемых реставрационных работ.
• Поможем собрать и подготовить документы организации.
• Проконсультируем по квалификации и аттестации специалистов.
• Сопроводим подачу и рассмотрение заявления.

Работаем с компаниями из разных регионов России. Порядок подготовки определяем с учётом выбранных работ, состава специалистов и готовности документов.

Компания МСМ специализируется на лицензировании, саморегулировании и подготовке специалистов. Разберём исходную ситуацию и объясним последовательность действий.

Напишите в чат «ГИОП» и укажите виды работ. Подскажем дальнейшие шаги для вашей компании.";images/giop.png;;;;NEW_REVIEW;https://nadosro.ru/license/licenziya-minkultury;DRAFT_NOT_FOR_UPLOAD
mcm-sro-magnitogorsk;47;Магнитогорск;СРО — три направления;sro;СРО: строительство, проектирование, изыскания;"Нужно вступить в СРО? МСМ поможет подобрать саморегулируемую организацию и подготовить документы для вашей компании или ИП. Сопровождаем три направления: строительство, проектирование и инженерные изыскания.

Клиентам из города Магнитогорск. МСМ работает с заказчиками по всей России.

Чем поможем:
• Разберём виды работ, регион регистрации и задачи компании.
• Поможем подобрать СРО по нужному направлению.
• Подготовим комплект документов и заявление на вступление.
• Проконсультируем по специалистам НРС и требованиям выбранной СРО.
• Сопроводим рассмотрение документов и разберём замечания.

Строителям помогаем оформить членство в СРО для строительных работ. Проектировщикам — для подготовки проектной документации. Изыскателям — для инженерных изысканий. Если компании нужны несколько направлений, разберём каждое и согласуем общий порядок подготовки.

Компания МСМ специализируется на лицензировании, саморегулировании и подготовке специалистов. Разберём исходную ситуацию и объясним последовательность действий.

Напишите в чат «СРО» и укажите направление, регион регистрации и планируемые работы. Подскажем, какие документы подготовить в первую очередь.";images/sro.png;;;;NEW_REVIEW;https://nadosro.ru/;DRAFT_NOT_FOR_UPLOAD
mcm-nok-bryansk;48;Брянск;НОК;nok;НОК НОСТРОЙ / НОПРИЗ — подготовка к экзамену;"Нужно пройти независимую оценку квалификации? МСМ помогает специалистам строительной отрасли подготовиться к экзамену и собрать документы для допуска к НОК.

Клиентам из города Брянск. МСМ работает с заказчиками по всей России.

Чем поможем:
• Разберём вашу задачу и направление квалификации.
• Поможем собрать и подготовить документы.
• Организуем подготовку к экзамену.
• Сопроводим по организационным вопросам до получения результатов.

Работаем со специалистами по строительству, проектированию и инженерным изысканиям. Подготовка и сопровождение подбираются под вашу квалификацию и текущую ситуацию.

Компания МСМ специализируется на лицензировании, саморегулировании и подготовке специалистов. Разберём исходную ситуацию и объясним последовательность действий.

Напишите в чат «НОК» и укажите вашу специальность, город и желаемый срок прохождения. Подскажем, с чего начать.";images/nok.png;;;;NEW_REVIEW;https://nadosro.ru/nezavisimaya-oczenka-kvalifikaczii;DRAFT_NOT_FOR_UPLOAD
mcm-nrs-bryansk;48;Брянск;НРС;nrs;Включение в НРС НОСТРОЙ / НОПРИЗ — помощь;"Планируете включение специалиста в национальный реестр? МСМ поможет проверить документы и подготовить заявление для НОСТРОЙ или НОПРИЗ.

Клиентам из города Брянск. МСМ работает с заказчиками по всей России.

Чем поможем:
• Проведём предварительный разбор документов специалиста.
• Подскажем, какие сведения нужно дополнить.
• Поможем подготовить комплект документов и заявление.
• Сопроводим рассмотрение и разберём замечания при их наличии.

Помогаем специалистам строительных, проектных и изыскательских организаций. Если ранее получили отказ, разберём его причины и возможные дальнейшие действия.

Компания МСМ специализируется на лицензировании, саморегулировании и подготовке специалистов. Разберём исходную ситуацию и объясним последовательность действий.

Напишите в чат «НРС»: укажите направление, образование и стаж. Подскажем порядок подготовки документов.";images/nrs.png;;;;NEW_REVIEW;https://nadosro.ru/vnesenie-specialistov-v-nacionalnyj-reestr;DRAFT_NOT_FOR_UPLOAD
mcm-mchs-bryansk;48;Брянск;Лицензия МЧС;mchs;Лицензия МЧС — помощь в оформлении;"Готовите компанию к получению лицензии МЧС? МСМ сопровождает оформление: от разбора вашей задачи до подготовки документов и взаимодействия по заявлению.

Клиентам из города Брянск. МСМ работает с заказчиками по всей России.

Чем поможем:
• Определим перечень работ, по которым нужна лицензия.
• Поможем собрать документы компании и специалистов.
• Проконсультируем по оборудованию и его документальному оформлению.
• Подготовим к проверке и сопроводим процесс рассмотрения.

Работаем с организациями и ИП в сфере пожарной безопасности. Сначала выясним, какие работы вы планируете выполнять, какие специалисты и оборудование уже есть, затем составим план подготовки.

Компания МСМ специализируется на лицензировании, саморегулировании и подготовке специалистов. Разберём исходную ситуацию и объясним последовательность действий.

Напишите в чат «МЧС» и перечислите планируемые работы. Расскажем, какие документы понадобятся в вашей ситуации.";images/mchs.png;;;;NEW_REVIEW;https://nadosro.ru/license/poluchit-licenziyu-mchs;DRAFT_NOT_FOR_UPLOAD
mcm-giop-bryansk;48;Брянск;Минкультуры / ГИОП;giop;Лицензия Минкультуры, ГИОП — оформление;"Нужна помощь с лицензией Минкультуры на реставрационные работы? МСМ сопровождает подготовку документов для деятельности по сохранению объектов культурного наследия. Это направление также ищут как «лицензия ГИОП».

Клиентам из города Брянск. МСМ работает с заказчиками по всей России.

Чем поможем:
• Разберём перечень планируемых реставрационных работ.
• Поможем собрать и подготовить документы организации.
• Проконсультируем по квалификации и аттестации специалистов.
• Сопроводим подачу и рассмотрение заявления.

Работаем с компаниями из разных регионов России. Порядок подготовки определяем с учётом выбранных работ, состава специалистов и готовности документов.

Компания МСМ специализируется на лицензировании, саморегулировании и подготовке специалистов. Разберём исходную ситуацию и объясним последовательность действий.

Напишите в чат «ГИОП» и укажите виды работ. Подскажем дальнейшие шаги для вашей компании.";images/giop.png;;;;NEW_REVIEW;https://nadosro.ru/license/licenziya-minkultury;DRAFT_NOT_FOR_UPLOAD
mcm-sro-bryansk;48;Брянск;СРО — три направления;sro;СРО: строительство, проектирование, изыскания;"Нужно вступить в СРО? МСМ поможет подобрать саморегулируемую организацию и подготовить документы для вашей компании или ИП. Сопровождаем три направления: строительство, проектирование и инженерные изыскания.

Клиентам из города Брянск. МСМ работает с заказчиками по всей России.

Чем поможем:
• Разберём виды работ, регион регистрации и задачи компании.
• Поможем подобрать СРО по нужному направлению.
• Подготовим комплект документов и заявление на вступление.
• Проконсультируем по специалистам НРС и требованиям выбранной СРО.
• Сопроводим рассмотрение документов и разберём замечания.

Строителям помогаем оформить членство в СРО для строительных работ. Проектировщикам — для подготовки проектной документации. Изыскателям — для инженерных изысканий. Если компании нужны несколько направлений, разберём каждое и согласуем общий порядок подготовки.

Компания МСМ специализируется на лицензировании, саморегулировании и подготовке специалистов. Разберём исходную ситуацию и объясним последовательность действий.

Напишите в чат «СРО» и укажите направление, регион регистрации и планируемые работы. Подскажем, какие документы подготовить в первую очередь.";images/sro.png;;;;NEW_REVIEW;https://nadosro.ru/;DRAFT_NOT_FOR_UPLOAD
mcm-nok-ivanovo;49;Иваново;НОК;nok;НОК НОСТРОЙ / НОПРИЗ — подготовка к экзамену;"Нужно пройти независимую оценку квалификации? МСМ помогает специалистам строительной отрасли подготовиться к экзамену и собрать документы для допуска к НОК.

Клиентам из города Иваново. МСМ работает с заказчиками по всей России.

Чем поможем:
• Разберём вашу задачу и направление квалификации.
• Поможем собрать и подготовить документы.
• Организуем подготовку к экзамену.
• Сопроводим по организационным вопросам до получения результатов.

Работаем со специалистами по строительству, проектированию и инженерным изысканиям. Подготовка и сопровождение подбираются под вашу квалификацию и текущую ситуацию.

Компания МСМ специализируется на лицензировании, саморегулировании и подготовке специалистов. Разберём исходную ситуацию и объясним последовательность действий.

Напишите в чат «НОК» и укажите вашу специальность, город и желаемый срок прохождения. Подскажем, с чего начать.";images/nok.png;;;;NEW_REVIEW;https://nadosro.ru/nezavisimaya-oczenka-kvalifikaczii;DRAFT_NOT_FOR_UPLOAD
mcm-nrs-ivanovo;49;Иваново;НРС;nrs;Включение в НРС НОСТРОЙ / НОПРИЗ — помощь;"Планируете включение специалиста в национальный реестр? МСМ поможет проверить документы и подготовить заявление для НОСТРОЙ или НОПРИЗ.

Клиентам из города Иваново. МСМ работает с заказчиками по всей России.

Чем поможем:
• Проведём предварительный разбор документов специалиста.
• Подскажем, какие сведения нужно дополнить.
• Поможем подготовить комплект документов и заявление.
• Сопроводим рассмотрение и разберём замечания при их наличии.

Помогаем специалистам строительных, проектных и изыскательских организаций. Если ранее получили отказ, разберём его причины и возможные дальнейшие действия.

Компания МСМ специализируется на лицензировании, саморегулировании и подготовке специалистов. Разберём исходную ситуацию и объясним последовательность действий.

Напишите в чат «НРС»: укажите направление, образование и стаж. Подскажем порядок подготовки документов.";images/nrs.png;;;;NEW_REVIEW;https://nadosro.ru/vnesenie-specialistov-v-nacionalnyj-reestr;DRAFT_NOT_FOR_UPLOAD
mcm-mchs-ivanovo;49;Иваново;Лицензия МЧС;mchs;Лицензия МЧС — помощь в оформлении;"Готовите компанию к получению лицензии МЧС? МСМ сопровождает оформление: от разбора вашей задачи до подготовки документов и взаимодействия по заявлению.

Клиентам из города Иваново. МСМ работает с заказчиками по всей России.

Чем поможем:
• Определим перечень работ, по которым нужна лицензия.
• Поможем собрать документы компании и специалистов.
• Проконсультируем по оборудованию и его документальному оформлению.
• Подготовим к проверке и сопроводим процесс рассмотрения.

Работаем с организациями и ИП в сфере пожарной безопасности. Сначала выясним, какие работы вы планируете выполнять, какие специалисты и оборудование уже есть, затем составим план подготовки.

Компания МСМ специализируется на лицензировании, саморегулировании и подготовке специалистов. Разберём исходную ситуацию и объясним последовательность действий.

Напишите в чат «МЧС» и перечислите планируемые работы. Расскажем, какие документы понадобятся в вашей ситуации.";images/mchs.png;;;;NEW_REVIEW;https://nadosro.ru/license/poluchit-licenziyu-mchs;DRAFT_NOT_FOR_UPLOAD
mcm-giop-ivanovo;49;Иваново;Минкультуры / ГИОП;giop;Лицензия Минкультуры, ГИОП — оформление;"Нужна помощь с лицензией Минкультуры на реставрационные работы? МСМ сопровождает подготовку документов для деятельности по сохранению объектов культурного наследия. Это направление также ищут как «лицензия ГИОП».

Клиентам из города Иваново. МСМ работает с заказчиками по всей России.

Чем поможем:
• Разберём перечень планируемых реставрационных работ.
• Поможем собрать и подготовить документы организации.
• Проконсультируем по квалификации и аттестации специалистов.
• Сопроводим подачу и рассмотрение заявления.

Работаем с компаниями из разных регионов России. Порядок подготовки определяем с учётом выбранных работ, состава специалистов и готовности документов.

Компания МСМ специализируется на лицензировании, саморегулировании и подготовке специалистов. Разберём исходную ситуацию и объясним последовательность действий.

Напишите в чат «ГИОП» и укажите виды работ. Подскажем дальнейшие шаги для вашей компании.";images/giop.png;;;;NEW_REVIEW;https://nadosro.ru/license/licenziya-minkultury;DRAFT_NOT_FOR_UPLOAD
mcm-sro-ivanovo;49;Иваново;СРО — три направления;sro;СРО: строительство, проектирование, изыскания;"Нужно вступить в СРО? МСМ поможет подобрать саморегулируемую организацию и подготовить документы для вашей компании или ИП. Сопровождаем три направления: строительство, проектирование и инженерные изыскания.

Клиентам из города Иваново. МСМ работает с заказчиками по всей России.

Чем поможем:
• Разберём виды работ, регион регистрации и задачи компании.
• Поможем подобрать СРО по нужному направлению.
• Подготовим комплект документов и заявление на вступление.
• Проконсультируем по специалистам НРС и требованиям выбранной СРО.
• Сопроводим рассмотрение документов и разберём замечания.

Строителям помогаем оформить членство в СРО для строительных работ. Проектировщикам — для подготовки проектной документации. Изыскателям — для инженерных изысканий. Если компании нужны несколько направлений, разберём каждое и согласуем общий порядок подготовки.

Компания МСМ специализируется на лицензировании, саморегулировании и подготовке специалистов. Разберём исходную ситуацию и объясним последовательность действий.

Напишите в чат «СРО» и укажите направление, регион регистрации и планируемые работы. Подскажем, какие документы подготовить в первую очередь.";images/sro.png;;;;NEW_REVIEW;https://nadosro.ru/;DRAFT_NOT_FOR_UPLOAD
mcm-nok-belgorod;50;Белгород;НОК;nok;НОК НОСТРОЙ / НОПРИЗ — подготовка к экзамену;"Нужно пройти независимую оценку квалификации? МСМ помогает специалистам строительной отрасли подготовиться к экзамену и собрать документы для допуска к НОК.

Клиентам из города Белгород. МСМ работает с заказчиками по всей России.

Чем поможем:
• Разберём вашу задачу и направление квалификации.
• Поможем собрать и подготовить документы.
• Организуем подготовку к экзамену.
• Сопроводим по организационным вопросам до получения результатов.

Работаем со специалистами по строительству, проектированию и инженерным изысканиям. Подготовка и сопровождение подбираются под вашу квалификацию и текущую ситуацию.

Компания МСМ специализируется на лицензировании, саморегулировании и подготовке специалистов. Разберём исходную ситуацию и объясним последовательность действий.

Напишите в чат «НОК» и укажите вашу специальность, город и желаемый срок прохождения. Подскажем, с чего начать.";images/nok.png;;;;NEW_REVIEW;https://nadosro.ru/nezavisimaya-oczenka-kvalifikaczii;DRAFT_NOT_FOR_UPLOAD
mcm-nrs-belgorod;50;Белгород;НРС;nrs;Включение в НРС НОСТРОЙ / НОПРИЗ — помощь;"Планируете включение специалиста в национальный реестр? МСМ поможет проверить документы и подготовить заявление для НОСТРОЙ или НОПРИЗ.

Клиентам из города Белгород. МСМ работает с заказчиками по всей России.

Чем поможем:
• Проведём предварительный разбор документов специалиста.
• Подскажем, какие сведения нужно дополнить.
• Поможем подготовить комплект документов и заявление.
• Сопроводим рассмотрение и разберём замечания при их наличии.

Помогаем специалистам строительных, проектных и изыскательских организаций. Если ранее получили отказ, разберём его причины и возможные дальнейшие действия.

Компания МСМ специализируется на лицензировании, саморегулировании и подготовке специалистов. Разберём исходную ситуацию и объясним последовательность действий.

Напишите в чат «НРС»: укажите направление, образование и стаж. Подскажем порядок подготовки документов.";images/nrs.png;;;;NEW_REVIEW;https://nadosro.ru/vnesenie-specialistov-v-nacionalnyj-reestr;DRAFT_NOT_FOR_UPLOAD
mcm-mchs-belgorod;50;Белгород;Лицензия МЧС;mchs;Лицензия МЧС — помощь в оформлении;"Готовите компанию к получению лицензии МЧС? МСМ сопровождает оформление: от разбора вашей задачи до подготовки документов и взаимодействия по заявлению.

Клиентам из города Белгород. МСМ работает с заказчиками по всей России.

Чем поможем:
• Определим перечень работ, по которым нужна лицензия.
• Поможем собрать документы компании и специалистов.
• Проконсультируем по оборудованию и его документальному оформлению.
• Подготовим к проверке и сопроводим процесс рассмотрения.

Работаем с организациями и ИП в сфере пожарной безопасности. Сначала выясним, какие работы вы планируете выполнять, какие специалисты и оборудование уже есть, затем составим план подготовки.

Компания МСМ специализируется на лицензировании, саморегулировании и подготовке специалистов. Разберём исходную ситуацию и объясним последовательность действий.

Напишите в чат «МЧС» и перечислите планируемые работы. Расскажем, какие документы понадобятся в вашей ситуации.";images/mchs.png;;;;NEW_REVIEW;https://nadosro.ru/license/poluchit-licenziyu-mchs;DRAFT_NOT_FOR_UPLOAD
mcm-giop-belgorod;50;Белгород;Минкультуры / ГИОП;giop;Лицензия Минкультуры, ГИОП — оформление;"Нужна помощь с лицензией Минкультуры на реставрационные работы? МСМ сопровождает подготовку документов для деятельности по сохранению объектов культурного наследия. Это направление также ищут как «лицензия ГИОП».

Клиентам из города Белгород. МСМ работает с заказчиками по всей России.

Чем поможем:
• Разберём перечень планируемых реставрационных работ.
• Поможем собрать и подготовить документы организации.
• Проконсультируем по квалификации и аттестации специалистов.
• Сопроводим подачу и рассмотрение заявления.

Работаем с компаниями из разных регионов России. Порядок подготовки определяем с учётом выбранных работ, состава специалистов и готовности документов.

Компания МСМ специализируется на лицензировании, саморегулировании и подготовке специалистов. Разберём исходную ситуацию и объясним последовательность действий.

Напишите в чат «ГИОП» и укажите виды работ. Подскажем дальнейшие шаги для вашей компании.";images/giop.png;;;;NEW_REVIEW;https://nadosro.ru/license/licenziya-minkultury;DRAFT_NOT_FOR_UPLOAD
mcm-sro-belgorod;50;Белгород;СРО — три направления;sro;СРО: строительство, проектирование, изыскания;"Нужно вступить в СРО? МСМ поможет подобрать саморегулируемую организацию и подготовить документы для вашей компании или ИП. Сопровождаем три направления: строительство, проектирование и инженерные изыскания.

Клиентам из города Белгород. МСМ работает с заказчиками по всей России.

Чем поможем:
• Разберём виды работ, регион регистрации и задачи компании.
• Поможем подобрать СРО по нужному направлению.
• Подготовим комплект документов и заявление на вступление.
• Проконсультируем по специалистам НРС и требованиям выбранной СРО.
• Сопроводим рассмотрение документов и разберём замечания.

Строителям помогаем оформить членство в СРО для строительных работ. Проектировщикам — для подготовки проектной документации. Изыскателям — для инженерных изысканий. Если компании нужны несколько направлений, разберём каждое и согласуем общий порядок подготовки.

Компания МСМ специализируется на лицензировании, саморегулировании и подготовке специалистов. Разберём исходную ситуацию и объясним последовательность действий.

Напишите в чат «СРО» и укажите направление, регион регистрации и планируемые работы. Подскажем, какие документы подготовить в первую очередь.";images/sro.png;;;;NEW_REVIEW;https://nadosro.ru/;DRAFT_NOT_FOR_UPLOAD
mcm-nok-surgut;51;Сургут;НОК;nok;НОК НОСТРОЙ / НОПРИЗ — подготовка к экзамену;"Нужно пройти независимую оценку квалификации? МСМ помогает специалистам строительной отрасли подготовиться к экзамену и собрать документы для допуска к НОК.

Клиентам из города Сургут. МСМ работает с заказчиками по всей России.

Чем поможем:
• Разберём вашу задачу и направление квалификации.
• Поможем собрать и подготовить документы.
• Организуем подготовку к экзамену.
• Сопроводим по организационным вопросам до получения результатов.

Работаем со специалистами по строительству, проектированию и инженерным изысканиям. Подготовка и сопровождение подбираются под вашу квалификацию и текущую ситуацию.

Компания МСМ специализируется на лицензировании, саморегулировании и подготовке специалистов. Разберём исходную ситуацию и объясним последовательность действий.

Напишите в чат «НОК» и укажите вашу специальность, город и желаемый срок прохождения. Подскажем, с чего начать.";images/nok.png;;;;NEW_REVIEW;https://nadosro.ru/nezavisimaya-oczenka-kvalifikaczii;DRAFT_NOT_FOR_UPLOAD
mcm-nrs-surgut;51;Сургут;НРС;nrs;Включение в НРС НОСТРОЙ / НОПРИЗ — помощь;"Планируете включение специалиста в национальный реестр? МСМ поможет проверить документы и подготовить заявление для НОСТРОЙ или НОПРИЗ.

Клиентам из города Сургут. МСМ работает с заказчиками по всей России.

Чем поможем:
• Проведём предварительный разбор документов специалиста.
• Подскажем, какие сведения нужно дополнить.
• Поможем подготовить комплект документов и заявление.
• Сопроводим рассмотрение и разберём замечания при их наличии.

Помогаем специалистам строительных, проектных и изыскательских организаций. Если ранее получили отказ, разберём его причины и возможные дальнейшие действия.

Компания МСМ специализируется на лицензировании, саморегулировании и подготовке специалистов. Разберём исходную ситуацию и объясним последовательность действий.

Напишите в чат «НРС»: укажите направление, образование и стаж. Подскажем порядок подготовки документов.";images/nrs.png;;;;NEW_REVIEW;https://nadosro.ru/vnesenie-specialistov-v-nacionalnyj-reestr;DRAFT_NOT_FOR_UPLOAD
mcm-mchs-surgut;51;Сургут;Лицензия МЧС;mchs;Лицензия МЧС — помощь в оформлении;"Готовите компанию к получению лицензии МЧС? МСМ сопровождает оформление: от разбора вашей задачи до подготовки документов и взаимодействия по заявлению.

Клиентам из города Сургут. МСМ работает с заказчиками по всей России.

Чем поможем:
• Определим перечень работ, по которым нужна лицензия.
• Поможем собрать документы компании и специалистов.
• Проконсультируем по оборудованию и его документальному оформлению.
• Подготовим к проверке и сопроводим процесс рассмотрения.

Работаем с организациями и ИП в сфере пожарной безопасности. Сначала выясним, какие работы вы планируете выполнять, какие специалисты и оборудование уже есть, затем составим план подготовки.

Компания МСМ специализируется на лицензировании, саморегулировании и подготовке специалистов. Разберём исходную ситуацию и объясним последовательность действий.

Напишите в чат «МЧС» и перечислите планируемые работы. Расскажем, какие документы понадобятся в вашей ситуации.";images/mchs.png;;;;NEW_REVIEW;https://nadosro.ru/license/poluchit-licenziyu-mchs;DRAFT_NOT_FOR_UPLOAD
mcm-giop-surgut;51;Сургут;Минкультуры / ГИОП;giop;Лицензия Минкультуры, ГИОП — оформление;"Нужна помощь с лицензией Минкультуры на реставрационные работы? МСМ сопровождает подготовку документов для деятельности по сохранению объектов культурного наследия. Это направление также ищут как «лицензия ГИОП».

Клиентам из города Сургут. МСМ работает с заказчиками по всей России.

Чем поможем:
• Разберём перечень планируемых реставрационных работ.
• Поможем собрать и подготовить документы организации.
• Проконсультируем по квалификации и аттестации специалистов.
• Сопроводим подачу и рассмотрение заявления.

Работаем с компаниями из разных регионов России. Порядок подготовки определяем с учётом выбранных работ, состава специалистов и готовности документов.

Компания МСМ специализируется на лицензировании, саморегулировании и подготовке специалистов. Разберём исходную ситуацию и объясним последовательность действий.

Напишите в чат «ГИОП» и укажите виды работ. Подскажем дальнейшие шаги для вашей компании.";images/giop.png;;;;NEW_REVIEW;https://nadosro.ru/license/licenziya-minkultury;DRAFT_NOT_FOR_UPLOAD
mcm-sro-surgut;51;Сургут;СРО — три направления;sro;СРО: строительство, проектирование, изыскания;"Нужно вступить в СРО? МСМ поможет подобрать саморегулируемую организацию и подготовить документы для вашей компании или ИП. Сопровождаем три направления: строительство, проектирование и инженерные изыскания.

Клиентам из города Сургут. МСМ работает с заказчиками по всей России.

Чем поможем:
• Разберём виды работ, регион регистрации и задачи компании.
• Поможем подобрать СРО по нужному направлению.
• Подготовим комплект документов и заявление на вступление.
• Проконсультируем по специалистам НРС и требованиям выбранной СРО.
• Сопроводим рассмотрение документов и разберём замечания.

Строителям помогаем оформить членство в СРО для строительных работ. Проектировщикам — для подготовки проектной документации. Изыскателям — для инженерных изысканий. Если компании нужны несколько направлений, разберём каждое и согласуем общий порядок подготовки.

Компания МСМ специализируется на лицензировании, саморегулировании и подготовке специалистов. Разберём исходную ситуацию и объясним последовательность действий.

Напишите в чат «СРО» и укажите направление, регион регистрации и планируемые работы. Подскажем, какие документы подготовить в первую очередь.";images/sro.png;;;;NEW_REVIEW;https://nadosro.ru/;DRAFT_NOT_FOR_UPLOAD
mcm-nok-vladimir;52;Владимир;НОК;nok;НОК НОСТРОЙ / НОПРИЗ — подготовка к экзамену;"Нужно пройти независимую оценку квалификации? МСМ помогает специалистам строительной отрасли подготовиться к экзамену и собрать документы для допуска к НОК.

Клиентам из города Владимир. МСМ работает с заказчиками по всей России.

Чем поможем:
• Разберём вашу задачу и направление квалификации.
• Поможем собрать и подготовить документы.
• Организуем подготовку к экзамену.
• Сопроводим по организационным вопросам до получения результатов.

Работаем со специалистами по строительству, проектированию и инженерным изысканиям. Подготовка и сопровождение подбираются под вашу квалификацию и текущую ситуацию.

Компания МСМ специализируется на лицензировании, саморегулировании и подготовке специалистов. Разберём исходную ситуацию и объясним последовательность действий.

Напишите в чат «НОК» и укажите вашу специальность, город и желаемый срок прохождения. Подскажем, с чего начать.";images/nok.png;;;;NEW_REVIEW;https://nadosro.ru/nezavisimaya-oczenka-kvalifikaczii;DRAFT_NOT_FOR_UPLOAD
mcm-nrs-vladimir;52;Владимир;НРС;nrs;Включение в НРС НОСТРОЙ / НОПРИЗ — помощь;"Планируете включение специалиста в национальный реестр? МСМ поможет проверить документы и подготовить заявление для НОСТРОЙ или НОПРИЗ.

Клиентам из города Владимир. МСМ работает с заказчиками по всей России.

Чем поможем:
• Проведём предварительный разбор документов специалиста.
• Подскажем, какие сведения нужно дополнить.
• Поможем подготовить комплект документов и заявление.
• Сопроводим рассмотрение и разберём замечания при их наличии.

Помогаем специалистам строительных, проектных и изыскательских организаций. Если ранее получили отказ, разберём его причины и возможные дальнейшие действия.

Компания МСМ специализируется на лицензировании, саморегулировании и подготовке специалистов. Разберём исходную ситуацию и объясним последовательность действий.

Напишите в чат «НРС»: укажите направление, образование и стаж. Подскажем порядок подготовки документов.";images/nrs.png;;;;NEW_REVIEW;https://nadosro.ru/vnesenie-specialistov-v-nacionalnyj-reestr;DRAFT_NOT_FOR_UPLOAD
mcm-mchs-vladimir;52;Владимир;Лицензия МЧС;mchs;Лицензия МЧС — помощь в оформлении;"Готовите компанию к получению лицензии МЧС? МСМ сопровождает оформление: от разбора вашей задачи до подготовки документов и взаимодействия по заявлению.

Клиентам из города Владимир. МСМ работает с заказчиками по всей России.

Чем поможем:
• Определим перечень работ, по которым нужна лицензия.
• Поможем собрать документы компании и специалистов.
• Проконсультируем по оборудованию и его документальному оформлению.
• Подготовим к проверке и сопроводим процесс рассмотрения.

Работаем с организациями и ИП в сфере пожарной безопасности. Сначала выясним, какие работы вы планируете выполнять, какие специалисты и оборудование уже есть, затем составим план подготовки.

Компания МСМ специализируется на лицензировании, саморегулировании и подготовке специалистов. Разберём исходную ситуацию и объясним последовательность действий.

Напишите в чат «МЧС» и перечислите планируемые работы. Расскажем, какие документы понадобятся в вашей ситуации.";images/mchs.png;;;;NEW_REVIEW;https://nadosro.ru/license/poluchit-licenziyu-mchs;DRAFT_NOT_FOR_UPLOAD
mcm-giop-vladimir;52;Владимир;Минкультуры / ГИОП;giop;Лицензия Минкультуры, ГИОП — оформление;"Нужна помощь с лицензией Минкультуры на реставрационные работы? МСМ сопровождает подготовку документов для деятельности по сохранению объектов культурного наследия. Это направление также ищут как «лицензия ГИОП».

Клиентам из города Владимир. МСМ работает с заказчиками по всей России.

Чем поможем:
• Разберём перечень планируемых реставрационных работ.
• Поможем собрать и подготовить документы организации.
• Проконсультируем по квалификации и аттестации специалистов.
• Сопроводим подачу и рассмотрение заявления.

Работаем с компаниями из разных регионов России. Порядок подготовки определяем с учётом выбранных работ, состава специалистов и готовности документов.

Компания МСМ специализируется на лицензировании, саморегулировании и подготовке специалистов. Разберём исходную ситуацию и объясним последовательность действий.

Напишите в чат «ГИОП» и укажите виды работ. Подскажем дальнейшие шаги для вашей компании.";images/giop.png;;;;NEW_REVIEW;https://nadosro.ru/license/licenziya-minkultury;DRAFT_NOT_FOR_UPLOAD
mcm-sro-vladimir;52;Владимир;СРО — три направления;sro;СРО: строительство, проектирование, изыскания;"Нужно вступить в СРО? МСМ поможет подобрать саморегулируемую организацию и подготовить документы для вашей компании или ИП. Сопровождаем три направления: строительство, проектирование и инженерные изыскания.

Клиентам из города Владимир. МСМ работает с заказчиками по всей России.

Чем поможем:
• Разберём виды работ, регион регистрации и задачи компании.
• Поможем подобрать СРО по нужному направлению.
• Подготовим комплект документов и заявление на вступление.
• Проконсультируем по специалистам НРС и требованиям выбранной СРО.
• Сопроводим рассмотрение документов и разберём замечания.

Строителям помогаем оформить членство в СРО для строительных работ. Проектировщикам — для подготовки проектной документации. Изыскателям — для инженерных изысканий. Если компании нужны несколько направлений, разберём каждое и согласуем общий порядок подготовки.

Компания МСМ специализируется на лицензировании, саморегулировании и подготовке специалистов. Разберём исходную ситуацию и объясним последовательность действий.

Напишите в чат «СРО» и укажите направление, регион регистрации и планируемые работы. Подскажем, какие документы подготовить в первую очередь.";images/sro.png;;;;NEW_REVIEW;https://nadosro.ru/;DRAFT_NOT_FOR_UPLOAD
mcm-nok-arhangelsk;53;Архангельск;НОК;nok;НОК НОСТРОЙ / НОПРИЗ — подготовка к экзамену;"Нужно пройти независимую оценку квалификации? МСМ помогает специалистам строительной отрасли подготовиться к экзамену и собрать документы для допуска к НОК.

Клиентам из города Архангельск. МСМ работает с заказчиками по всей России.

Чем поможем:
• Разберём вашу задачу и направление квалификации.
• Поможем собрать и подготовить документы.
• Организуем подготовку к экзамену.
• Сопроводим по организационным вопросам до получения результатов.

Работаем со специалистами по строительству, проектированию и инженерным изысканиям. Подготовка и сопровождение подбираются под вашу квалификацию и текущую ситуацию.

Компания МСМ специализируется на лицензировании, саморегулировании и подготовке специалистов. Разберём исходную ситуацию и объясним последовательность действий.

Напишите в чат «НОК» и укажите вашу специальность, город и желаемый срок прохождения. Подскажем, с чего начать.";images/nok.png;;;;NEW_REVIEW;https://nadosro.ru/nezavisimaya-oczenka-kvalifikaczii;DRAFT_NOT_FOR_UPLOAD
mcm-nrs-arhangelsk;53;Архангельск;НРС;nrs;Включение в НРС НОСТРОЙ / НОПРИЗ — помощь;"Планируете включение специалиста в национальный реестр? МСМ поможет проверить документы и подготовить заявление для НОСТРОЙ или НОПРИЗ.

Клиентам из города Архангельск. МСМ работает с заказчиками по всей России.

Чем поможем:
• Проведём предварительный разбор документов специалиста.
• Подскажем, какие сведения нужно дополнить.
• Поможем подготовить комплект документов и заявление.
• Сопроводим рассмотрение и разберём замечания при их наличии.

Помогаем специалистам строительных, проектных и изыскательских организаций. Если ранее получили отказ, разберём его причины и возможные дальнейшие действия.

Компания МСМ специализируется на лицензировании, саморегулировании и подготовке специалистов. Разберём исходную ситуацию и объясним последовательность действий.

Напишите в чат «НРС»: укажите направление, образование и стаж. Подскажем порядок подготовки документов.";images/nrs.png;;;;NEW_REVIEW;https://nadosro.ru/vnesenie-specialistov-v-nacionalnyj-reestr;DRAFT_NOT_FOR_UPLOAD
mcm-mchs-arhangelsk;53;Архангельск;Лицензия МЧС;mchs;Лицензия МЧС — помощь в оформлении;"Готовите компанию к получению лицензии МЧС? МСМ сопровождает оформление: от разбора вашей задачи до подготовки документов и взаимодействия по заявлению.

Клиентам из города Архангельск. МСМ работает с заказчиками по всей России.

Чем поможем:
• Определим перечень работ, по которым нужна лицензия.
• Поможем собрать документы компании и специалистов.
• Проконсультируем по оборудованию и его документальному оформлению.
• Подготовим к проверке и сопроводим процесс рассмотрения.

Работаем с организациями и ИП в сфере пожарной безопасности. Сначала выясним, какие работы вы планируете выполнять, какие специалисты и оборудование уже есть, затем составим план подготовки.

Компания МСМ специализируется на лицензировании, саморегулировании и подготовке специалистов. Разберём исходную ситуацию и объясним последовательность действий.

Напишите в чат «МЧС» и перечислите планируемые работы. Расскажем, какие документы понадобятся в вашей ситуации.";images/mchs.png;;;;NEW_REVIEW;https://nadosro.ru/license/poluchit-licenziyu-mchs;DRAFT_NOT_FOR_UPLOAD
mcm-giop-arhangelsk;53;Архангельск;Минкультуры / ГИОП;giop;Лицензия Минкультуры, ГИОП — оформление;"Нужна помощь с лицензией Минкультуры на реставрационные работы? МСМ сопровождает подготовку документов для деятельности по сохранению объектов культурного наследия. Это направление также ищут как «лицензия ГИОП».

Клиентам из города Архангельск. МСМ работает с заказчиками по всей России.

Чем поможем:
• Разберём перечень планируемых реставрационных работ.
• Поможем собрать и подготовить документы организации.
• Проконсультируем по квалификации и аттестации специалистов.
• Сопроводим подачу и рассмотрение заявления.

Работаем с компаниями из разных регионов России. Порядок подготовки определяем с учётом выбранных работ, состава специалистов и готовности документов.

Компания МСМ специализируется на лицензировании, саморегулировании и подготовке специалистов. Разберём исходную ситуацию и объясним последовательность действий.

Напишите в чат «ГИОП» и укажите виды работ. Подскажем дальнейшие шаги для вашей компании.";images/giop.png;;;;NEW_REVIEW;https://nadosro.ru/license/licenziya-minkultury;DRAFT_NOT_FOR_UPLOAD
mcm-sro-arhangelsk;53;Архангельск;СРО — три направления;sro;СРО: строительство, проектирование, изыскания;"Нужно вступить в СРО? МСМ поможет подобрать саморегулируемую организацию и подготовить документы для вашей компании или ИП. Сопровождаем три направления: строительство, проектирование и инженерные изыскания.

Клиентам из города Архангельск. МСМ работает с заказчиками по всей России.

Чем поможем:
• Разберём виды работ, регион регистрации и задачи компании.
• Поможем подобрать СРО по нужному направлению.
• Подготовим комплект документов и заявление на вступление.
• Проконсультируем по специалистам НРС и требованиям выбранной СРО.
• Сопроводим рассмотрение документов и разберём замечания.

Строителям помогаем оформить членство в СРО для строительных работ. Проектировщикам — для подготовки проектной документации. Изыскателям — для инженерных изысканий. Если компании нужны несколько направлений, разберём каждое и согласуем общий порядок подготовки.

Компания МСМ специализируется на лицензировании, саморегулировании и подготовке специалистов. Разберём исходную ситуацию и объясним последовательность действий.

Напишите в чат «СРО» и укажите направление, регион регистрации и планируемые работы. Подскажем, какие документы подготовить в первую очередь.";images/sro.png;;;;NEW_REVIEW;https://nadosro.ru/;DRAFT_NOT_FOR_UPLOAD
mcm-nok-chita;54;Чита;НОК;nok;НОК НОСТРОЙ / НОПРИЗ — подготовка к экзамену;"Нужно пройти независимую оценку квалификации? МСМ помогает специалистам строительной отрасли подготовиться к экзамену и собрать документы для допуска к НОК.

Клиентам из города Чита. МСМ работает с заказчиками по всей России.

Чем поможем:
• Разберём вашу задачу и направление квалификации.
• Поможем собрать и подготовить документы.
• Организуем подготовку к экзамену.
• Сопроводим по организационным вопросам до получения результатов.

Работаем со специалистами по строительству, проектированию и инженерным изысканиям. Подготовка и сопровождение подбираются под вашу квалификацию и текущую ситуацию.

Компания МСМ специализируется на лицензировании, саморегулировании и подготовке специалистов. Разберём исходную ситуацию и объясним последовательность действий.

Напишите в чат «НОК» и укажите вашу специальность, город и желаемый срок прохождения. Подскажем, с чего начать.";images/nok.png;;;;NEW_REVIEW;https://nadosro.ru/nezavisimaya-oczenka-kvalifikaczii;DRAFT_NOT_FOR_UPLOAD
mcm-nrs-chita;54;Чита;НРС;nrs;Включение в НРС НОСТРОЙ / НОПРИЗ — помощь;"Планируете включение специалиста в национальный реестр? МСМ поможет проверить документы и подготовить заявление для НОСТРОЙ или НОПРИЗ.

Клиентам из города Чита. МСМ работает с заказчиками по всей России.

Чем поможем:
• Проведём предварительный разбор документов специалиста.
• Подскажем, какие сведения нужно дополнить.
• Поможем подготовить комплект документов и заявление.
• Сопроводим рассмотрение и разберём замечания при их наличии.

Помогаем специалистам строительных, проектных и изыскательских организаций. Если ранее получили отказ, разберём его причины и возможные дальнейшие действия.

Компания МСМ специализируется на лицензировании, саморегулировании и подготовке специалистов. Разберём исходную ситуацию и объясним последовательность действий.

Напишите в чат «НРС»: укажите направление, образование и стаж. Подскажем порядок подготовки документов.";images/nrs.png;;;;NEW_REVIEW;https://nadosro.ru/vnesenie-specialistov-v-nacionalnyj-reestr;DRAFT_NOT_FOR_UPLOAD
mcm-mchs-chita;54;Чита;Лицензия МЧС;mchs;Лицензия МЧС — помощь в оформлении;"Готовите компанию к получению лицензии МЧС? МСМ сопровождает оформление: от разбора вашей задачи до подготовки документов и взаимодействия по заявлению.

Клиентам из города Чита. МСМ работает с заказчиками по всей России.

Чем поможем:
• Определим перечень работ, по которым нужна лицензия.
• Поможем собрать документы компании и специалистов.
• Проконсультируем по оборудованию и его документальному оформлению.
• Подготовим к проверке и сопроводим процесс рассмотрения.

Работаем с организациями и ИП в сфере пожарной безопасности. Сначала выясним, какие работы вы планируете выполнять, какие специалисты и оборудование уже есть, затем составим план подготовки.

Компания МСМ специализируется на лицензировании, саморегулировании и подготовке специалистов. Разберём исходную ситуацию и объясним последовательность действий.

Напишите в чат «МЧС» и перечислите планируемые работы. Расскажем, какие документы понадобятся в вашей ситуации.";images/mchs.png;;;;NEW_REVIEW;https://nadosro.ru/license/poluchit-licenziyu-mchs;DRAFT_NOT_FOR_UPLOAD
mcm-giop-chita;54;Чита;Минкультуры / ГИОП;giop;Лицензия Минкультуры, ГИОП — оформление;"Нужна помощь с лицензией Минкультуры на реставрационные работы? МСМ сопровождает подготовку документов для деятельности по сохранению объектов культурного наследия. Это направление также ищут как «лицензия ГИОП».

Клиентам из города Чита. МСМ работает с заказчиками по всей России.

Чем поможем:
• Разберём перечень планируемых реставрационных работ.
• Поможем собрать и подготовить документы организации.
• Проконсультируем по квалификации и аттестации специалистов.
• Сопроводим подачу и рассмотрение заявления.

Работаем с компаниями из разных регионов России. Порядок подготовки определяем с учётом выбранных работ, состава специалистов и готовности документов.

Компания МСМ специализируется на лицензировании, саморегулировании и подготовке специалистов. Разберём исходную ситуацию и объясним последовательность действий.

Напишите в чат «ГИОП» и укажите виды работ. Подскажем дальнейшие шаги для вашей компании.";images/giop.png;;;;NEW_REVIEW;https://nadosro.ru/license/licenziya-minkultury;DRAFT_NOT_FOR_UPLOAD
mcm-sro-chita;54;Чита;СРО — три направления;sro;СРО: строительство, проектирование, изыскания;"Нужно вступить в СРО? МСМ поможет подобрать саморегулируемую организацию и подготовить документы для вашей компании или ИП. Сопровождаем три направления: строительство, проектирование и инженерные изыскания.

Клиентам из города Чита. МСМ работает с заказчиками по всей России.

Чем поможем:
• Разберём виды работ, регион регистрации и задачи компании.
• Поможем подобрать СРО по нужному направлению.
• Подготовим комплект документов и заявление на вступление.
• Проконсультируем по специалистам НРС и требованиям выбранной СРО.
• Сопроводим рассмотрение документов и разберём замечания.

Строителям помогаем оформить членство в СРО для строительных работ. Проектировщикам — для подготовки проектной документации. Изыскателям — для инженерных изысканий. Если компании нужны несколько направлений, разберём каждое и согласуем общий порядок подготовки.

Компания МСМ специализируется на лицензировании, саморегулировании и подготовке специалистов. Разберём исходную ситуацию и объясним последовательность действий.

Напишите в чат «СРО» и укажите направление, регион регистрации и планируемые работы. Подскажем, какие документы подготовить в первую очередь.";images/sro.png;;;;NEW_REVIEW;https://nadosro.ru/;DRAFT_NOT_FOR_UPLOAD
mcm-nok-kaluga;55;Калуга;НОК;nok;НОК НОСТРОЙ / НОПРИЗ — подготовка к экзамену;"Нужно пройти независимую оценку квалификации? МСМ помогает специалистам строительной отрасли подготовиться к экзамену и собрать документы для допуска к НОК.

Клиентам из города Калуга. МСМ работает с заказчиками по всей России.

Чем поможем:
• Разберём вашу задачу и направление квалификации.
• Поможем собрать и подготовить документы.
• Организуем подготовку к экзамену.
• Сопроводим по организационным вопросам до получения результатов.

Работаем со специалистами по строительству, проектированию и инженерным изысканиям. Подготовка и сопровождение подбираются под вашу квалификацию и текущую ситуацию.

Компания МСМ специализируется на лицензировании, саморегулировании и подготовке специалистов. Разберём исходную ситуацию и объясним последовательность действий.

Напишите в чат «НОК» и укажите вашу специальность, город и желаемый срок прохождения. Подскажем, с чего начать.";images/nok.png;;;;NEW_REVIEW;https://nadosro.ru/nezavisimaya-oczenka-kvalifikaczii;DRAFT_NOT_FOR_UPLOAD
mcm-nrs-kaluga;55;Калуга;НРС;nrs;Включение в НРС НОСТРОЙ / НОПРИЗ — помощь;"Планируете включение специалиста в национальный реестр? МСМ поможет проверить документы и подготовить заявление для НОСТРОЙ или НОПРИЗ.

Клиентам из города Калуга. МСМ работает с заказчиками по всей России.

Чем поможем:
• Проведём предварительный разбор документов специалиста.
• Подскажем, какие сведения нужно дополнить.
• Поможем подготовить комплект документов и заявление.
• Сопроводим рассмотрение и разберём замечания при их наличии.

Помогаем специалистам строительных, проектных и изыскательских организаций. Если ранее получили отказ, разберём его причины и возможные дальнейшие действия.

Компания МСМ специализируется на лицензировании, саморегулировании и подготовке специалистов. Разберём исходную ситуацию и объясним последовательность действий.

Напишите в чат «НРС»: укажите направление, образование и стаж. Подскажем порядок подготовки документов.";images/nrs.png;;;;NEW_REVIEW;https://nadosro.ru/vnesenie-specialistov-v-nacionalnyj-reestr;DRAFT_NOT_FOR_UPLOAD
mcm-mchs-kaluga;55;Калуга;Лицензия МЧС;mchs;Лицензия МЧС — помощь в оформлении;"Готовите компанию к получению лицензии МЧС? МСМ сопровождает оформление: от разбора вашей задачи до подготовки документов и взаимодействия по заявлению.

Клиентам из города Калуга. МСМ работает с заказчиками по всей России.

Чем поможем:
• Определим перечень работ, по которым нужна лицензия.
• Поможем собрать документы компании и специалистов.
• Проконсультируем по оборудованию и его документальному оформлению.
• Подготовим к проверке и сопроводим процесс рассмотрения.

Работаем с организациями и ИП в сфере пожарной безопасности. Сначала выясним, какие работы вы планируете выполнять, какие специалисты и оборудование уже есть, затем составим план подготовки.

Компания МСМ специализируется на лицензировании, саморегулировании и подготовке специалистов. Разберём исходную ситуацию и объясним последовательность действий.

Напишите в чат «МЧС» и перечислите планируемые работы. Расскажем, какие документы понадобятся в вашей ситуации.";images/mchs.png;;;;NEW_REVIEW;https://nadosro.ru/license/poluchit-licenziyu-mchs;DRAFT_NOT_FOR_UPLOAD
mcm-giop-kaluga;55;Калуга;Минкультуры / ГИОП;giop;Лицензия Минкультуры, ГИОП — оформление;"Нужна помощь с лицензией Минкультуры на реставрационные работы? МСМ сопровождает подготовку документов для деятельности по сохранению объектов культурного наследия. Это направление также ищут как «лицензия ГИОП».

Клиентам из города Калуга. МСМ работает с заказчиками по всей России.

Чем поможем:
• Разберём перечень планируемых реставрационных работ.
• Поможем собрать и подготовить документы организации.
• Проконсультируем по квалификации и аттестации специалистов.
• Сопроводим подачу и рассмотрение заявления.

Работаем с компаниями из разных регионов России. Порядок подготовки определяем с учётом выбранных работ, состава специалистов и готовности документов.

Компания МСМ специализируется на лицензировании, саморегулировании и подготовке специалистов. Разберём исходную ситуацию и объясним последовательность действий.

Напишите в чат «ГИОП» и укажите виды работ. Подскажем дальнейшие шаги для вашей компании.";images/giop.png;;;;NEW_REVIEW;https://nadosro.ru/license/licenziya-minkultury;DRAFT_NOT_FOR_UPLOAD
mcm-sro-kaluga;55;Калуга;СРО — три направления;sro;СРО: строительство, проектирование, изыскания;"Нужно вступить в СРО? МСМ поможет подобрать саморегулируемую организацию и подготовить документы для вашей компании или ИП. Сопровождаем три направления: строительство, проектирование и инженерные изыскания.

Клиентам из города Калуга. МСМ работает с заказчиками по всей России.

Чем поможем:
• Разберём виды работ, регион регистрации и задачи компании.
• Поможем подобрать СРО по нужному направлению.
• Подготовим комплект документов и заявление на вступление.
• Проконсультируем по специалистам НРС и требованиям выбранной СРО.
• Сопроводим рассмотрение документов и разберём замечания.

Строителям помогаем оформить членство в СРО для строительных работ. Проектировщикам — для подготовки проектной документации. Изыскателям — для инженерных изысканий. Если компании нужны несколько направлений, разберём каждое и согласуем общий порядок подготовки.

Компания МСМ специализируется на лицензировании, саморегулировании и подготовке специалистов. Разберём исходную ситуацию и объясним последовательность действий.

Напишите в чат «СРО» и укажите направление, регион регистрации и планируемые работы. Подскажем, какие документы подготовить в первую очередь.";images/sro.png;;;;NEW_REVIEW;https://nadosro.ru/;DRAFT_NOT_FOR_UPLOAD
mcm-nok-smolensk;56;Смоленск;НОК;nok;НОК НОСТРОЙ / НОПРИЗ — подготовка к экзамену;"Нужно пройти независимую оценку квалификации? МСМ помогает специалистам строительной отрасли подготовиться к экзамену и собрать документы для допуска к НОК.

Клиентам из города Смоленск. МСМ работает с заказчиками по всей России.

Чем поможем:
• Разберём вашу задачу и направление квалификации.
• Поможем собрать и подготовить документы.
• Организуем подготовку к экзамену.
• Сопроводим по организационным вопросам до получения результатов.

Работаем со специалистами по строительству, проектированию и инженерным изысканиям. Подготовка и сопровождение подбираются под вашу квалификацию и текущую ситуацию.

Компания МСМ специализируется на лицензировании, саморегулировании и подготовке специалистов. Разберём исходную ситуацию и объясним последовательность действий.

Напишите в чат «НОК» и укажите вашу специальность, город и желаемый срок прохождения. Подскажем, с чего начать.";images/nok.png;;;;NEW_REVIEW;https://nadosro.ru/nezavisimaya-oczenka-kvalifikaczii;DRAFT_NOT_FOR_UPLOAD
mcm-nrs-smolensk;56;Смоленск;НРС;nrs;Включение в НРС НОСТРОЙ / НОПРИЗ — помощь;"Планируете включение специалиста в национальный реестр? МСМ поможет проверить документы и подготовить заявление для НОСТРОЙ или НОПРИЗ.

Клиентам из города Смоленск. МСМ работает с заказчиками по всей России.

Чем поможем:
• Проведём предварительный разбор документов специалиста.
• Подскажем, какие сведения нужно дополнить.
• Поможем подготовить комплект документов и заявление.
• Сопроводим рассмотрение и разберём замечания при их наличии.

Помогаем специалистам строительных, проектных и изыскательских организаций. Если ранее получили отказ, разберём его причины и возможные дальнейшие действия.

Компания МСМ специализируется на лицензировании, саморегулировании и подготовке специалистов. Разберём исходную ситуацию и объясним последовательность действий.

Напишите в чат «НРС»: укажите направление, образование и стаж. Подскажем порядок подготовки документов.";images/nrs.png;;;;NEW_REVIEW;https://nadosro.ru/vnesenie-specialistov-v-nacionalnyj-reestr;DRAFT_NOT_FOR_UPLOAD
mcm-mchs-smolensk;56;Смоленск;Лицензия МЧС;mchs;Лицензия МЧС — помощь в оформлении;"Готовите компанию к получению лицензии МЧС? МСМ сопровождает оформление: от разбора вашей задачи до подготовки документов и взаимодействия по заявлению.

Клиентам из города Смоленск. МСМ работает с заказчиками по всей России.

Чем поможем:
• Определим перечень работ, по которым нужна лицензия.
• Поможем собрать документы компании и специалистов.
• Проконсультируем по оборудованию и его документальному оформлению.
• Подготовим к проверке и сопроводим процесс рассмотрения.

Работаем с организациями и ИП в сфере пожарной безопасности. Сначала выясним, какие работы вы планируете выполнять, какие специалисты и оборудование уже есть, затем составим план подготовки.

Компания МСМ специализируется на лицензировании, саморегулировании и подготовке специалистов. Разберём исходную ситуацию и объясним последовательность действий.

Напишите в чат «МЧС» и перечислите планируемые работы. Расскажем, какие документы понадобятся в вашей ситуации.";images/mchs.png;;;;NEW_REVIEW;https://nadosro.ru/license/poluchit-licenziyu-mchs;DRAFT_NOT_FOR_UPLOAD
mcm-giop-smolensk;56;Смоленск;Минкультуры / ГИОП;giop;Лицензия Минкультуры, ГИОП — оформление;"Нужна помощь с лицензией Минкультуры на реставрационные работы? МСМ сопровождает подготовку документов для деятельности по сохранению объектов культурного наследия. Это направление также ищут как «лицензия ГИОП».

Клиентам из города Смоленск. МСМ работает с заказчиками по всей России.

Чем поможем:
• Разберём перечень планируемых реставрационных работ.
• Поможем собрать и подготовить документы организации.
• Проконсультируем по квалификации и аттестации специалистов.
• Сопроводим подачу и рассмотрение заявления.

Работаем с компаниями из разных регионов России. Порядок подготовки определяем с учётом выбранных работ, состава специалистов и готовности документов.

Компания МСМ специализируется на лицензировании, саморегулировании и подготовке специалистов. Разберём исходную ситуацию и объясним последовательность действий.

Напишите в чат «ГИОП» и укажите виды работ. Подскажем дальнейшие шаги для вашей компании.";images/giop.png;;;;NEW_REVIEW;https://nadosro.ru/license/licenziya-minkultury;DRAFT_NOT_FOR_UPLOAD
mcm-sro-smolensk;56;Смоленск;СРО — три направления;sro;СРО: строительство, проектирование, изыскания;"Нужно вступить в СРО? МСМ поможет подобрать саморегулируемую организацию и подготовить документы для вашей компании или ИП. Сопровождаем три направления: строительство, проектирование и инженерные изыскания.

Клиентам из города Смоленск. МСМ работает с заказчиками по всей России.

Чем поможем:
• Разберём виды работ, регион регистрации и задачи компании.
• Поможем подобрать СРО по нужному направлению.
• Подготовим комплект документов и заявление на вступление.
• Проконсультируем по специалистам НРС и требованиям выбранной СРО.
• Сопроводим рассмотрение документов и разберём замечания.

Строителям помогаем оформить членство в СРО для строительных работ. Проектировщикам — для подготовки проектной документации. Изыскателям — для инженерных изысканий. Если компании нужны несколько направлений, разберём каждое и согласуем общий порядок подготовки.

Компания МСМ специализируется на лицензировании, саморегулировании и подготовке специалистов. Разберём исходную ситуацию и объясним последовательность действий.

Напишите в чат «СРО» и укажите направление, регион регистрации и планируемые работы. Подскажем, какие документы подготовить в первую очередь.";images/sro.png;;;;NEW_REVIEW;https://nadosro.ru/;DRAFT_NOT_FOR_UPLOAD
mcm-nok-volzhskiy;57;Волжский;НОК;nok;НОК НОСТРОЙ / НОПРИЗ — подготовка к экзамену;"Нужно пройти независимую оценку квалификации? МСМ помогает специалистам строительной отрасли подготовиться к экзамену и собрать документы для допуска к НОК.

Клиентам из города Волжский. МСМ работает с заказчиками по всей России.

Чем поможем:
• Разберём вашу задачу и направление квалификации.
• Поможем собрать и подготовить документы.
• Организуем подготовку к экзамену.
• Сопроводим по организационным вопросам до получения результатов.

Работаем со специалистами по строительству, проектированию и инженерным изысканиям. Подготовка и сопровождение подбираются под вашу квалификацию и текущую ситуацию.

Компания МСМ специализируется на лицензировании, саморегулировании и подготовке специалистов. Разберём исходную ситуацию и объясним последовательность действий.

Напишите в чат «НОК» и укажите вашу специальность, город и желаемый срок прохождения. Подскажем, с чего начать.";images/nok.png;;;;NEW_REVIEW;https://nadosro.ru/nezavisimaya-oczenka-kvalifikaczii;DRAFT_NOT_FOR_UPLOAD
mcm-nrs-volzhskiy;57;Волжский;НРС;nrs;Включение в НРС НОСТРОЙ / НОПРИЗ — помощь;"Планируете включение специалиста в национальный реестр? МСМ поможет проверить документы и подготовить заявление для НОСТРОЙ или НОПРИЗ.

Клиентам из города Волжский. МСМ работает с заказчиками по всей России.

Чем поможем:
• Проведём предварительный разбор документов специалиста.
• Подскажем, какие сведения нужно дополнить.
• Поможем подготовить комплект документов и заявление.
• Сопроводим рассмотрение и разберём замечания при их наличии.

Помогаем специалистам строительных, проектных и изыскательских организаций. Если ранее получили отказ, разберём его причины и возможные дальнейшие действия.

Компания МСМ специализируется на лицензировании, саморегулировании и подготовке специалистов. Разберём исходную ситуацию и объясним последовательность действий.

Напишите в чат «НРС»: укажите направление, образование и стаж. Подскажем порядок подготовки документов.";images/nrs.png;;;;NEW_REVIEW;https://nadosro.ru/vnesenie-specialistov-v-nacionalnyj-reestr;DRAFT_NOT_FOR_UPLOAD
mcm-mchs-volzhskiy;57;Волжский;Лицензия МЧС;mchs;Лицензия МЧС — помощь в оформлении;"Готовите компанию к получению лицензии МЧС? МСМ сопровождает оформление: от разбора вашей задачи до подготовки документов и взаимодействия по заявлению.

Клиентам из города Волжский. МСМ работает с заказчиками по всей России.

Чем поможем:
• Определим перечень работ, по которым нужна лицензия.
• Поможем собрать документы компании и специалистов.
• Проконсультируем по оборудованию и его документальному оформлению.
• Подготовим к проверке и сопроводим процесс рассмотрения.

Работаем с организациями и ИП в сфере пожарной безопасности. Сначала выясним, какие работы вы планируете выполнять, какие специалисты и оборудование уже есть, затем составим план подготовки.

Компания МСМ специализируется на лицензировании, саморегулировании и подготовке специалистов. Разберём исходную ситуацию и объясним последовательность действий.

Напишите в чат «МЧС» и перечислите планируемые работы. Расскажем, какие документы понадобятся в вашей ситуации.";images/mchs.png;;;;NEW_REVIEW;https://nadosro.ru/license/poluchit-licenziyu-mchs;DRAFT_NOT_FOR_UPLOAD
mcm-giop-volzhskiy;57;Волжский;Минкультуры / ГИОП;giop;Лицензия Минкультуры, ГИОП — оформление;"Нужна помощь с лицензией Минкультуры на реставрационные работы? МСМ сопровождает подготовку документов для деятельности по сохранению объектов культурного наследия. Это направление также ищут как «лицензия ГИОП».

Клиентам из города Волжский. МСМ работает с заказчиками по всей России.

Чем поможем:
• Разберём перечень планируемых реставрационных работ.
• Поможем собрать и подготовить документы организации.
• Проконсультируем по квалификации и аттестации специалистов.
• Сопроводим подачу и рассмотрение заявления.

Работаем с компаниями из разных регионов России. Порядок подготовки определяем с учётом выбранных работ, состава специалистов и готовности документов.

Компания МСМ специализируется на лицензировании, саморегулировании и подготовке специалистов. Разберём исходную ситуацию и объясним последовательность действий.

Напишите в чат «ГИОП» и укажите виды работ. Подскажем дальнейшие шаги для вашей компании.";images/giop.png;;;;NEW_REVIEW;https://nadosro.ru/license/licenziya-minkultury;DRAFT_NOT_FOR_UPLOAD
mcm-sro-volzhskiy;57;Волжский;СРО — три направления;sro;СРО: строительство, проектирование, изыскания;"Нужно вступить в СРО? МСМ поможет подобрать саморегулируемую организацию и подготовить документы для вашей компании или ИП. Сопровождаем три направления: строительство, проектирование и инженерные изыскания.

Клиентам из города Волжский. МСМ работает с заказчиками по всей России.

Чем поможем:
• Разберём виды работ, регион регистрации и задачи компании.
• Поможем подобрать СРО по нужному направлению.
• Подготовим комплект документов и заявление на вступление.
• Проконсультируем по специалистам НРС и требованиям выбранной СРО.
• Сопроводим рассмотрение документов и разберём замечания.

Строителям помогаем оформить членство в СРО для строительных работ. Проектировщикам — для подготовки проектной документации. Изыскателям — для инженерных изысканий. Если компании нужны несколько направлений, разберём каждое и согласуем общий порядок подготовки.

Компания МСМ специализируется на лицензировании, саморегулировании и подготовке специалистов. Разберём исходную ситуацию и объясним последовательность действий.

Напишите в чат «СРО» и укажите направление, регион регистрации и планируемые работы. Подскажем, какие документы подготовить в первую очередь.";images/sro.png;;;;NEW_REVIEW;https://nadosro.ru/;DRAFT_NOT_FOR_UPLOAD
mcm-nok-kurgan;58;Курган;НОК;nok;НОК НОСТРОЙ / НОПРИЗ — подготовка к экзамену;"Нужно пройти независимую оценку квалификации? МСМ помогает специалистам строительной отрасли подготовиться к экзамену и собрать документы для допуска к НОК.

Клиентам из города Курган. МСМ работает с заказчиками по всей России.

Чем поможем:
• Разберём вашу задачу и направление квалификации.
• Поможем собрать и подготовить документы.
• Организуем подготовку к экзамену.
• Сопроводим по организационным вопросам до получения результатов.

Работаем со специалистами по строительству, проектированию и инженерным изысканиям. Подготовка и сопровождение подбираются под вашу квалификацию и текущую ситуацию.

Компания МСМ специализируется на лицензировании, саморегулировании и подготовке специалистов. Разберём исходную ситуацию и объясним последовательность действий.

Напишите в чат «НОК» и укажите вашу специальность, город и желаемый срок прохождения. Подскажем, с чего начать.";images/nok.png;;;;NEW_REVIEW;https://nadosro.ru/nezavisimaya-oczenka-kvalifikaczii;DRAFT_NOT_FOR_UPLOAD
mcm-nrs-kurgan;58;Курган;НРС;nrs;Включение в НРС НОСТРОЙ / НОПРИЗ — помощь;"Планируете включение специалиста в национальный реестр? МСМ поможет проверить документы и подготовить заявление для НОСТРОЙ или НОПРИЗ.

Клиентам из города Курган. МСМ работает с заказчиками по всей России.

Чем поможем:
• Проведём предварительный разбор документов специалиста.
• Подскажем, какие сведения нужно дополнить.
• Поможем подготовить комплект документов и заявление.
• Сопроводим рассмотрение и разберём замечания при их наличии.

Помогаем специалистам строительных, проектных и изыскательских организаций. Если ранее получили отказ, разберём его причины и возможные дальнейшие действия.

Компания МСМ специализируется на лицензировании, саморегулировании и подготовке специалистов. Разберём исходную ситуацию и объясним последовательность действий.

Напишите в чат «НРС»: укажите направление, образование и стаж. Подскажем порядок подготовки документов.";images/nrs.png;;;;NEW_REVIEW;https://nadosro.ru/vnesenie-specialistov-v-nacionalnyj-reestr;DRAFT_NOT_FOR_UPLOAD
mcm-mchs-kurgan;58;Курган;Лицензия МЧС;mchs;Лицензия МЧС — помощь в оформлении;"Готовите компанию к получению лицензии МЧС? МСМ сопровождает оформление: от разбора вашей задачи до подготовки документов и взаимодействия по заявлению.

Клиентам из города Курган. МСМ работает с заказчиками по всей России.

Чем поможем:
• Определим перечень работ, по которым нужна лицензия.
• Поможем собрать документы компании и специалистов.
• Проконсультируем по оборудованию и его документальному оформлению.
• Подготовим к проверке и сопроводим процесс рассмотрения.

Работаем с организациями и ИП в сфере пожарной безопасности. Сначала выясним, какие работы вы планируете выполнять, какие специалисты и оборудование уже есть, затем составим план подготовки.

Компания МСМ специализируется на лицензировании, саморегулировании и подготовке специалистов. Разберём исходную ситуацию и объясним последовательность действий.

Напишите в чат «МЧС» и перечислите планируемые работы. Расскажем, какие документы понадобятся в вашей ситуации.";images/mchs.png;;;;NEW_REVIEW;https://nadosro.ru/license/poluchit-licenziyu-mchs;DRAFT_NOT_FOR_UPLOAD
mcm-giop-kurgan;58;Курган;Минкультуры / ГИОП;giop;Лицензия Минкультуры, ГИОП — оформление;"Нужна помощь с лицензией Минкультуры на реставрационные работы? МСМ сопровождает подготовку документов для деятельности по сохранению объектов культурного наследия. Это направление также ищут как «лицензия ГИОП».

Клиентам из города Курган. МСМ работает с заказчиками по всей России.

Чем поможем:
• Разберём перечень планируемых реставрационных работ.
• Поможем собрать и подготовить документы организации.
• Проконсультируем по квалификации и аттестации специалистов.
• Сопроводим подачу и рассмотрение заявления.

Работаем с компаниями из разных регионов России. Порядок подготовки определяем с учётом выбранных работ, состава специалистов и готовности документов.

Компания МСМ специализируется на лицензировании, саморегулировании и подготовке специалистов. Разберём исходную ситуацию и объясним последовательность действий.

Напишите в чат «ГИОП» и укажите виды работ. Подскажем дальнейшие шаги для вашей компании.";images/giop.png;;;;NEW_REVIEW;https://nadosro.ru/license/licenziya-minkultury;DRAFT_NOT_FOR_UPLOAD
mcm-sro-kurgan;58;Курган;СРО — три направления;sro;СРО: строительство, проектирование, изыскания;"Нужно вступить в СРО? МСМ поможет подобрать саморегулируемую организацию и подготовить документы для вашей компании или ИП. Сопровождаем три направления: строительство, проектирование и инженерные изыскания.

Клиентам из города Курган. МСМ работает с заказчиками по всей России.

Чем поможем:
• Разберём виды работ, регион регистрации и задачи компании.
• Поможем подобрать СРО по нужному направлению.
• Подготовим комплект документов и заявление на вступление.
• Проконсультируем по специалистам НРС и требованиям выбранной СРО.
• Сопроводим рассмотрение документов и разберём замечания.

Строителям помогаем оформить членство в СРО для строительных работ. Проектировщикам — для подготовки проектной документации. Изыскателям — для инженерных изысканий. Если компании нужны несколько направлений, разберём каждое и согласуем общий порядок подготовки.

Компания МСМ специализируется на лицензировании, саморегулировании и подготовке специалистов. Разберём исходную ситуацию и объясним последовательность действий.

Напишите в чат «СРО» и укажите направление, регион регистрации и планируемые работы. Подскажем, какие документы подготовить в первую очередь.";images/sro.png;;;;NEW_REVIEW;https://nadosro.ru/;DRAFT_NOT_FOR_UPLOAD
mcm-nok-cherepovets;59;Череповец;НОК;nok;НОК НОСТРОЙ / НОПРИЗ — подготовка к экзамену;"Нужно пройти независимую оценку квалификации? МСМ помогает специалистам строительной отрасли подготовиться к экзамену и собрать документы для допуска к НОК.

Клиентам из города Череповец. МСМ работает с заказчиками по всей России.

Чем поможем:
• Разберём вашу задачу и направление квалификации.
• Поможем собрать и подготовить документы.
• Организуем подготовку к экзамену.
• Сопроводим по организационным вопросам до получения результатов.

Работаем со специалистами по строительству, проектированию и инженерным изысканиям. Подготовка и сопровождение подбираются под вашу квалификацию и текущую ситуацию.

Компания МСМ специализируется на лицензировании, саморегулировании и подготовке специалистов. Разберём исходную ситуацию и объясним последовательность действий.

Напишите в чат «НОК» и укажите вашу специальность, город и желаемый срок прохождения. Подскажем, с чего начать.";images/nok.png;;;;NEW_REVIEW;https://nadosro.ru/nezavisimaya-oczenka-kvalifikaczii;DRAFT_NOT_FOR_UPLOAD
mcm-nrs-cherepovets;59;Череповец;НРС;nrs;Включение в НРС НОСТРОЙ / НОПРИЗ — помощь;"Планируете включение специалиста в национальный реестр? МСМ поможет проверить документы и подготовить заявление для НОСТРОЙ или НОПРИЗ.

Клиентам из города Череповец. МСМ работает с заказчиками по всей России.

Чем поможем:
• Проведём предварительный разбор документов специалиста.
• Подскажем, какие сведения нужно дополнить.
• Поможем подготовить комплект документов и заявление.
• Сопроводим рассмотрение и разберём замечания при их наличии.

Помогаем специалистам строительных, проектных и изыскательских организаций. Если ранее получили отказ, разберём его причины и возможные дальнейшие действия.

Компания МСМ специализируется на лицензировании, саморегулировании и подготовке специалистов. Разберём исходную ситуацию и объясним последовательность действий.

Напишите в чат «НРС»: укажите направление, образование и стаж. Подскажем порядок подготовки документов.";images/nrs.png;;;;NEW_REVIEW;https://nadosro.ru/vnesenie-specialistov-v-nacionalnyj-reestr;DRAFT_NOT_FOR_UPLOAD
mcm-mchs-cherepovets;59;Череповец;Лицензия МЧС;mchs;Лицензия МЧС — помощь в оформлении;"Готовите компанию к получению лицензии МЧС? МСМ сопровождает оформление: от разбора вашей задачи до подготовки документов и взаимодействия по заявлению.

Клиентам из города Череповец. МСМ работает с заказчиками по всей России.

Чем поможем:
• Определим перечень работ, по которым нужна лицензия.
• Поможем собрать документы компании и специалистов.
• Проконсультируем по оборудованию и его документальному оформлению.
• Подготовим к проверке и сопроводим процесс рассмотрения.

Работаем с организациями и ИП в сфере пожарной безопасности. Сначала выясним, какие работы вы планируете выполнять, какие специалисты и оборудование уже есть, затем составим план подготовки.

Компания МСМ специализируется на лицензировании, саморегулировании и подготовке специалистов. Разберём исходную ситуацию и объясним последовательность действий.

Напишите в чат «МЧС» и перечислите планируемые работы. Расскажем, какие документы понадобятся в вашей ситуации.";images/mchs.png;;;;NEW_REVIEW;https://nadosro.ru/license/poluchit-licenziyu-mchs;DRAFT_NOT_FOR_UPLOAD
mcm-giop-cherepovets;59;Череповец;Минкультуры / ГИОП;giop;Лицензия Минкультуры, ГИОП — оформление;"Нужна помощь с лицензией Минкультуры на реставрационные работы? МСМ сопровождает подготовку документов для деятельности по сохранению объектов культурного наследия. Это направление также ищут как «лицензия ГИОП».

Клиентам из города Череповец. МСМ работает с заказчиками по всей России.

Чем поможем:
• Разберём перечень планируемых реставрационных работ.
• Поможем собрать и подготовить документы организации.
• Проконсультируем по квалификации и аттестации специалистов.
• Сопроводим подачу и рассмотрение заявления.

Работаем с компаниями из разных регионов России. Порядок подготовки определяем с учётом выбранных работ, состава специалистов и готовности документов.

Компания МСМ специализируется на лицензировании, саморегулировании и подготовке специалистов. Разберём исходную ситуацию и объясним последовательность действий.

Напишите в чат «ГИОП» и укажите виды работ. Подскажем дальнейшие шаги для вашей компании.";images/giop.png;;;;NEW_REVIEW;https://nadosro.ru/license/licenziya-minkultury;DRAFT_NOT_FOR_UPLOAD
mcm-sro-cherepovets;59;Череповец;СРО — три направления;sro;СРО: строительство, проектирование, изыскания;"Нужно вступить в СРО? МСМ поможет подобрать саморегулируемую организацию и подготовить документы для вашей компании или ИП. Сопровождаем три направления: строительство, проектирование и инженерные изыскания.

Клиентам из города Череповец. МСМ работает с заказчиками по всей России.

Чем поможем:
• Разберём виды работ, регион регистрации и задачи компании.
• Поможем подобрать СРО по нужному направлению.
• Подготовим комплект документов и заявление на вступление.
• Проконсультируем по специалистам НРС и требованиям выбранной СРО.
• Сопроводим рассмотрение документов и разберём замечания.

Строителям помогаем оформить членство в СРО для строительных работ. Проектировщикам — для подготовки проектной документации. Изыскателям — для инженерных изысканий. Если компании нужны несколько направлений, разберём каждое и согласуем общий порядок подготовки.

Компания МСМ специализируется на лицензировании, саморегулировании и подготовке специалистов. Разберём исходную ситуацию и объясним последовательность действий.

Напишите в чат «СРО» и укажите направление, регион регистрации и планируемые работы. Подскажем, какие документы подготовить в первую очередь.";images/sro.png;;;;NEW_REVIEW;https://nadosro.ru/;DRAFT_NOT_FOR_UPLOAD
mcm-nok-orel;60;Орёл;НОК;nok;НОК НОСТРОЙ / НОПРИЗ — подготовка к экзамену;"Нужно пройти независимую оценку квалификации? МСМ помогает специалистам строительной отрасли подготовиться к экзамену и собрать документы для допуска к НОК.

Клиентам из города Орёл. МСМ работает с заказчиками по всей России.

Чем поможем:
• Разберём вашу задачу и направление квалификации.
• Поможем собрать и подготовить документы.
• Организуем подготовку к экзамену.
• Сопроводим по организационным вопросам до получения результатов.

Работаем со специалистами по строительству, проектированию и инженерным изысканиям. Подготовка и сопровождение подбираются под вашу квалификацию и текущую ситуацию.

Компания МСМ специализируется на лицензировании, саморегулировании и подготовке специалистов. Разберём исходную ситуацию и объясним последовательность действий.

Напишите в чат «НОК» и укажите вашу специальность, город и желаемый срок прохождения. Подскажем, с чего начать.";images/nok.png;;;;NEW_REVIEW;https://nadosro.ru/nezavisimaya-oczenka-kvalifikaczii;DRAFT_NOT_FOR_UPLOAD
mcm-nrs-orel;60;Орёл;НРС;nrs;Включение в НРС НОСТРОЙ / НОПРИЗ — помощь;"Планируете включение специалиста в национальный реестр? МСМ поможет проверить документы и подготовить заявление для НОСТРОЙ или НОПРИЗ.

Клиентам из города Орёл. МСМ работает с заказчиками по всей России.

Чем поможем:
• Проведём предварительный разбор документов специалиста.
• Подскажем, какие сведения нужно дополнить.
• Поможем подготовить комплект документов и заявление.
• Сопроводим рассмотрение и разберём замечания при их наличии.

Помогаем специалистам строительных, проектных и изыскательских организаций. Если ранее получили отказ, разберём его причины и возможные дальнейшие действия.

Компания МСМ специализируется на лицензировании, саморегулировании и подготовке специалистов. Разберём исходную ситуацию и объясним последовательность действий.

Напишите в чат «НРС»: укажите направление, образование и стаж. Подскажем порядок подготовки документов.";images/nrs.png;;;;NEW_REVIEW;https://nadosro.ru/vnesenie-specialistov-v-nacionalnyj-reestr;DRAFT_NOT_FOR_UPLOAD
mcm-mchs-orel;60;Орёл;Лицензия МЧС;mchs;Лицензия МЧС — помощь в оформлении;"Готовите компанию к получению лицензии МЧС? МСМ сопровождает оформление: от разбора вашей задачи до подготовки документов и взаимодействия по заявлению.

Клиентам из города Орёл. МСМ работает с заказчиками по всей России.

Чем поможем:
• Определим перечень работ, по которым нужна лицензия.
• Поможем собрать документы компании и специалистов.
• Проконсультируем по оборудованию и его документальному оформлению.
• Подготовим к проверке и сопроводим процесс рассмотрения.

Работаем с организациями и ИП в сфере пожарной безопасности. Сначала выясним, какие работы вы планируете выполнять, какие специалисты и оборудование уже есть, затем составим план подготовки.

Компания МСМ специализируется на лицензировании, саморегулировании и подготовке специалистов. Разберём исходную ситуацию и объясним последовательность действий.

Напишите в чат «МЧС» и перечислите планируемые работы. Расскажем, какие документы понадобятся в вашей ситуации.";images/mchs.png;;;;NEW_REVIEW;https://nadosro.ru/license/poluchit-licenziyu-mchs;DRAFT_NOT_FOR_UPLOAD
mcm-giop-orel;60;Орёл;Минкультуры / ГИОП;giop;Лицензия Минкультуры, ГИОП — оформление;"Нужна помощь с лицензией Минкультуры на реставрационные работы? МСМ сопровождает подготовку документов для деятельности по сохранению объектов культурного наследия. Это направление также ищут как «лицензия ГИОП».

Клиентам из города Орёл. МСМ работает с заказчиками по всей России.

Чем поможем:
• Разберём перечень планируемых реставрационных работ.
• Поможем собрать и подготовить документы организации.
• Проконсультируем по квалификации и аттестации специалистов.
• Сопроводим подачу и рассмотрение заявления.

Работаем с компаниями из разных регионов России. Порядок подготовки определяем с учётом выбранных работ, состава специалистов и готовности документов.

Компания МСМ специализируется на лицензировании, саморегулировании и подготовке специалистов. Разберём исходную ситуацию и объясним последовательность действий.

Напишите в чат «ГИОП» и укажите виды работ. Подскажем дальнейшие шаги для вашей компании.";images/giop.png;;;;NEW_REVIEW;https://nadosro.ru/license/licenziya-minkultury;DRAFT_NOT_FOR_UPLOAD
mcm-sro-orel;60;Орёл;СРО — три направления;sro;СРО: строительство, проектирование, изыскания;"Нужно вступить в СРО? МСМ поможет подобрать саморегулируемую организацию и подготовить документы для вашей компании или ИП. Сопровождаем три направления: строительство, проектирование и инженерные изыскания.

Клиентам из города Орёл. МСМ работает с заказчиками по всей России.

Чем поможем:
• Разберём виды работ, регион регистрации и задачи компании.
• Поможем подобрать СРО по нужному направлению.
• Подготовим комплект документов и заявление на вступление.
• Проконсультируем по специалистам НРС и требованиям выбранной СРО.
• Сопроводим рассмотрение документов и разберём замечания.

Строителям помогаем оформить членство в СРО для строительных работ. Проектировщикам — для подготовки проектной документации. Изыскателям — для инженерных изысканий. Если компании нужны несколько направлений, разберём каждое и согласуем общий порядок подготовки.

Компания МСМ специализируется на лицензировании, саморегулировании и подготовке специалистов. Разберём исходную ситуацию и объясним последовательность действий.

Напишите в чат «СРО» и укажите направление, регион регистрации и планируемые работы. Подскажем, какие документы подготовить в первую очередь.";images/sro.png;;;;NEW_REVIEW;https://nadosro.ru/;DRAFT_NOT_FOR_UPLOAD
mcm-nok-vologda;61;Вологда;НОК;nok;НОК НОСТРОЙ / НОПРИЗ — подготовка к экзамену;"Нужно пройти независимую оценку квалификации? МСМ помогает специалистам строительной отрасли подготовиться к экзамену и собрать документы для допуска к НОК.

Клиентам из города Вологда. МСМ работает с заказчиками по всей России.

Чем поможем:
• Разберём вашу задачу и направление квалификации.
• Поможем собрать и подготовить документы.
• Организуем подготовку к экзамену.
• Сопроводим по организационным вопросам до получения результатов.

Работаем со специалистами по строительству, проектированию и инженерным изысканиям. Подготовка и сопровождение подбираются под вашу квалификацию и текущую ситуацию.

Компания МСМ специализируется на лицензировании, саморегулировании и подготовке специалистов. Разберём исходную ситуацию и объясним последовательность действий.

Напишите в чат «НОК» и укажите вашу специальность, город и желаемый срок прохождения. Подскажем, с чего начать.";images/nok.png;;;;NEW_REVIEW;https://nadosro.ru/nezavisimaya-oczenka-kvalifikaczii;DRAFT_NOT_FOR_UPLOAD
mcm-nrs-vologda;61;Вологда;НРС;nrs;Включение в НРС НОСТРОЙ / НОПРИЗ — помощь;"Планируете включение специалиста в национальный реестр? МСМ поможет проверить документы и подготовить заявление для НОСТРОЙ или НОПРИЗ.

Клиентам из города Вологда. МСМ работает с заказчиками по всей России.

Чем поможем:
• Проведём предварительный разбор документов специалиста.
• Подскажем, какие сведения нужно дополнить.
• Поможем подготовить комплект документов и заявление.
• Сопроводим рассмотрение и разберём замечания при их наличии.

Помогаем специалистам строительных, проектных и изыскательских организаций. Если ранее получили отказ, разберём его причины и возможные дальнейшие действия.

Компания МСМ специализируется на лицензировании, саморегулировании и подготовке специалистов. Разберём исходную ситуацию и объясним последовательность действий.

Напишите в чат «НРС»: укажите направление, образование и стаж. Подскажем порядок подготовки документов.";images/nrs.png;;;;NEW_REVIEW;https://nadosro.ru/vnesenie-specialistov-v-nacionalnyj-reestr;DRAFT_NOT_FOR_UPLOAD
mcm-mchs-vologda;61;Вологда;Лицензия МЧС;mchs;Лицензия МЧС — помощь в оформлении;"Готовите компанию к получению лицензии МЧС? МСМ сопровождает оформление: от разбора вашей задачи до подготовки документов и взаимодействия по заявлению.

Клиентам из города Вологда. МСМ работает с заказчиками по всей России.

Чем поможем:
• Определим перечень работ, по которым нужна лицензия.
• Поможем собрать документы компании и специалистов.
• Проконсультируем по оборудованию и его документальному оформлению.
• Подготовим к проверке и сопроводим процесс рассмотрения.

Работаем с организациями и ИП в сфере пожарной безопасности. Сначала выясним, какие работы вы планируете выполнять, какие специалисты и оборудование уже есть, затем составим план подготовки.

Компания МСМ специализируется на лицензировании, саморегулировании и подготовке специалистов. Разберём исходную ситуацию и объясним последовательность действий.

Напишите в чат «МЧС» и перечислите планируемые работы. Расскажем, какие документы понадобятся в вашей ситуации.";images/mchs.png;;;;NEW_REVIEW;https://nadosro.ru/license/poluchit-licenziyu-mchs;DRAFT_NOT_FOR_UPLOAD
mcm-giop-vologda;61;Вологда;Минкультуры / ГИОП;giop;Лицензия Минкультуры, ГИОП — оформление;"Нужна помощь с лицензией Минкультуры на реставрационные работы? МСМ сопровождает подготовку документов для деятельности по сохранению объектов культурного наследия. Это направление также ищут как «лицензия ГИОП».

Клиентам из города Вологда. МСМ работает с заказчиками по всей России.

Чем поможем:
• Разберём перечень планируемых реставрационных работ.
• Поможем собрать и подготовить документы организации.
• Проконсультируем по квалификации и аттестации специалистов.
• Сопроводим подачу и рассмотрение заявления.

Работаем с компаниями из разных регионов России. Порядок подготовки определяем с учётом выбранных работ, состава специалистов и готовности документов.

Компания МСМ специализируется на лицензировании, саморегулировании и подготовке специалистов. Разберём исходную ситуацию и объясним последовательность действий.

Напишите в чат «ГИОП» и укажите виды работ. Подскажем дальнейшие шаги для вашей компании.";images/giop.png;;;;NEW_REVIEW;https://nadosro.ru/license/licenziya-minkultury;DRAFT_NOT_FOR_UPLOAD
mcm-sro-vologda;61;Вологда;СРО — три направления;sro;СРО: строительство, проектирование, изыскания;"Нужно вступить в СРО? МСМ поможет подобрать саморегулируемую организацию и подготовить документы для вашей компании или ИП. Сопровождаем три направления: строительство, проектирование и инженерные изыскания.

Клиентам из города Вологда. МСМ работает с заказчиками по всей России.

Чем поможем:
• Разберём виды работ, регион регистрации и задачи компании.
• Поможем подобрать СРО по нужному направлению.
• Подготовим комплект документов и заявление на вступление.
• Проконсультируем по специалистам НРС и требованиям выбранной СРО.
• Сопроводим рассмотрение документов и разберём замечания.

Строителям помогаем оформить членство в СРО для строительных работ. Проектировщикам — для подготовки проектной документации. Изыскателям — для инженерных изысканий. Если компании нужны несколько направлений, разберём каждое и согласуем общий порядок подготовки.

Компания МСМ специализируется на лицензировании, саморегулировании и подготовке специалистов. Разберём исходную ситуацию и объясним последовательность действий.

Напишите в чат «СРО» и укажите направление, регион регистрации и планируемые работы. Подскажем, какие документы подготовить в первую очередь.";images/sro.png;;;;NEW_REVIEW;https://nadosro.ru/;DRAFT_NOT_FOR_UPLOAD
mcm-nok-saransk;62;Саранск;НОК;nok;НОК НОСТРОЙ / НОПРИЗ — подготовка к экзамену;"Нужно пройти независимую оценку квалификации? МСМ помогает специалистам строительной отрасли подготовиться к экзамену и собрать документы для допуска к НОК.

Клиентам из города Саранск. МСМ работает с заказчиками по всей России.

Чем поможем:
• Разберём вашу задачу и направление квалификации.
• Поможем собрать и подготовить документы.
• Организуем подготовку к экзамену.
• Сопроводим по организационным вопросам до получения результатов.

Работаем со специалистами по строительству, проектированию и инженерным изысканиям. Подготовка и сопровождение подбираются под вашу квалификацию и текущую ситуацию.

Компания МСМ специализируется на лицензировании, саморегулировании и подготовке специалистов. Разберём исходную ситуацию и объясним последовательность действий.

Напишите в чат «НОК» и укажите вашу специальность, город и желаемый срок прохождения. Подскажем, с чего начать.";images/nok.png;;;;NEW_REVIEW;https://nadosro.ru/nezavisimaya-oczenka-kvalifikaczii;DRAFT_NOT_FOR_UPLOAD
mcm-nrs-saransk;62;Саранск;НРС;nrs;Включение в НРС НОСТРОЙ / НОПРИЗ — помощь;"Планируете включение специалиста в национальный реестр? МСМ поможет проверить документы и подготовить заявление для НОСТРОЙ или НОПРИЗ.

Клиентам из города Саранск. МСМ работает с заказчиками по всей России.

Чем поможем:
• Проведём предварительный разбор документов специалиста.
• Подскажем, какие сведения нужно дополнить.
• Поможем подготовить комплект документов и заявление.
• Сопроводим рассмотрение и разберём замечания при их наличии.

Помогаем специалистам строительных, проектных и изыскательских организаций. Если ранее получили отказ, разберём его причины и возможные дальнейшие действия.

Компания МСМ специализируется на лицензировании, саморегулировании и подготовке специалистов. Разберём исходную ситуацию и объясним последовательность действий.

Напишите в чат «НРС»: укажите направление, образование и стаж. Подскажем порядок подготовки документов.";images/nrs.png;;;;NEW_REVIEW;https://nadosro.ru/vnesenie-specialistov-v-nacionalnyj-reestr;DRAFT_NOT_FOR_UPLOAD
mcm-mchs-saransk;62;Саранск;Лицензия МЧС;mchs;Лицензия МЧС — помощь в оформлении;"Готовите компанию к получению лицензии МЧС? МСМ сопровождает оформление: от разбора вашей задачи до подготовки документов и взаимодействия по заявлению.

Клиентам из города Саранск. МСМ работает с заказчиками по всей России.

Чем поможем:
• Определим перечень работ, по которым нужна лицензия.
• Поможем собрать документы компании и специалистов.
• Проконсультируем по оборудованию и его документальному оформлению.
• Подготовим к проверке и сопроводим процесс рассмотрения.

Работаем с организациями и ИП в сфере пожарной безопасности. Сначала выясним, какие работы вы планируете выполнять, какие специалисты и оборудование уже есть, затем составим план подготовки.

Компания МСМ специализируется на лицензировании, саморегулировании и подготовке специалистов. Разберём исходную ситуацию и объясним последовательность действий.

Напишите в чат «МЧС» и перечислите планируемые работы. Расскажем, какие документы понадобятся в вашей ситуации.";images/mchs.png;;;;NEW_REVIEW;https://nadosro.ru/license/poluchit-licenziyu-mchs;DRAFT_NOT_FOR_UPLOAD
mcm-giop-saransk;62;Саранск;Минкультуры / ГИОП;giop;Лицензия Минкультуры, ГИОП — оформление;"Нужна помощь с лицензией Минкультуры на реставрационные работы? МСМ сопровождает подготовку документов для деятельности по сохранению объектов культурного наследия. Это направление также ищут как «лицензия ГИОП».

Клиентам из города Саранск. МСМ работает с заказчиками по всей России.

Чем поможем:
• Разберём перечень планируемых реставрационных работ.
• Поможем собрать и подготовить документы организации.
• Проконсультируем по квалификации и аттестации специалистов.
• Сопроводим подачу и рассмотрение заявления.

Работаем с компаниями из разных регионов России. Порядок подготовки определяем с учётом выбранных работ, состава специалистов и готовности документов.

Компания МСМ специализируется на лицензировании, саморегулировании и подготовке специалистов. Разберём исходную ситуацию и объясним последовательность действий.

Напишите в чат «ГИОП» и укажите виды работ. Подскажем дальнейшие шаги для вашей компании.";images/giop.png;;;;NEW_REVIEW;https://nadosro.ru/license/licenziya-minkultury;DRAFT_NOT_FOR_UPLOAD
mcm-sro-saransk;62;Саранск;СРО — три направления;sro;СРО: строительство, проектирование, изыскания;"Нужно вступить в СРО? МСМ поможет подобрать саморегулируемую организацию и подготовить документы для вашей компании или ИП. Сопровождаем три направления: строительство, проектирование и инженерные изыскания.

Клиентам из города Саранск. МСМ работает с заказчиками по всей России.

Чем поможем:
• Разберём виды работ, регион регистрации и задачи компании.
• Поможем подобрать СРО по нужному направлению.
• Подготовим комплект документов и заявление на вступление.
• Проконсультируем по специалистам НРС и требованиям выбранной СРО.
• Сопроводим рассмотрение документов и разберём замечания.

Строителям помогаем оформить членство в СРО для строительных работ. Проектировщикам — для подготовки проектной документации. Изыскателям — для инженерных изысканий. Если компании нужны несколько направлений, разберём каждое и согласуем общий порядок подготовки.

Компания МСМ специализируется на лицензировании, саморегулировании и подготовке специалистов. Разберём исходную ситуацию и объясним последовательность действий.

Напишите в чат «СРО» и укажите направление, регион регистрации и планируемые работы. Подскажем, какие документы подготовить в первую очередь.";images/sro.png;;;;NEW_REVIEW;https://nadosro.ru/;DRAFT_NOT_FOR_UPLOAD
mcm-nok-yakutsk;63;Якутск;НОК;nok;НОК НОСТРОЙ / НОПРИЗ — подготовка к экзамену;"Нужно пройти независимую оценку квалификации? МСМ помогает специалистам строительной отрасли подготовиться к экзамену и собрать документы для допуска к НОК.

Клиентам из города Якутск. МСМ работает с заказчиками по всей России.

Чем поможем:
• Разберём вашу задачу и направление квалификации.
• Поможем собрать и подготовить документы.
• Организуем подготовку к экзамену.
• Сопроводим по организационным вопросам до получения результатов.

Работаем со специалистами по строительству, проектированию и инженерным изысканиям. Подготовка и сопровождение подбираются под вашу квалификацию и текущую ситуацию.

Компания МСМ специализируется на лицензировании, саморегулировании и подготовке специалистов. Разберём исходную ситуацию и объясним последовательность действий.

Напишите в чат «НОК» и укажите вашу специальность, город и желаемый срок прохождения. Подскажем, с чего начать.";images/nok.png;;;;NEW_REVIEW;https://nadosro.ru/nezavisimaya-oczenka-kvalifikaczii;DRAFT_NOT_FOR_UPLOAD
mcm-nrs-yakutsk;63;Якутск;НРС;nrs;Включение в НРС НОСТРОЙ / НОПРИЗ — помощь;"Планируете включение специалиста в национальный реестр? МСМ поможет проверить документы и подготовить заявление для НОСТРОЙ или НОПРИЗ.

Клиентам из города Якутск. МСМ работает с заказчиками по всей России.

Чем поможем:
• Проведём предварительный разбор документов специалиста.
• Подскажем, какие сведения нужно дополнить.
• Поможем подготовить комплект документов и заявление.
• Сопроводим рассмотрение и разберём замечания при их наличии.

Помогаем специалистам строительных, проектных и изыскательских организаций. Если ранее получили отказ, разберём его причины и возможные дальнейшие действия.

Компания МСМ специализируется на лицензировании, саморегулировании и подготовке специалистов. Разберём исходную ситуацию и объясним последовательность действий.

Напишите в чат «НРС»: укажите направление, образование и стаж. Подскажем порядок подготовки документов.";images/nrs.png;;;;NEW_REVIEW;https://nadosro.ru/vnesenie-specialistov-v-nacionalnyj-reestr;DRAFT_NOT_FOR_UPLOAD
mcm-mchs-yakutsk;63;Якутск;Лицензия МЧС;mchs;Лицензия МЧС — помощь в оформлении;"Готовите компанию к получению лицензии МЧС? МСМ сопровождает оформление: от разбора вашей задачи до подготовки документов и взаимодействия по заявлению.

Клиентам из города Якутск. МСМ работает с заказчиками по всей России.

Чем поможем:
• Определим перечень работ, по которым нужна лицензия.
• Поможем собрать документы компании и специалистов.
• Проконсультируем по оборудованию и его документальному оформлению.
• Подготовим к проверке и сопроводим процесс рассмотрения.

Работаем с организациями и ИП в сфере пожарной безопасности. Сначала выясним, какие работы вы планируете выполнять, какие специалисты и оборудование уже есть, затем составим план подготовки.

Компания МСМ специализируется на лицензировании, саморегулировании и подготовке специалистов. Разберём исходную ситуацию и объясним последовательность действий.

Напишите в чат «МЧС» и перечислите планируемые работы. Расскажем, какие документы понадобятся в вашей ситуации.";images/mchs.png;;;;NEW_REVIEW;https://nadosro.ru/license/poluchit-licenziyu-mchs;DRAFT_NOT_FOR_UPLOAD
mcm-giop-yakutsk;63;Якутск;Минкультуры / ГИОП;giop;Лицензия Минкультуры, ГИОП — оформление;"Нужна помощь с лицензией Минкультуры на реставрационные работы? МСМ сопровождает подготовку документов для деятельности по сохранению объектов культурного наследия. Это направление также ищут как «лицензия ГИОП».

Клиентам из города Якутск. МСМ работает с заказчиками по всей России.

Чем поможем:
• Разберём перечень планируемых реставрационных работ.
• Поможем собрать и подготовить документы организации.
• Проконсультируем по квалификации и аттестации специалистов.
• Сопроводим подачу и рассмотрение заявления.

Работаем с компаниями из разных регионов России. Порядок подготовки определяем с учётом выбранных работ, состава специалистов и готовности документов.

Компания МСМ специализируется на лицензировании, саморегулировании и подготовке специалистов. Разберём исходную ситуацию и объясним последовательность действий.

Напишите в чат «ГИОП» и укажите виды работ. Подскажем дальнейшие шаги для вашей компании.";images/giop.png;;;;NEW_REVIEW;https://nadosro.ru/license/licenziya-minkultury;DRAFT_NOT_FOR_UPLOAD
mcm-sro-yakutsk;63;Якутск;СРО — три направления;sro;СРО: строительство, проектирование, изыскания;"Нужно вступить в СРО? МСМ поможет подобрать саморегулируемую организацию и подготовить документы для вашей компании или ИП. Сопровождаем три направления: строительство, проектирование и инженерные изыскания.

Клиентам из города Якутск. МСМ работает с заказчиками по всей России.

Чем поможем:
• Разберём виды работ, регион регистрации и задачи компании.
• Поможем подобрать СРО по нужному направлению.
• Подготовим комплект документов и заявление на вступление.
• Проконсультируем по специалистам НРС и требованиям выбранной СРО.
• Сопроводим рассмотрение документов и разберём замечания.

Строителям помогаем оформить членство в СРО для строительных работ. Проектировщикам — для подготовки проектной документации. Изыскателям — для инженерных изысканий. Если компании нужны несколько направлений, разберём каждое и согласуем общий порядок подготовки.

Компания МСМ специализируется на лицензировании, саморегулировании и подготовке специалистов. Разберём исходную ситуацию и объясним последовательность действий.

Напишите в чат «СРО» и укажите направление, регион регистрации и планируемые работы. Подскажем, какие документы подготовить в первую очередь.";images/sro.png;;;;NEW_REVIEW;https://nadosro.ru/;DRAFT_NOT_FOR_UPLOAD
mcm-nok-vladikavkaz;64;Владикавказ;НОК;nok;НОК НОСТРОЙ / НОПРИЗ — подготовка к экзамену;"Нужно пройти независимую оценку квалификации? МСМ помогает специалистам строительной отрасли подготовиться к экзамену и собрать документы для допуска к НОК.

Клиентам из города Владикавказ. МСМ работает с заказчиками по всей России.

Чем поможем:
• Разберём вашу задачу и направление квалификации.
• Поможем собрать и подготовить документы.
• Организуем подготовку к экзамену.
• Сопроводим по организационным вопросам до получения результатов.

Работаем со специалистами по строительству, проектированию и инженерным изысканиям. Подготовка и сопровождение подбираются под вашу квалификацию и текущую ситуацию.

Компания МСМ специализируется на лицензировании, саморегулировании и подготовке специалистов. Разберём исходную ситуацию и объясним последовательность действий.

Напишите в чат «НОК» и укажите вашу специальность, город и желаемый срок прохождения. Подскажем, с чего начать.";images/nok.png;;;;NEW_REVIEW;https://nadosro.ru/nezavisimaya-oczenka-kvalifikaczii;DRAFT_NOT_FOR_UPLOAD
mcm-nrs-vladikavkaz;64;Владикавказ;НРС;nrs;Включение в НРС НОСТРОЙ / НОПРИЗ — помощь;"Планируете включение специалиста в национальный реестр? МСМ поможет проверить документы и подготовить заявление для НОСТРОЙ или НОПРИЗ.

Клиентам из города Владикавказ. МСМ работает с заказчиками по всей России.

Чем поможем:
• Проведём предварительный разбор документов специалиста.
• Подскажем, какие сведения нужно дополнить.
• Поможем подготовить комплект документов и заявление.
• Сопроводим рассмотрение и разберём замечания при их наличии.

Помогаем специалистам строительных, проектных и изыскательских организаций. Если ранее получили отказ, разберём его причины и возможные дальнейшие действия.

Компания МСМ специализируется на лицензировании, саморегулировании и подготовке специалистов. Разберём исходную ситуацию и объясним последовательность действий.

Напишите в чат «НРС»: укажите направление, образование и стаж. Подскажем порядок подготовки документов.";images/nrs.png;;;;NEW_REVIEW;https://nadosro.ru/vnesenie-specialistov-v-nacionalnyj-reestr;DRAFT_NOT_FOR_UPLOAD
mcm-mchs-vladikavkaz;64;Владикавказ;Лицензия МЧС;mchs;Лицензия МЧС — помощь в оформлении;"Готовите компанию к получению лицензии МЧС? МСМ сопровождает оформление: от разбора вашей задачи до подготовки документов и взаимодействия по заявлению.

Клиентам из города Владикавказ. МСМ работает с заказчиками по всей России.

Чем поможем:
• Определим перечень работ, по которым нужна лицензия.
• Поможем собрать документы компании и специалистов.
• Проконсультируем по оборудованию и его документальному оформлению.
• Подготовим к проверке и сопроводим процесс рассмотрения.

Работаем с организациями и ИП в сфере пожарной безопасности. Сначала выясним, какие работы вы планируете выполнять, какие специалисты и оборудование уже есть, затем составим план подготовки.

Компания МСМ специализируется на лицензировании, саморегулировании и подготовке специалистов. Разберём исходную ситуацию и объясним последовательность действий.

Напишите в чат «МЧС» и перечислите планируемые работы. Расскажем, какие документы понадобятся в вашей ситуации.";images/mchs.png;;;;NEW_REVIEW;https://nadosro.ru/license/poluchit-licenziyu-mchs;DRAFT_NOT_FOR_UPLOAD
mcm-giop-vladikavkaz;64;Владикавказ;Минкультуры / ГИОП;giop;Лицензия Минкультуры, ГИОП — оформление;"Нужна помощь с лицензией Минкультуры на реставрационные работы? МСМ сопровождает подготовку документов для деятельности по сохранению объектов культурного наследия. Это направление также ищут как «лицензия ГИОП».

Клиентам из города Владикавказ. МСМ работает с заказчиками по всей России.

Чем поможем:
• Разберём перечень планируемых реставрационных работ.
• Поможем собрать и подготовить документы организации.
• Проконсультируем по квалификации и аттестации специалистов.
• Сопроводим подачу и рассмотрение заявления.

Работаем с компаниями из разных регионов России. Порядок подготовки определяем с учётом выбранных работ, состава специалистов и готовности документов.

Компания МСМ специализируется на лицензировании, саморегулировании и подготовке специалистов. Разберём исходную ситуацию и объясним последовательность действий.

Напишите в чат «ГИОП» и укажите виды работ. Подскажем дальнейшие шаги для вашей компании.";images/giop.png;;;;NEW_REVIEW;https://nadosro.ru/license/licenziya-minkultury;DRAFT_NOT_FOR_UPLOAD
mcm-sro-vladikavkaz;64;Владикавказ;СРО — три направления;sro;СРО: строительство, проектирование, изыскания;"Нужно вступить в СРО? МСМ поможет подобрать саморегулируемую организацию и подготовить документы для вашей компании или ИП. Сопровождаем три направления: строительство, проектирование и инженерные изыскания.

Клиентам из города Владикавказ. МСМ работает с заказчиками по всей России.

Чем поможем:
• Разберём виды работ, регион регистрации и задачи компании.
• Поможем подобрать СРО по нужному направлению.
• Подготовим комплект документов и заявление на вступление.
• Проконсультируем по специалистам НРС и требованиям выбранной СРО.
• Сопроводим рассмотрение документов и разберём замечания.

Строителям помогаем оформить членство в СРО для строительных работ. Проектировщикам — для подготовки проектной документации. Изыскателям — для инженерных изысканий. Если компании нужны несколько направлений, разберём каждое и согласуем общий порядок подготовки.

Компания МСМ специализируется на лицензировании, саморегулировании и подготовке специалистов. Разберём исходную ситуацию и объясним последовательность действий.

Напишите в чат «СРО» и укажите направление, регион регистрации и планируемые работы. Подскажем, какие документы подготовить в первую очередь.";images/sro.png;;;;NEW_REVIEW;https://nadosro.ru/;DRAFT_NOT_FOR_UPLOAD
mcm-nok-groznyy;65;Грозный;НОК;nok;НОК НОСТРОЙ / НОПРИЗ — подготовка к экзамену;"Нужно пройти независимую оценку квалификации? МСМ помогает специалистам строительной отрасли подготовиться к экзамену и собрать документы для допуска к НОК.

Клиентам из города Грозный. МСМ работает с заказчиками по всей России.

Чем поможем:
• Разберём вашу задачу и направление квалификации.
• Поможем собрать и подготовить документы.
• Организуем подготовку к экзамену.
• Сопроводим по организационным вопросам до получения результатов.

Работаем со специалистами по строительству, проектированию и инженерным изысканиям. Подготовка и сопровождение подбираются под вашу квалификацию и текущую ситуацию.

Компания МСМ специализируется на лицензировании, саморегулировании и подготовке специалистов. Разберём исходную ситуацию и объясним последовательность действий.

Напишите в чат «НОК» и укажите вашу специальность, город и желаемый срок прохождения. Подскажем, с чего начать.";images/nok.png;;;;NEW_REVIEW;https://nadosro.ru/nezavisimaya-oczenka-kvalifikaczii;DRAFT_NOT_FOR_UPLOAD
mcm-nrs-groznyy;65;Грозный;НРС;nrs;Включение в НРС НОСТРОЙ / НОПРИЗ — помощь;"Планируете включение специалиста в национальный реестр? МСМ поможет проверить документы и подготовить заявление для НОСТРОЙ или НОПРИЗ.

Клиентам из города Грозный. МСМ работает с заказчиками по всей России.

Чем поможем:
• Проведём предварительный разбор документов специалиста.
• Подскажем, какие сведения нужно дополнить.
• Поможем подготовить комплект документов и заявление.
• Сопроводим рассмотрение и разберём замечания при их наличии.

Помогаем специалистам строительных, проектных и изыскательских организаций. Если ранее получили отказ, разберём его причины и возможные дальнейшие действия.

Компания МСМ специализируется на лицензировании, саморегулировании и подготовке специалистов. Разберём исходную ситуацию и объясним последовательность действий.

Напишите в чат «НРС»: укажите направление, образование и стаж. Подскажем порядок подготовки документов.";images/nrs.png;;;;NEW_REVIEW;https://nadosro.ru/vnesenie-specialistov-v-nacionalnyj-reestr;DRAFT_NOT_FOR_UPLOAD
mcm-mchs-groznyy;65;Грозный;Лицензия МЧС;mchs;Лицензия МЧС — помощь в оформлении;"Готовите компанию к получению лицензии МЧС? МСМ сопровождает оформление: от разбора вашей задачи до подготовки документов и взаимодействия по заявлению.

Клиентам из города Грозный. МСМ работает с заказчиками по всей России.

Чем поможем:
• Определим перечень работ, по которым нужна лицензия.
• Поможем собрать документы компании и специалистов.
• Проконсультируем по оборудованию и его документальному оформлению.
• Подготовим к проверке и сопроводим процесс рассмотрения.

Работаем с организациями и ИП в сфере пожарной безопасности. Сначала выясним, какие работы вы планируете выполнять, какие специалисты и оборудование уже есть, затем составим план подготовки.

Компания МСМ специализируется на лицензировании, саморегулировании и подготовке специалистов. Разберём исходную ситуацию и объясним последовательность действий.

Напишите в чат «МЧС» и перечислите планируемые работы. Расскажем, какие документы понадобятся в вашей ситуации.";images/mchs.png;;;;NEW_REVIEW;https://nadosro.ru/license/poluchit-licenziyu-mchs;DRAFT_NOT_FOR_UPLOAD
mcm-giop-groznyy;65;Грозный;Минкультуры / ГИОП;giop;Лицензия Минкультуры, ГИОП — оформление;"Нужна помощь с лицензией Минкультуры на реставрационные работы? МСМ сопровождает подготовку документов для деятельности по сохранению объектов культурного наследия. Это направление также ищут как «лицензия ГИОП».

Клиентам из города Грозный. МСМ работает с заказчиками по всей России.

Чем поможем:
• Разберём перечень планируемых реставрационных работ.
• Поможем собрать и подготовить документы организации.
• Проконсультируем по квалификации и аттестации специалистов.
• Сопроводим подачу и рассмотрение заявления.

Работаем с компаниями из разных регионов России. Порядок подготовки определяем с учётом выбранных работ, состава специалистов и готовности документов.

Компания МСМ специализируется на лицензировании, саморегулировании и подготовке специалистов. Разберём исходную ситуацию и объясним последовательность действий.

Напишите в чат «ГИОП» и укажите виды работ. Подскажем дальнейшие шаги для вашей компании.";images/giop.png;;;;NEW_REVIEW;https://nadosro.ru/license/licenziya-minkultury;DRAFT_NOT_FOR_UPLOAD
mcm-sro-groznyy;65;Грозный;СРО — три направления;sro;СРО: строительство, проектирование, изыскания;"Нужно вступить в СРО? МСМ поможет подобрать саморегулируемую организацию и подготовить документы для вашей компании или ИП. Сопровождаем три направления: строительство, проектирование и инженерные изыскания.

Клиентам из города Грозный. МСМ работает с заказчиками по всей России.

Чем поможем:
• Разберём виды работ, регион регистрации и задачи компании.
• Поможем подобрать СРО по нужному направлению.
• Подготовим комплект документов и заявление на вступление.
• Проконсультируем по специалистам НРС и требованиям выбранной СРО.
• Сопроводим рассмотрение документов и разберём замечания.

Строителям помогаем оформить членство в СРО для строительных работ. Проектировщикам — для подготовки проектной документации. Изыскателям — для инженерных изысканий. Если компании нужны несколько направлений, разберём каждое и согласуем общий порядок подготовки.

Компания МСМ специализируется на лицензировании, саморегулировании и подготовке специалистов. Разберём исходную ситуацию и объясним последовательность действий.

Напишите в чат «СРО» и укажите направление, регион регистрации и планируемые работы. Подскажем, какие документы подготовить в первую очередь.";images/sro.png;;;;NEW_REVIEW;https://nadosro.ru/;DRAFT_NOT_FOR_UPLOAD
mcm-nok-murmansk;66;Мурманск;НОК;nok;НОК НОСТРОЙ / НОПРИЗ — подготовка к экзамену;"Нужно пройти независимую оценку квалификации? МСМ помогает специалистам строительной отрасли подготовиться к экзамену и собрать документы для допуска к НОК.

Клиентам из города Мурманск. МСМ работает с заказчиками по всей России.

Чем поможем:
• Разберём вашу задачу и направление квалификации.
• Поможем собрать и подготовить документы.
• Организуем подготовку к экзамену.
• Сопроводим по организационным вопросам до получения результатов.

Работаем со специалистами по строительству, проектированию и инженерным изысканиям. Подготовка и сопровождение подбираются под вашу квалификацию и текущую ситуацию.

Компания МСМ специализируется на лицензировании, саморегулировании и подготовке специалистов. Разберём исходную ситуацию и объясним последовательность действий.

Напишите в чат «НОК» и укажите вашу специальность, город и желаемый срок прохождения. Подскажем, с чего начать.";images/nok.png;;;;NEW_REVIEW;https://nadosro.ru/nezavisimaya-oczenka-kvalifikaczii;DRAFT_NOT_FOR_UPLOAD
mcm-nrs-murmansk;66;Мурманск;НРС;nrs;Включение в НРС НОСТРОЙ / НОПРИЗ — помощь;"Планируете включение специалиста в национальный реестр? МСМ поможет проверить документы и подготовить заявление для НОСТРОЙ или НОПРИЗ.

Клиентам из города Мурманск. МСМ работает с заказчиками по всей России.

Чем поможем:
• Проведём предварительный разбор документов специалиста.
• Подскажем, какие сведения нужно дополнить.
• Поможем подготовить комплект документов и заявление.
• Сопроводим рассмотрение и разберём замечания при их наличии.

Помогаем специалистам строительных, проектных и изыскательских организаций. Если ранее получили отказ, разберём его причины и возможные дальнейшие действия.

Компания МСМ специализируется на лицензировании, саморегулировании и подготовке специалистов. Разберём исходную ситуацию и объясним последовательность действий.

Напишите в чат «НРС»: укажите направление, образование и стаж. Подскажем порядок подготовки документов.";images/nrs.png;;;;NEW_REVIEW;https://nadosro.ru/vnesenie-specialistov-v-nacionalnyj-reestr;DRAFT_NOT_FOR_UPLOAD
mcm-mchs-murmansk;66;Мурманск;Лицензия МЧС;mchs;Лицензия МЧС — помощь в оформлении;"Готовите компанию к получению лицензии МЧС? МСМ сопровождает оформление: от разбора вашей задачи до подготовки документов и взаимодействия по заявлению.

Клиентам из города Мурманск. МСМ работает с заказчиками по всей России.

Чем поможем:
• Определим перечень работ, по которым нужна лицензия.
• Поможем собрать документы компании и специалистов.
• Проконсультируем по оборудованию и его документальному оформлению.
• Подготовим к проверке и сопроводим процесс рассмотрения.

Работаем с организациями и ИП в сфере пожарной безопасности. Сначала выясним, какие работы вы планируете выполнять, какие специалисты и оборудование уже есть, затем составим план подготовки.

Компания МСМ специализируется на лицензировании, саморегулировании и подготовке специалистов. Разберём исходную ситуацию и объясним последовательность действий.

Напишите в чат «МЧС» и перечислите планируемые работы. Расскажем, какие документы понадобятся в вашей ситуации.";images/mchs.png;;;;NEW_REVIEW;https://nadosro.ru/license/poluchit-licenziyu-mchs;DRAFT_NOT_FOR_UPLOAD
mcm-giop-murmansk;66;Мурманск;Минкультуры / ГИОП;giop;Лицензия Минкультуры, ГИОП — оформление;"Нужна помощь с лицензией Минкультуры на реставрационные работы? МСМ сопровождает подготовку документов для деятельности по сохранению объектов культурного наследия. Это направление также ищут как «лицензия ГИОП».

Клиентам из города Мурманск. МСМ работает с заказчиками по всей России.

Чем поможем:
• Разберём перечень планируемых реставрационных работ.
• Поможем собрать и подготовить документы организации.
• Проконсультируем по квалификации и аттестации специалистов.
• Сопроводим подачу и рассмотрение заявления.

Работаем с компаниями из разных регионов России. Порядок подготовки определяем с учётом выбранных работ, состава специалистов и готовности документов.

Компания МСМ специализируется на лицензировании, саморегулировании и подготовке специалистов. Разберём исходную ситуацию и объясним последовательность действий.

Напишите в чат «ГИОП» и укажите виды работ. Подскажем дальнейшие шаги для вашей компании.";images/giop.png;;;;NEW_REVIEW;https://nadosro.ru/license/licenziya-minkultury;DRAFT_NOT_FOR_UPLOAD
mcm-sro-murmansk;66;Мурманск;СРО — три направления;sro;СРО: строительство, проектирование, изыскания;"Нужно вступить в СРО? МСМ поможет подобрать саморегулируемую организацию и подготовить документы для вашей компании или ИП. Сопровождаем три направления: строительство, проектирование и инженерные изыскания.

Клиентам из города Мурманск. МСМ работает с заказчиками по всей России.

Чем поможем:
• Разберём виды работ, регион регистрации и задачи компании.
• Поможем подобрать СРО по нужному направлению.
• Подготовим комплект документов и заявление на вступление.
• Проконсультируем по специалистам НРС и требованиям выбранной СРО.
• Сопроводим рассмотрение документов и разберём замечания.

Строителям помогаем оформить членство в СРО для строительных работ. Проектировщикам — для подготовки проектной документации. Изыскателям — для инженерных изысканий. Если компании нужны несколько направлений, разберём каждое и согласуем общий порядок подготовки.

Компания МСМ специализируется на лицензировании, саморегулировании и подготовке специалистов. Разберём исходную ситуацию и объясним последовательность действий.

Напишите в чат «СРО» и укажите направление, регион регистрации и планируемые работы. Подскажем, какие документы подготовить в первую очередь.";images/sro.png;;;;NEW_REVIEW;https://nadosro.ru/;DRAFT_NOT_FOR_UPLOAD
mcm-nok-tambov;67;Тамбов;НОК;nok;НОК НОСТРОЙ / НОПРИЗ — подготовка к экзамену;"Нужно пройти независимую оценку квалификации? МСМ помогает специалистам строительной отрасли подготовиться к экзамену и собрать документы для допуска к НОК.

Клиентам из города Тамбов. МСМ работает с заказчиками по всей России.

Чем поможем:
• Разберём вашу задачу и направление квалификации.
• Поможем собрать и подготовить документы.
• Организуем подготовку к экзамену.
• Сопроводим по организационным вопросам до получения результатов.

Работаем со специалистами по строительству, проектированию и инженерным изысканиям. Подготовка и сопровождение подбираются под вашу квалификацию и текущую ситуацию.

Компания МСМ специализируется на лицензировании, саморегулировании и подготовке специалистов. Разберём исходную ситуацию и объясним последовательность действий.

Напишите в чат «НОК» и укажите вашу специальность, город и желаемый срок прохождения. Подскажем, с чего начать.";images/nok.png;;;;NEW_REVIEW;https://nadosro.ru/nezavisimaya-oczenka-kvalifikaczii;DRAFT_NOT_FOR_UPLOAD
mcm-nrs-tambov;67;Тамбов;НРС;nrs;Включение в НРС НОСТРОЙ / НОПРИЗ — помощь;"Планируете включение специалиста в национальный реестр? МСМ поможет проверить документы и подготовить заявление для НОСТРОЙ или НОПРИЗ.

Клиентам из города Тамбов. МСМ работает с заказчиками по всей России.

Чем поможем:
• Проведём предварительный разбор документов специалиста.
• Подскажем, какие сведения нужно дополнить.
• Поможем подготовить комплект документов и заявление.
• Сопроводим рассмотрение и разберём замечания при их наличии.

Помогаем специалистам строительных, проектных и изыскательских организаций. Если ранее получили отказ, разберём его причины и возможные дальнейшие действия.

Компания МСМ специализируется на лицензировании, саморегулировании и подготовке специалистов. Разберём исходную ситуацию и объясним последовательность действий.

Напишите в чат «НРС»: укажите направление, образование и стаж. Подскажем порядок подготовки документов.";images/nrs.png;;;;NEW_REVIEW;https://nadosro.ru/vnesenie-specialistov-v-nacionalnyj-reestr;DRAFT_NOT_FOR_UPLOAD
mcm-mchs-tambov;67;Тамбов;Лицензия МЧС;mchs;Лицензия МЧС — помощь в оформлении;"Готовите компанию к получению лицензии МЧС? МСМ сопровождает оформление: от разбора вашей задачи до подготовки документов и взаимодействия по заявлению.

Клиентам из города Тамбов. МСМ работает с заказчиками по всей России.

Чем поможем:
• Определим перечень работ, по которым нужна лицензия.
• Поможем собрать документы компании и специалистов.
• Проконсультируем по оборудованию и его документальному оформлению.
• Подготовим к проверке и сопроводим процесс рассмотрения.

Работаем с организациями и ИП в сфере пожарной безопасности. Сначала выясним, какие работы вы планируете выполнять, какие специалисты и оборудование уже есть, затем составим план подготовки.

Компания МСМ специализируется на лицензировании, саморегулировании и подготовке специалистов. Разберём исходную ситуацию и объясним последовательность действий.

Напишите в чат «МЧС» и перечислите планируемые работы. Расскажем, какие документы понадобятся в вашей ситуации.";images/mchs.png;;;;NEW_REVIEW;https://nadosro.ru/license/poluchit-licenziyu-mchs;DRAFT_NOT_FOR_UPLOAD
mcm-giop-tambov;67;Тамбов;Минкультуры / ГИОП;giop;Лицензия Минкультуры, ГИОП — оформление;"Нужна помощь с лицензией Минкультуры на реставрационные работы? МСМ сопровождает подготовку документов для деятельности по сохранению объектов культурного наследия. Это направление также ищут как «лицензия ГИОП».

Клиентам из города Тамбов. МСМ работает с заказчиками по всей России.

Чем поможем:
• Разберём перечень планируемых реставрационных работ.
• Поможем собрать и подготовить документы организации.
• Проконсультируем по квалификации и аттестации специалистов.
• Сопроводим подачу и рассмотрение заявления.

Работаем с компаниями из разных регионов России. Порядок подготовки определяем с учётом выбранных работ, состава специалистов и готовности документов.

Компания МСМ специализируется на лицензировании, саморегулировании и подготовке специалистов. Разберём исходную ситуацию и объясним последовательность действий.

Напишите в чат «ГИОП» и укажите виды работ. Подскажем дальнейшие шаги для вашей компании.";images/giop.png;;;;NEW_REVIEW;https://nadosro.ru/license/licenziya-minkultury;DRAFT_NOT_FOR_UPLOAD
mcm-sro-tambov;67;Тамбов;СРО — три направления;sro;СРО: строительство, проектирование, изыскания;"Нужно вступить в СРО? МСМ поможет подобрать саморегулируемую организацию и подготовить документы для вашей компании или ИП. Сопровождаем три направления: строительство, проектирование и инженерные изыскания.

Клиентам из города Тамбов. МСМ работает с заказчиками по всей России.

Чем поможем:
• Разберём виды работ, регион регистрации и задачи компании.
• Поможем подобрать СРО по нужному направлению.
• Подготовим комплект документов и заявление на вступление.
• Проконсультируем по специалистам НРС и требованиям выбранной СРО.
• Сопроводим рассмотрение документов и разберём замечания.

Строителям помогаем оформить членство в СРО для строительных работ. Проектировщикам — для подготовки проектной документации. Изыскателям — для инженерных изысканий. Если компании нужны несколько направлений, разберём каждое и согласуем общий порядок подготовки.

Компания МСМ специализируется на лицензировании, саморегулировании и подготовке специалистов. Разберём исходную ситуацию и объясним последовательность действий.

Напишите в чат «СРО» и укажите направление, регион регистрации и планируемые работы. Подскажем, какие документы подготовить в первую очередь.";images/sro.png;;;;NEW_REVIEW;https://nadosro.ru/;DRAFT_NOT_FOR_UPLOAD
mcm-nok-petrozavodsk;68;Петрозаводск;НОК;nok;НОК НОСТРОЙ / НОПРИЗ — подготовка к экзамену;"Нужно пройти независимую оценку квалификации? МСМ помогает специалистам строительной отрасли подготовиться к экзамену и собрать документы для допуска к НОК.

Клиентам из города Петрозаводск. МСМ работает с заказчиками по всей России.

Чем поможем:
• Разберём вашу задачу и направление квалификации.
• Поможем собрать и подготовить документы.
• Организуем подготовку к экзамену.
• Сопроводим по организационным вопросам до получения результатов.

Работаем со специалистами по строительству, проектированию и инженерным изысканиям. Подготовка и сопровождение подбираются под вашу квалификацию и текущую ситуацию.

Компания МСМ специализируется на лицензировании, саморегулировании и подготовке специалистов. Разберём исходную ситуацию и объясним последовательность действий.

Напишите в чат «НОК» и укажите вашу специальность, город и желаемый срок прохождения. Подскажем, с чего начать.";images/nok.png;;;;NEW_REVIEW;https://nadosro.ru/nezavisimaya-oczenka-kvalifikaczii;DRAFT_NOT_FOR_UPLOAD
mcm-nrs-petrozavodsk;68;Петрозаводск;НРС;nrs;Включение в НРС НОСТРОЙ / НОПРИЗ — помощь;"Планируете включение специалиста в национальный реестр? МСМ поможет проверить документы и подготовить заявление для НОСТРОЙ или НОПРИЗ.

Клиентам из города Петрозаводск. МСМ работает с заказчиками по всей России.

Чем поможем:
• Проведём предварительный разбор документов специалиста.
• Подскажем, какие сведения нужно дополнить.
• Поможем подготовить комплект документов и заявление.
• Сопроводим рассмотрение и разберём замечания при их наличии.

Помогаем специалистам строительных, проектных и изыскательских организаций. Если ранее получили отказ, разберём его причины и возможные дальнейшие действия.

Компания МСМ специализируется на лицензировании, саморегулировании и подготовке специалистов. Разберём исходную ситуацию и объясним последовательность действий.

Напишите в чат «НРС»: укажите направление, образование и стаж. Подскажем порядок подготовки документов.";images/nrs.png;;;;NEW_REVIEW;https://nadosro.ru/vnesenie-specialistov-v-nacionalnyj-reestr;DRAFT_NOT_FOR_UPLOAD
mcm-mchs-petrozavodsk;68;Петрозаводск;Лицензия МЧС;mchs;Лицензия МЧС — помощь в оформлении;"Готовите компанию к получению лицензии МЧС? МСМ сопровождает оформление: от разбора вашей задачи до подготовки документов и взаимодействия по заявлению.

Клиентам из города Петрозаводск. МСМ работает с заказчиками по всей России.

Чем поможем:
• Определим перечень работ, по которым нужна лицензия.
• Поможем собрать документы компании и специалистов.
• Проконсультируем по оборудованию и его документальному оформлению.
• Подготовим к проверке и сопроводим процесс рассмотрения.

Работаем с организациями и ИП в сфере пожарной безопасности. Сначала выясним, какие работы вы планируете выполнять, какие специалисты и оборудование уже есть, затем составим план подготовки.

Компания МСМ специализируется на лицензировании, саморегулировании и подготовке специалистов. Разберём исходную ситуацию и объясним последовательность действий.

Напишите в чат «МЧС» и перечислите планируемые работы. Расскажем, какие документы понадобятся в вашей ситуации.";images/mchs.png;;;;NEW_REVIEW;https://nadosro.ru/license/poluchit-licenziyu-mchs;DRAFT_NOT_FOR_UPLOAD
mcm-giop-petrozavodsk;68;Петрозаводск;Минкультуры / ГИОП;giop;Лицензия Минкультуры, ГИОП — оформление;"Нужна помощь с лицензией Минкультуры на реставрационные работы? МСМ сопровождает подготовку документов для деятельности по сохранению объектов культурного наследия. Это направление также ищут как «лицензия ГИОП».

Клиентам из города Петрозаводск. МСМ работает с заказчиками по всей России.

Чем поможем:
• Разберём перечень планируемых реставрационных работ.
• Поможем собрать и подготовить документы организации.
• Проконсультируем по квалификации и аттестации специалистов.
• Сопроводим подачу и рассмотрение заявления.

Работаем с компаниями из разных регионов России. Порядок подготовки определяем с учётом выбранных работ, состава специалистов и готовности документов.

Компания МСМ специализируется на лицензировании, саморегулировании и подготовке специалистов. Разберём исходную ситуацию и объясним последовательность действий.

Напишите в чат «ГИОП» и укажите виды работ. Подскажем дальнейшие шаги для вашей компании.";images/giop.png;;;;NEW_REVIEW;https://nadosro.ru/license/licenziya-minkultury;DRAFT_NOT_FOR_UPLOAD
mcm-sro-petrozavodsk;68;Петрозаводск;СРО — три направления;sro;СРО: строительство, проектирование, изыскания;"Нужно вступить в СРО? МСМ поможет подобрать саморегулируемую организацию и подготовить документы для вашей компании или ИП. Сопровождаем три направления: строительство, проектирование и инженерные изыскания.

Клиентам из города Петрозаводск. МСМ работает с заказчиками по всей России.

Чем поможем:
• Разберём виды работ, регион регистрации и задачи компании.
• Поможем подобрать СРО по нужному направлению.
• Подготовим комплект документов и заявление на вступление.
• Проконсультируем по специалистам НРС и требованиям выбранной СРО.
• Сопроводим рассмотрение документов и разберём замечания.

Строителям помогаем оформить членство в СРО для строительных работ. Проектировщикам — для подготовки проектной документации. Изыскателям — для инженерных изысканий. Если компании нужны несколько направлений, разберём каждое и согласуем общий порядок подготовки.

Компания МСМ специализируется на лицензировании, саморегулировании и подготовке специалистов. Разберём исходную ситуацию и объясним последовательность действий.

Напишите в чат «СРО» и укажите направление, регион регистрации и планируемые работы. Подскажем, какие документы подготовить в первую очередь.";images/sro.png;;;;NEW_REVIEW;https://nadosro.ru/;DRAFT_NOT_FOR_UPLOAD
mcm-nok-kostroma;69;Кострома;НОК;nok;НОК НОСТРОЙ / НОПРИЗ — подготовка к экзамену;"Нужно пройти независимую оценку квалификации? МСМ помогает специалистам строительной отрасли подготовиться к экзамену и собрать документы для допуска к НОК.

Клиентам из города Кострома. МСМ работает с заказчиками по всей России.

Чем поможем:
• Разберём вашу задачу и направление квалификации.
• Поможем собрать и подготовить документы.
• Организуем подготовку к экзамену.
• Сопроводим по организационным вопросам до получения результатов.

Работаем со специалистами по строительству, проектированию и инженерным изысканиям. Подготовка и сопровождение подбираются под вашу квалификацию и текущую ситуацию.

Компания МСМ специализируется на лицензировании, саморегулировании и подготовке специалистов. Разберём исходную ситуацию и объясним последовательность действий.

Напишите в чат «НОК» и укажите вашу специальность, город и желаемый срок прохождения. Подскажем, с чего начать.";images/nok.png;;;;NEW_REVIEW;https://nadosro.ru/nezavisimaya-oczenka-kvalifikaczii;DRAFT_NOT_FOR_UPLOAD
mcm-nrs-kostroma;69;Кострома;НРС;nrs;Включение в НРС НОСТРОЙ / НОПРИЗ — помощь;"Планируете включение специалиста в национальный реестр? МСМ поможет проверить документы и подготовить заявление для НОСТРОЙ или НОПРИЗ.

Клиентам из города Кострома. МСМ работает с заказчиками по всей России.

Чем поможем:
• Проведём предварительный разбор документов специалиста.
• Подскажем, какие сведения нужно дополнить.
• Поможем подготовить комплект документов и заявление.
• Сопроводим рассмотрение и разберём замечания при их наличии.

Помогаем специалистам строительных, проектных и изыскательских организаций. Если ранее получили отказ, разберём его причины и возможные дальнейшие действия.

Компания МСМ специализируется на лицензировании, саморегулировании и подготовке специалистов. Разберём исходную ситуацию и объясним последовательность действий.

Напишите в чат «НРС»: укажите направление, образование и стаж. Подскажем порядок подготовки документов.";images/nrs.png;;;;NEW_REVIEW;https://nadosro.ru/vnesenie-specialistov-v-nacionalnyj-reestr;DRAFT_NOT_FOR_UPLOAD
mcm-mchs-kostroma;69;Кострома;Лицензия МЧС;mchs;Лицензия МЧС — помощь в оформлении;"Готовите компанию к получению лицензии МЧС? МСМ сопровождает оформление: от разбора вашей задачи до подготовки документов и взаимодействия по заявлению.

Клиентам из города Кострома. МСМ работает с заказчиками по всей России.

Чем поможем:
• Определим перечень работ, по которым нужна лицензия.
• Поможем собрать документы компании и специалистов.
• Проконсультируем по оборудованию и его документальному оформлению.
• Подготовим к проверке и сопроводим процесс рассмотрения.

Работаем с организациями и ИП в сфере пожарной безопасности. Сначала выясним, какие работы вы планируете выполнять, какие специалисты и оборудование уже есть, затем составим план подготовки.

Компания МСМ специализируется на лицензировании, саморегулировании и подготовке специалистов. Разберём исходную ситуацию и объясним последовательность действий.

Напишите в чат «МЧС» и перечислите планируемые работы. Расскажем, какие документы понадобятся в вашей ситуации.";images/mchs.png;;;;NEW_REVIEW;https://nadosro.ru/license/poluchit-licenziyu-mchs;DRAFT_NOT_FOR_UPLOAD
mcm-giop-kostroma;69;Кострома;Минкультуры / ГИОП;giop;Лицензия Минкультуры, ГИОП — оформление;"Нужна помощь с лицензией Минкультуры на реставрационные работы? МСМ сопровождает подготовку документов для деятельности по сохранению объектов культурного наследия. Это направление также ищут как «лицензия ГИОП».

Клиентам из города Кострома. МСМ работает с заказчиками по всей России.

Чем поможем:
• Разберём перечень планируемых реставрационных работ.
• Поможем собрать и подготовить документы организации.
• Проконсультируем по квалификации и аттестации специалистов.
• Сопроводим подачу и рассмотрение заявления.

Работаем с компаниями из разных регионов России. Порядок подготовки определяем с учётом выбранных работ, состава специалистов и готовности документов.

Компания МСМ специализируется на лицензировании, саморегулировании и подготовке специалистов. Разберём исходную ситуацию и объясним последовательность действий.

Напишите в чат «ГИОП» и укажите виды работ. Подскажем дальнейшие шаги для вашей компании.";images/giop.png;;;;NEW_REVIEW;https://nadosro.ru/license/licenziya-minkultury;DRAFT_NOT_FOR_UPLOAD
mcm-sro-kostroma;69;Кострома;СРО — три направления;sro;СРО: строительство, проектирование, изыскания;"Нужно вступить в СРО? МСМ поможет подобрать саморегулируемую организацию и подготовить документы для вашей компании или ИП. Сопровождаем три направления: строительство, проектирование и инженерные изыскания.

Клиентам из города Кострома. МСМ работает с заказчиками по всей России.

Чем поможем:
• Разберём виды работ, регион регистрации и задачи компании.
• Поможем подобрать СРО по нужному направлению.
• Подготовим комплект документов и заявление на вступление.
• Проконсультируем по специалистам НРС и требованиям выбранной СРО.
• Сопроводим рассмотрение документов и разберём замечания.

Строителям помогаем оформить членство в СРО для строительных работ. Проектировщикам — для подготовки проектной документации. Изыскателям — для инженерных изысканий. Если компании нужны несколько направлений, разберём каждое и согласуем общий порядок подготовки.

Компания МСМ специализируется на лицензировании, саморегулировании и подготовке специалистов. Разберём исходную ситуацию и объясним последовательность действий.

Напишите в чат «СРО» и укажите направление, регион регистрации и планируемые работы. Подскажем, какие документы подготовить в первую очередь.";images/sro.png;;;;NEW_REVIEW;https://nadosro.ru/;DRAFT_NOT_FOR_UPLOAD
mcm-nok-nizhnevartovsk;70;Нижневартовск;НОК;nok;НОК НОСТРОЙ / НОПРИЗ — подготовка к экзамену;"Нужно пройти независимую оценку квалификации? МСМ помогает специалистам строительной отрасли подготовиться к экзамену и собрать документы для допуска к НОК.

Клиентам из города Нижневартовск. МСМ работает с заказчиками по всей России.

Чем поможем:
• Разберём вашу задачу и направление квалификации.
• Поможем собрать и подготовить документы.
• Организуем подготовку к экзамену.
• Сопроводим по организационным вопросам до получения результатов.

Работаем со специалистами по строительству, проектированию и инженерным изысканиям. Подготовка и сопровождение подбираются под вашу квалификацию и текущую ситуацию.

Компания МСМ специализируется на лицензировании, саморегулировании и подготовке специалистов. Разберём исходную ситуацию и объясним последовательность действий.

Напишите в чат «НОК» и укажите вашу специальность, город и желаемый срок прохождения. Подскажем, с чего начать.";images/nok.png;;;;NEW_REVIEW;https://nadosro.ru/nezavisimaya-oczenka-kvalifikaczii;DRAFT_NOT_FOR_UPLOAD
mcm-nrs-nizhnevartovsk;70;Нижневартовск;НРС;nrs;Включение в НРС НОСТРОЙ / НОПРИЗ — помощь;"Планируете включение специалиста в национальный реестр? МСМ поможет проверить документы и подготовить заявление для НОСТРОЙ или НОПРИЗ.

Клиентам из города Нижневартовск. МСМ работает с заказчиками по всей России.

Чем поможем:
• Проведём предварительный разбор документов специалиста.
• Подскажем, какие сведения нужно дополнить.
• Поможем подготовить комплект документов и заявление.
• Сопроводим рассмотрение и разберём замечания при их наличии.

Помогаем специалистам строительных, проектных и изыскательских организаций. Если ранее получили отказ, разберём его причины и возможные дальнейшие действия.

Компания МСМ специализируется на лицензировании, саморегулировании и подготовке специалистов. Разберём исходную ситуацию и объясним последовательность действий.

Напишите в чат «НРС»: укажите направление, образование и стаж. Подскажем порядок подготовки документов.";images/nrs.png;;;;NEW_REVIEW;https://nadosro.ru/vnesenie-specialistov-v-nacionalnyj-reestr;DRAFT_NOT_FOR_UPLOAD
mcm-mchs-nizhnevartovsk;70;Нижневартовск;Лицензия МЧС;mchs;Лицензия МЧС — помощь в оформлении;"Готовите компанию к получению лицензии МЧС? МСМ сопровождает оформление: от разбора вашей задачи до подготовки документов и взаимодействия по заявлению.

Клиентам из города Нижневартовск. МСМ работает с заказчиками по всей России.

Чем поможем:
• Определим перечень работ, по которым нужна лицензия.
• Поможем собрать документы компании и специалистов.
• Проконсультируем по оборудованию и его документальному оформлению.
• Подготовим к проверке и сопроводим процесс рассмотрения.

Работаем с организациями и ИП в сфере пожарной безопасности. Сначала выясним, какие работы вы планируете выполнять, какие специалисты и оборудование уже есть, затем составим план подготовки.

Компания МСМ специализируется на лицензировании, саморегулировании и подготовке специалистов. Разберём исходную ситуацию и объясним последовательность действий.

Напишите в чат «МЧС» и перечислите планируемые работы. Расскажем, какие документы понадобятся в вашей ситуации.";images/mchs.png;;;;NEW_REVIEW;https://nadosro.ru/license/poluchit-licenziyu-mchs;DRAFT_NOT_FOR_UPLOAD
mcm-giop-nizhnevartovsk;70;Нижневартовск;Минкультуры / ГИОП;giop;Лицензия Минкультуры, ГИОП — оформление;"Нужна помощь с лицензией Минкультуры на реставрационные работы? МСМ сопровождает подготовку документов для деятельности по сохранению объектов культурного наследия. Это направление также ищут как «лицензия ГИОП».

Клиентам из города Нижневартовск. МСМ работает с заказчиками по всей России.

Чем поможем:
• Разберём перечень планируемых реставрационных работ.
• Поможем собрать и подготовить документы организации.
• Проконсультируем по квалификации и аттестации специалистов.
• Сопроводим подачу и рассмотрение заявления.

Работаем с компаниями из разных регионов России. Порядок подготовки определяем с учётом выбранных работ, состава специалистов и готовности документов.

Компания МСМ специализируется на лицензировании, саморегулировании и подготовке специалистов. Разберём исходную ситуацию и объясним последовательность действий.

Напишите в чат «ГИОП» и укажите виды работ. Подскажем дальнейшие шаги для вашей компании.";images/giop.png;;;;NEW_REVIEW;https://nadosro.ru/license/licenziya-minkultury;DRAFT_NOT_FOR_UPLOAD
mcm-sro-nizhnevartovsk;70;Нижневартовск;СРО — три направления;sro;СРО: строительство, проектирование, изыскания;"Нужно вступить в СРО? МСМ поможет подобрать саморегулируемую организацию и подготовить документы для вашей компании или ИП. Сопровождаем три направления: строительство, проектирование и инженерные изыскания.

Клиентам из города Нижневартовск. МСМ работает с заказчиками по всей России.

Чем поможем:
• Разберём виды работ, регион регистрации и задачи компании.
• Поможем подобрать СРО по нужному направлению.
• Подготовим комплект документов и заявление на вступление.
• Проконсультируем по специалистам НРС и требованиям выбранной СРО.
• Сопроводим рассмотрение документов и разберём замечания.

Строителям помогаем оформить членство в СРО для строительных работ. Проектировщикам — для подготовки проектной документации. Изыскателям — для инженерных изысканий. Если компании нужны несколько направлений, разберём каждое и согласуем общий порядок подготовки.

Компания МСМ специализируется на лицензировании, саморегулировании и подготовке специалистов. Разберём исходную ситуацию и объясним последовательность действий.

Напишите в чат «СРО» и укажите направление, регион регистрации и планируемые работы. Подскажем, какие документы подготовить в первую очередь.";images/sro.png;;;;NEW_REVIEW;https://nadosro.ru/;DRAFT_NOT_FOR_UPLOAD
mcm-nok-novorossiysk;71;Новороссийск;НОК;nok;НОК НОСТРОЙ / НОПРИЗ — подготовка к экзамену;"Нужно пройти независимую оценку квалификации? МСМ помогает специалистам строительной отрасли подготовиться к экзамену и собрать документы для допуска к НОК.

Клиентам из города Новороссийск. МСМ работает с заказчиками по всей России.

Чем поможем:
• Разберём вашу задачу и направление квалификации.
• Поможем собрать и подготовить документы.
• Организуем подготовку к экзамену.
• Сопроводим по организационным вопросам до получения результатов.

Работаем со специалистами по строительству, проектированию и инженерным изысканиям. Подготовка и сопровождение подбираются под вашу квалификацию и текущую ситуацию.

Компания МСМ специализируется на лицензировании, саморегулировании и подготовке специалистов. Разберём исходную ситуацию и объясним последовательность действий.

Напишите в чат «НОК» и укажите вашу специальность, город и желаемый срок прохождения. Подскажем, с чего начать.";images/nok.png;;;;NEW_REVIEW;https://nadosro.ru/nezavisimaya-oczenka-kvalifikaczii;DRAFT_NOT_FOR_UPLOAD
mcm-nrs-novorossiysk;71;Новороссийск;НРС;nrs;Включение в НРС НОСТРОЙ / НОПРИЗ — помощь;"Планируете включение специалиста в национальный реестр? МСМ поможет проверить документы и подготовить заявление для НОСТРОЙ или НОПРИЗ.

Клиентам из города Новороссийск. МСМ работает с заказчиками по всей России.

Чем поможем:
• Проведём предварительный разбор документов специалиста.
• Подскажем, какие сведения нужно дополнить.
• Поможем подготовить комплект документов и заявление.
• Сопроводим рассмотрение и разберём замечания при их наличии.

Помогаем специалистам строительных, проектных и изыскательских организаций. Если ранее получили отказ, разберём его причины и возможные дальнейшие действия.

Компания МСМ специализируется на лицензировании, саморегулировании и подготовке специалистов. Разберём исходную ситуацию и объясним последовательность действий.

Напишите в чат «НРС»: укажите направление, образование и стаж. Подскажем порядок подготовки документов.";images/nrs.png;;;;NEW_REVIEW;https://nadosro.ru/vnesenie-specialistov-v-nacionalnyj-reestr;DRAFT_NOT_FOR_UPLOAD
mcm-mchs-novorossiysk;71;Новороссийск;Лицензия МЧС;mchs;Лицензия МЧС — помощь в оформлении;"Готовите компанию к получению лицензии МЧС? МСМ сопровождает оформление: от разбора вашей задачи до подготовки документов и взаимодействия по заявлению.

Клиентам из города Новороссийск. МСМ работает с заказчиками по всей России.

Чем поможем:
• Определим перечень работ, по которым нужна лицензия.
• Поможем собрать документы компании и специалистов.
• Проконсультируем по оборудованию и его документальному оформлению.
• Подготовим к проверке и сопроводим процесс рассмотрения.

Работаем с организациями и ИП в сфере пожарной безопасности. Сначала выясним, какие работы вы планируете выполнять, какие специалисты и оборудование уже есть, затем составим план подготовки.

Компания МСМ специализируется на лицензировании, саморегулировании и подготовке специалистов. Разберём исходную ситуацию и объясним последовательность действий.

Напишите в чат «МЧС» и перечислите планируемые работы. Расскажем, какие документы понадобятся в вашей ситуации.";images/mchs.png;;;;NEW_REVIEW;https://nadosro.ru/license/poluchit-licenziyu-mchs;DRAFT_NOT_FOR_UPLOAD
mcm-giop-novorossiysk;71;Новороссийск;Минкультуры / ГИОП;giop;Лицензия Минкультуры, ГИОП — оформление;"Нужна помощь с лицензией Минкультуры на реставрационные работы? МСМ сопровождает подготовку документов для деятельности по сохранению объектов культурного наследия. Это направление также ищут как «лицензия ГИОП».

Клиентам из города Новороссийск. МСМ работает с заказчиками по всей России.

Чем поможем:
• Разберём перечень планируемых реставрационных работ.
• Поможем собрать и подготовить документы организации.
• Проконсультируем по квалификации и аттестации специалистов.
• Сопроводим подачу и рассмотрение заявления.

Работаем с компаниями из разных регионов России. Порядок подготовки определяем с учётом выбранных работ, состава специалистов и готовности документов.

Компания МСМ специализируется на лицензировании, саморегулировании и подготовке специалистов. Разберём исходную ситуацию и объясним последовательность действий.

Напишите в чат «ГИОП» и укажите виды работ. Подскажем дальнейшие шаги для вашей компании.";images/giop.png;;;;NEW_REVIEW;https://nadosro.ru/license/licenziya-minkultury;DRAFT_NOT_FOR_UPLOAD
mcm-sro-novorossiysk;71;Новороссийск;СРО — три направления;sro;СРО: строительство, проектирование, изыскания;"Нужно вступить в СРО? МСМ поможет подобрать саморегулируемую организацию и подготовить документы для вашей компании или ИП. Сопровождаем три направления: строительство, проектирование и инженерные изыскания.

Клиентам из города Новороссийск. МСМ работает с заказчиками по всей России.

Чем поможем:
• Разберём виды работ, регион регистрации и задачи компании.
• Поможем подобрать СРО по нужному направлению.
• Подготовим комплект документов и заявление на вступление.
• Проконсультируем по специалистам НРС и требованиям выбранной СРО.
• Сопроводим рассмотрение документов и разберём замечания.

Строителям помогаем оформить членство в СРО для строительных работ. Проектировщикам — для подготовки проектной документации. Изыскателям — для инженерных изысканий. Если компании нужны несколько направлений, разберём каждое и согласуем общий порядок подготовки.

Компания МСМ специализируется на лицензировании, саморегулировании и подготовке специалистов. Разберём исходную ситуацию и объясним последовательность действий.

Напишите в чат «СРО» и укажите направление, регион регистрации и планируемые работы. Подскажем, какие документы подготовить в первую очередь.";images/sro.png;;;;NEW_REVIEW;https://nadosro.ru/;DRAFT_NOT_FOR_UPLOAD
mcm-nok-yoshkar-ola;72;Йошкар-Ола;НОК;nok;НОК НОСТРОЙ / НОПРИЗ — подготовка к экзамену;"Нужно пройти независимую оценку квалификации? МСМ помогает специалистам строительной отрасли подготовиться к экзамену и собрать документы для допуска к НОК.

Клиентам из города Йошкар-Ола. МСМ работает с заказчиками по всей России.

Чем поможем:
• Разберём вашу задачу и направление квалификации.
• Поможем собрать и подготовить документы.
• Организуем подготовку к экзамену.
• Сопроводим по организационным вопросам до получения результатов.

Работаем со специалистами по строительству, проектированию и инженерным изысканиям. Подготовка и сопровождение подбираются под вашу квалификацию и текущую ситуацию.

Компания МСМ специализируется на лицензировании, саморегулировании и подготовке специалистов. Разберём исходную ситуацию и объясним последовательность действий.

Напишите в чат «НОК» и укажите вашу специальность, город и желаемый срок прохождения. Подскажем, с чего начать.";images/nok.png;;;;NEW_REVIEW;https://nadosro.ru/nezavisimaya-oczenka-kvalifikaczii;DRAFT_NOT_FOR_UPLOAD
mcm-nrs-yoshkar-ola;72;Йошкар-Ола;НРС;nrs;Включение в НРС НОСТРОЙ / НОПРИЗ — помощь;"Планируете включение специалиста в национальный реестр? МСМ поможет проверить документы и подготовить заявление для НОСТРОЙ или НОПРИЗ.

Клиентам из города Йошкар-Ола. МСМ работает с заказчиками по всей России.

Чем поможем:
• Проведём предварительный разбор документов специалиста.
• Подскажем, какие сведения нужно дополнить.
• Поможем подготовить комплект документов и заявление.
• Сопроводим рассмотрение и разберём замечания при их наличии.

Помогаем специалистам строительных, проектных и изыскательских организаций. Если ранее получили отказ, разберём его причины и возможные дальнейшие действия.

Компания МСМ специализируется на лицензировании, саморегулировании и подготовке специалистов. Разберём исходную ситуацию и объясним последовательность действий.

Напишите в чат «НРС»: укажите направление, образование и стаж. Подскажем порядок подготовки документов.";images/nrs.png;;;;NEW_REVIEW;https://nadosro.ru/vnesenie-specialistov-v-nacionalnyj-reestr;DRAFT_NOT_FOR_UPLOAD
mcm-mchs-yoshkar-ola;72;Йошкар-Ола;Лицензия МЧС;mchs;Лицензия МЧС — помощь в оформлении;"Готовите компанию к получению лицензии МЧС? МСМ сопровождает оформление: от разбора вашей задачи до подготовки документов и взаимодействия по заявлению.

Клиентам из города Йошкар-Ола. МСМ работает с заказчиками по всей России.

Чем поможем:
• Определим перечень работ, по которым нужна лицензия.
• Поможем собрать документы компании и специалистов.
• Проконсультируем по оборудованию и его документальному оформлению.
• Подготовим к проверке и сопроводим процесс рассмотрения.

Работаем с организациями и ИП в сфере пожарной безопасности. Сначала выясним, какие работы вы планируете выполнять, какие специалисты и оборудование уже есть, затем составим план подготовки.

Компания МСМ специализируется на лицензировании, саморегулировании и подготовке специалистов. Разберём исходную ситуацию и объясним последовательность действий.

Напишите в чат «МЧС» и перечислите планируемые работы. Расскажем, какие документы понадобятся в вашей ситуации.";images/mchs.png;;;;NEW_REVIEW;https://nadosro.ru/license/poluchit-licenziyu-mchs;DRAFT_NOT_FOR_UPLOAD
mcm-giop-yoshkar-ola;72;Йошкар-Ола;Минкультуры / ГИОП;giop;Лицензия Минкультуры, ГИОП — оформление;"Нужна помощь с лицензией Минкультуры на реставрационные работы? МСМ сопровождает подготовку документов для деятельности по сохранению объектов культурного наследия. Это направление также ищут как «лицензия ГИОП».

Клиентам из города Йошкар-Ола. МСМ работает с заказчиками по всей России.

Чем поможем:
• Разберём перечень планируемых реставрационных работ.
• Поможем собрать и подготовить документы организации.
• Проконсультируем по квалификации и аттестации специалистов.
• Сопроводим подачу и рассмотрение заявления.

Работаем с компаниями из разных регионов России. Порядок подготовки определяем с учётом выбранных работ, состава специалистов и готовности документов.

Компания МСМ специализируется на лицензировании, саморегулировании и подготовке специалистов. Разберём исходную ситуацию и объясним последовательность действий.

Напишите в чат «ГИОП» и укажите виды работ. Подскажем дальнейшие шаги для вашей компании.";images/giop.png;;;;NEW_REVIEW;https://nadosro.ru/license/licenziya-minkultury;DRAFT_NOT_FOR_UPLOAD
mcm-sro-yoshkar-ola;72;Йошкар-Ола;СРО — три направления;sro;СРО: строительство, проектирование, изыскания;"Нужно вступить в СРО? МСМ поможет подобрать саморегулируемую организацию и подготовить документы для вашей компании или ИП. Сопровождаем три направления: строительство, проектирование и инженерные изыскания.

Клиентам из города Йошкар-Ола. МСМ работает с заказчиками по всей России.

Чем поможем:
• Разберём виды работ, регион регистрации и задачи компании.
• Поможем подобрать СРО по нужному направлению.
• Подготовим комплект документов и заявление на вступление.
• Проконсультируем по специалистам НРС и требованиям выбранной СРО.
• Сопроводим рассмотрение документов и разберём замечания.

Строителям помогаем оформить членство в СРО для строительных работ. Проектировщикам — для подготовки проектной документации. Изыскателям — для инженерных изысканий. Если компании нужны несколько направлений, разберём каждое и согласуем общий порядок подготовки.

Компания МСМ специализируется на лицензировании, саморегулировании и подготовке специалистов. Разберём исходную ситуацию и объясним последовательность действий.

Напишите в чат «СРО» и укажите направление, регион регистрации и планируемые работы. Подскажем, какие документы подготовить в первую очередь.";images/sro.png;;;;NEW_REVIEW;https://nadosro.ru/;DRAFT_NOT_FOR_UPLOAD
mcm-nok-komsomolsk-na-amure;73;Комсомольск-на-Амуре;НОК;nok;НОК НОСТРОЙ / НОПРИЗ — подготовка к экзамену;"Нужно пройти независимую оценку квалификации? МСМ помогает специалистам строительной отрасли подготовиться к экзамену и собрать документы для допуска к НОК.

Клиентам из города Комсомольск-на-Амуре. МСМ работает с заказчиками по всей России.

Чем поможем:
• Разберём вашу задачу и направление квалификации.
• Поможем собрать и подготовить документы.
• Организуем подготовку к экзамену.
• Сопроводим по организационным вопросам до получения результатов.

Работаем со специалистами по строительству, проектированию и инженерным изысканиям. Подготовка и сопровождение подбираются под вашу квалификацию и текущую ситуацию.

Компания МСМ специализируется на лицензировании, саморегулировании и подготовке специалистов. Разберём исходную ситуацию и объясним последовательность действий.

Напишите в чат «НОК» и укажите вашу специальность, город и желаемый срок прохождения. Подскажем, с чего начать.";images/nok.png;;;;NEW_REVIEW;https://nadosro.ru/nezavisimaya-oczenka-kvalifikaczii;DRAFT_NOT_FOR_UPLOAD
mcm-nrs-komsomolsk-na-amure;73;Комсомольск-на-Амуре;НРС;nrs;Включение в НРС НОСТРОЙ / НОПРИЗ — помощь;"Планируете включение специалиста в национальный реестр? МСМ поможет проверить документы и подготовить заявление для НОСТРОЙ или НОПРИЗ.

Клиентам из города Комсомольск-на-Амуре. МСМ работает с заказчиками по всей России.

Чем поможем:
• Проведём предварительный разбор документов специалиста.
• Подскажем, какие сведения нужно дополнить.
• Поможем подготовить комплект документов и заявление.
• Сопроводим рассмотрение и разберём замечания при их наличии.

Помогаем специалистам строительных, проектных и изыскательских организаций. Если ранее получили отказ, разберём его причины и возможные дальнейшие действия.

Компания МСМ специализируется на лицензировании, саморегулировании и подготовке специалистов. Разберём исходную ситуацию и объясним последовательность действий.

Напишите в чат «НРС»: укажите направление, образование и стаж. Подскажем порядок подготовки документов.";images/nrs.png;;;;NEW_REVIEW;https://nadosro.ru/vnesenie-specialistov-v-nacionalnyj-reestr;DRAFT_NOT_FOR_UPLOAD
mcm-mchs-komsomolsk-na-amure;73;Комсомольск-на-Амуре;Лицензия МЧС;mchs;Лицензия МЧС — помощь в оформлении;"Готовите компанию к получению лицензии МЧС? МСМ сопровождает оформление: от разбора вашей задачи до подготовки документов и взаимодействия по заявлению.

Клиентам из города Комсомольск-на-Амуре. МСМ работает с заказчиками по всей России.

Чем поможем:
• Определим перечень работ, по которым нужна лицензия.
• Поможем собрать документы компании и специалистов.
• Проконсультируем по оборудованию и его документальному оформлению.
• Подготовим к проверке и сопроводим процесс рассмотрения.

Работаем с организациями и ИП в сфере пожарной безопасности. Сначала выясним, какие работы вы планируете выполнять, какие специалисты и оборудование уже есть, затем составим план подготовки.

Компания МСМ специализируется на лицензировании, саморегулировании и подготовке специалистов. Разберём исходную ситуацию и объясним последовательность действий.

Напишите в чат «МЧС» и перечислите планируемые работы. Расскажем, какие документы понадобятся в вашей ситуации.";images/mchs.png;;;;NEW_REVIEW;https://nadosro.ru/license/poluchit-licenziyu-mchs;DRAFT_NOT_FOR_UPLOAD
mcm-giop-komsomolsk-na-amure;73;Комсомольск-на-Амуре;Минкультуры / ГИОП;giop;Лицензия Минкультуры, ГИОП — оформление;"Нужна помощь с лицензией Минкультуры на реставрационные работы? МСМ сопровождает подготовку документов для деятельности по сохранению объектов культурного наследия. Это направление также ищут как «лицензия ГИОП».

Клиентам из города Комсомольск-на-Амуре. МСМ работает с заказчиками по всей России.

Чем поможем:
• Разберём перечень планируемых реставрационных работ.
• Поможем собрать и подготовить документы организации.
• Проконсультируем по квалификации и аттестации специалистов.
• Сопроводим подачу и рассмотрение заявления.

Работаем с компаниями из разных регионов России. Порядок подготовки определяем с учётом выбранных работ, состава специалистов и готовности документов.

Компания МСМ специализируется на лицензировании, саморегулировании и подготовке специалистов. Разберём исходную ситуацию и объясним последовательность действий.

Напишите в чат «ГИОП» и укажите виды работ. Подскажем дальнейшие шаги для вашей компании.";images/giop.png;;;;NEW_REVIEW;https://nadosro.ru/license/licenziya-minkultury;DRAFT_NOT_FOR_UPLOAD
mcm-sro-komsomolsk-na-amure;73;Комсомольск-на-Амуре;СРО — три направления;sro;СРО: строительство, проектирование, изыскания;"Нужно вступить в СРО? МСМ поможет подобрать саморегулируемую организацию и подготовить документы для вашей компании или ИП. Сопровождаем три направления: строительство, проектирование и инженерные изыскания.

Клиентам из города Комсомольск-на-Амуре. МСМ работает с заказчиками по всей России.

Чем поможем:
• Разберём виды работ, регион регистрации и задачи компании.
• Поможем подобрать СРО по нужному направлению.
• Подготовим комплект документов и заявление на вступление.
• Проконсультируем по специалистам НРС и требованиям выбранной СРО.
• Сопроводим рассмотрение документов и разберём замечания.

Строителям помогаем оформить членство в СРО для строительных работ. Проектировщикам — для подготовки проектной документации. Изыскателям — для инженерных изысканий. Если компании нужны несколько направлений, разберём каждое и согласуем общий порядок подготовки.

Компания МСМ специализируется на лицензировании, саморегулировании и подготовке специалистов. Разберём исходную ситуацию и объясним последовательность действий.

Напишите в чат «СРО» и укажите направление, регион регистрации и планируемые работы. Подскажем, какие документы подготовить в первую очередь.";images/sro.png;;;;NEW_REVIEW;https://nadosro.ru/;DRAFT_NOT_FOR_UPLOAD
mcm-nok-taganrog;74;Таганрог;НОК;nok;НОК НОСТРОЙ / НОПРИЗ — подготовка к экзамену;"Нужно пройти независимую оценку квалификации? МСМ помогает специалистам строительной отрасли подготовиться к экзамену и собрать документы для допуска к НОК.

Клиентам из города Таганрог. МСМ работает с заказчиками по всей России.

Чем поможем:
• Разберём вашу задачу и направление квалификации.
• Поможем собрать и подготовить документы.
• Организуем подготовку к экзамену.
• Сопроводим по организационным вопросам до получения результатов.

Работаем со специалистами по строительству, проектированию и инженерным изысканиям. Подготовка и сопровождение подбираются под вашу квалификацию и текущую ситуацию.

Компания МСМ специализируется на лицензировании, саморегулировании и подготовке специалистов. Разберём исходную ситуацию и объясним последовательность действий.

Напишите в чат «НОК» и укажите вашу специальность, город и желаемый срок прохождения. Подскажем, с чего начать.";images/nok.png;;;;NEW_REVIEW;https://nadosro.ru/nezavisimaya-oczenka-kvalifikaczii;DRAFT_NOT_FOR_UPLOAD
mcm-nrs-taganrog;74;Таганрог;НРС;nrs;Включение в НРС НОСТРОЙ / НОПРИЗ — помощь;"Планируете включение специалиста в национальный реестр? МСМ поможет проверить документы и подготовить заявление для НОСТРОЙ или НОПРИЗ.

Клиентам из города Таганрог. МСМ работает с заказчиками по всей России.

Чем поможем:
• Проведём предварительный разбор документов специалиста.
• Подскажем, какие сведения нужно дополнить.
• Поможем подготовить комплект документов и заявление.
• Сопроводим рассмотрение и разберём замечания при их наличии.

Помогаем специалистам строительных, проектных и изыскательских организаций. Если ранее получили отказ, разберём его причины и возможные дальнейшие действия.

Компания МСМ специализируется на лицензировании, саморегулировании и подготовке специалистов. Разберём исходную ситуацию и объясним последовательность действий.

Напишите в чат «НРС»: укажите направление, образование и стаж. Подскажем порядок подготовки документов.";images/nrs.png;;;;NEW_REVIEW;https://nadosro.ru/vnesenie-specialistov-v-nacionalnyj-reestr;DRAFT_NOT_FOR_UPLOAD
mcm-mchs-taganrog;74;Таганрог;Лицензия МЧС;mchs;Лицензия МЧС — помощь в оформлении;"Готовите компанию к получению лицензии МЧС? МСМ сопровождает оформление: от разбора вашей задачи до подготовки документов и взаимодействия по заявлению.

Клиентам из города Таганрог. МСМ работает с заказчиками по всей России.

Чем поможем:
• Определим перечень работ, по которым нужна лицензия.
• Поможем собрать документы компании и специалистов.
• Проконсультируем по оборудованию и его документальному оформлению.
• Подготовим к проверке и сопроводим процесс рассмотрения.

Работаем с организациями и ИП в сфере пожарной безопасности. Сначала выясним, какие работы вы планируете выполнять, какие специалисты и оборудование уже есть, затем составим план подготовки.

Компания МСМ специализируется на лицензировании, саморегулировании и подготовке специалистов. Разберём исходную ситуацию и объясним последовательность действий.

Напишите в чат «МЧС» и перечислите планируемые работы. Расскажем, какие документы понадобятся в вашей ситуации.";images/mchs.png;;;;NEW_REVIEW;https://nadosro.ru/license/poluchit-licenziyu-mchs;DRAFT_NOT_FOR_UPLOAD
mcm-giop-taganrog;74;Таганрог;Минкультуры / ГИОП;giop;Лицензия Минкультуры, ГИОП — оформление;"Нужна помощь с лицензией Минкультуры на реставрационные работы? МСМ сопровождает подготовку документов для деятельности по сохранению объектов культурного наследия. Это направление также ищут как «лицензия ГИОП».

Клиентам из города Таганрог. МСМ работает с заказчиками по всей России.

Чем поможем:
• Разберём перечень планируемых реставрационных работ.
• Поможем собрать и подготовить документы организации.
• Проконсультируем по квалификации и аттестации специалистов.
• Сопроводим подачу и рассмотрение заявления.

Работаем с компаниями из разных регионов России. Порядок подготовки определяем с учётом выбранных работ, состава специалистов и готовности документов.

Компания МСМ специализируется на лицензировании, саморегулировании и подготовке специалистов. Разберём исходную ситуацию и объясним последовательность действий.

Напишите в чат «ГИОП» и укажите виды работ. Подскажем дальнейшие шаги для вашей компании.";images/giop.png;;;;NEW_REVIEW;https://nadosro.ru/license/licenziya-minkultury;DRAFT_NOT_FOR_UPLOAD
mcm-sro-taganrog;74;Таганрог;СРО — три направления;sro;СРО: строительство, проектирование, изыскания;"Нужно вступить в СРО? МСМ поможет подобрать саморегулируемую организацию и подготовить документы для вашей компании или ИП. Сопровождаем три направления: строительство, проектирование и инженерные изыскания.

Клиентам из города Таганрог. МСМ работает с заказчиками по всей России.

Чем поможем:
• Разберём виды работ, регион регистрации и задачи компании.
• Поможем подобрать СРО по нужному направлению.
• Подготовим комплект документов и заявление на вступление.
• Проконсультируем по специалистам НРС и требованиям выбранной СРО.
• Сопроводим рассмотрение документов и разберём замечания.

Строителям помогаем оформить членство в СРО для строительных работ. Проектировщикам — для подготовки проектной документации. Изыскателям — для инженерных изысканий. Если компании нужны несколько направлений, разберём каждое и согласуем общий порядок подготовки.

Компания МСМ специализируется на лицензировании, саморегулировании и подготовке специалистов. Разберём исходную ситуацию и объясним последовательность действий.

Напишите в чат «СРО» и укажите направление, регион регистрации и планируемые работы. Подскажем, какие документы подготовить в первую очередь.";images/sro.png;;;;NEW_REVIEW;https://nadosro.ru/;DRAFT_NOT_FOR_UPLOAD
mcm-nok-syktyvkar;75;Сыктывкар;НОК;nok;НОК НОСТРОЙ / НОПРИЗ — подготовка к экзамену;"Нужно пройти независимую оценку квалификации? МСМ помогает специалистам строительной отрасли подготовиться к экзамену и собрать документы для допуска к НОК.

Клиентам из города Сыктывкар. МСМ работает с заказчиками по всей России.

Чем поможем:
• Разберём вашу задачу и направление квалификации.
• Поможем собрать и подготовить документы.
• Организуем подготовку к экзамену.
• Сопроводим по организационным вопросам до получения результатов.

Работаем со специалистами по строительству, проектированию и инженерным изысканиям. Подготовка и сопровождение подбираются под вашу квалификацию и текущую ситуацию.

Компания МСМ специализируется на лицензировании, саморегулировании и подготовке специалистов. Разберём исходную ситуацию и объясним последовательность действий.

Напишите в чат «НОК» и укажите вашу специальность, город и желаемый срок прохождения. Подскажем, с чего начать.";images/nok.png;;;;NEW_REVIEW;https://nadosro.ru/nezavisimaya-oczenka-kvalifikaczii;DRAFT_NOT_FOR_UPLOAD
mcm-nrs-syktyvkar;75;Сыктывкар;НРС;nrs;Включение в НРС НОСТРОЙ / НОПРИЗ — помощь;"Планируете включение специалиста в национальный реестр? МСМ поможет проверить документы и подготовить заявление для НОСТРОЙ или НОПРИЗ.

Клиентам из города Сыктывкар. МСМ работает с заказчиками по всей России.

Чем поможем:
• Проведём предварительный разбор документов специалиста.
• Подскажем, какие сведения нужно дополнить.
• Поможем подготовить комплект документов и заявление.
• Сопроводим рассмотрение и разберём замечания при их наличии.

Помогаем специалистам строительных, проектных и изыскательских организаций. Если ранее получили отказ, разберём его причины и возможные дальнейшие действия.

Компания МСМ специализируется на лицензировании, саморегулировании и подготовке специалистов. Разберём исходную ситуацию и объясним последовательность действий.

Напишите в чат «НРС»: укажите направление, образование и стаж. Подскажем порядок подготовки документов.";images/nrs.png;;;;NEW_REVIEW;https://nadosro.ru/vnesenie-specialistov-v-nacionalnyj-reestr;DRAFT_NOT_FOR_UPLOAD
mcm-mchs-syktyvkar;75;Сыктывкар;Лицензия МЧС;mchs;Лицензия МЧС — помощь в оформлении;"Готовите компанию к получению лицензии МЧС? МСМ сопровождает оформление: от разбора вашей задачи до подготовки документов и взаимодействия по заявлению.

Клиентам из города Сыктывкар. МСМ работает с заказчиками по всей России.

Чем поможем:
• Определим перечень работ, по которым нужна лицензия.
• Поможем собрать документы компании и специалистов.
• Проконсультируем по оборудованию и его документальному оформлению.
• Подготовим к проверке и сопроводим процесс рассмотрения.

Работаем с организациями и ИП в сфере пожарной безопасности. Сначала выясним, какие работы вы планируете выполнять, какие специалисты и оборудование уже есть, затем составим план подготовки.

Компания МСМ специализируется на лицензировании, саморегулировании и подготовке специалистов. Разберём исходную ситуацию и объясним последовательность действий.

Напишите в чат «МЧС» и перечислите планируемые работы. Расскажем, какие документы понадобятся в вашей ситуации.";images/mchs.png;;;;NEW_REVIEW;https://nadosro.ru/license/poluchit-licenziyu-mchs;DRAFT_NOT_FOR_UPLOAD
mcm-giop-syktyvkar;75;Сыктывкар;Минкультуры / ГИОП;giop;Лицензия Минкультуры, ГИОП — оформление;"Нужна помощь с лицензией Минкультуры на реставрационные работы? МСМ сопровождает подготовку документов для деятельности по сохранению объектов культурного наследия. Это направление также ищут как «лицензия ГИОП».

Клиентам из города Сыктывкар. МСМ работает с заказчиками по всей России.

Чем поможем:
• Разберём перечень планируемых реставрационных работ.
• Поможем собрать и подготовить документы организации.
• Проконсультируем по квалификации и аттестации специалистов.
• Сопроводим подачу и рассмотрение заявления.

Работаем с компаниями из разных регионов России. Порядок подготовки определяем с учётом выбранных работ, состава специалистов и готовности документов.

Компания МСМ специализируется на лицензировании, саморегулировании и подготовке специалистов. Разберём исходную ситуацию и объясним последовательность действий.

Напишите в чат «ГИОП» и укажите виды работ. Подскажем дальнейшие шаги для вашей компании.";images/giop.png;;;;NEW_REVIEW;https://nadosro.ru/license/licenziya-minkultury;DRAFT_NOT_FOR_UPLOAD
mcm-sro-syktyvkar;75;Сыктывкар;СРО — три направления;sro;СРО: строительство, проектирование, изыскания;"Нужно вступить в СРО? МСМ поможет подобрать саморегулируемую организацию и подготовить документы для вашей компании или ИП. Сопровождаем три направления: строительство, проектирование и инженерные изыскания.

Клиентам из города Сыктывкар. МСМ работает с заказчиками по всей России.

Чем поможем:
• Разберём виды работ, регион регистрации и задачи компании.
• Поможем подобрать СРО по нужному направлению.
• Подготовим комплект документов и заявление на вступление.
• Проконсультируем по специалистам НРС и требованиям выбранной СРО.
• Сопроводим рассмотрение документов и разберём замечания.

Строителям помогаем оформить членство в СРО для строительных работ. Проектировщикам — для подготовки проектной документации. Изыскателям — для инженерных изысканий. Если компании нужны несколько направлений, разберём каждое и согласуем общий порядок подготовки.

Компания МСМ специализируется на лицензировании, саморегулировании и подготовке специалистов. Разберём исходную ситуацию и объясним последовательность действий.

Напишите в чат «СРО» и укажите направление, регион регистрации и планируемые работы. Подскажем, какие документы подготовить в первую очередь.";images/sro.png;;;;NEW_REVIEW;https://nadosro.ru/;DRAFT_NOT_FOR_UPLOAD
mcm-nok-nalchik;76;Нальчик;НОК;nok;НОК НОСТРОЙ / НОПРИЗ — подготовка к экзамену;"Нужно пройти независимую оценку квалификации? МСМ помогает специалистам строительной отрасли подготовиться к экзамену и собрать документы для допуска к НОК.

Клиентам из города Нальчик. МСМ работает с заказчиками по всей России.

Чем поможем:
• Разберём вашу задачу и направление квалификации.
• Поможем собрать и подготовить документы.
• Организуем подготовку к экзамену.
• Сопроводим по организационным вопросам до получения результатов.

Работаем со специалистами по строительству, проектированию и инженерным изысканиям. Подготовка и сопровождение подбираются под вашу квалификацию и текущую ситуацию.

Компания МСМ специализируется на лицензировании, саморегулировании и подготовке специалистов. Разберём исходную ситуацию и объясним последовательность действий.

Напишите в чат «НОК» и укажите вашу специальность, город и желаемый срок прохождения. Подскажем, с чего начать.";images/nok.png;;;;NEW_REVIEW;https://nadosro.ru/nezavisimaya-oczenka-kvalifikaczii;DRAFT_NOT_FOR_UPLOAD
mcm-nrs-nalchik;76;Нальчик;НРС;nrs;Включение в НРС НОСТРОЙ / НОПРИЗ — помощь;"Планируете включение специалиста в национальный реестр? МСМ поможет проверить документы и подготовить заявление для НОСТРОЙ или НОПРИЗ.

Клиентам из города Нальчик. МСМ работает с заказчиками по всей России.

Чем поможем:
• Проведём предварительный разбор документов специалиста.
• Подскажем, какие сведения нужно дополнить.
• Поможем подготовить комплект документов и заявление.
• Сопроводим рассмотрение и разберём замечания при их наличии.

Помогаем специалистам строительных, проектных и изыскательских организаций. Если ранее получили отказ, разберём его причины и возможные дальнейшие действия.

Компания МСМ специализируется на лицензировании, саморегулировании и подготовке специалистов. Разберём исходную ситуацию и объясним последовательность действий.

Напишите в чат «НРС»: укажите направление, образование и стаж. Подскажем порядок подготовки документов.";images/nrs.png;;;;NEW_REVIEW;https://nadosro.ru/vnesenie-specialistov-v-nacionalnyj-reestr;DRAFT_NOT_FOR_UPLOAD
mcm-mchs-nalchik;76;Нальчик;Лицензия МЧС;mchs;Лицензия МЧС — помощь в оформлении;"Готовите компанию к получению лицензии МЧС? МСМ сопровождает оформление: от разбора вашей задачи до подготовки документов и взаимодействия по заявлению.

Клиентам из города Нальчик. МСМ работает с заказчиками по всей России.

Чем поможем:
• Определим перечень работ, по которым нужна лицензия.
• Поможем собрать документы компании и специалистов.
• Проконсультируем по оборудованию и его документальному оформлению.
• Подготовим к проверке и сопроводим процесс рассмотрения.

Работаем с организациями и ИП в сфере пожарной безопасности. Сначала выясним, какие работы вы планируете выполнять, какие специалисты и оборудование уже есть, затем составим план подготовки.

Компания МСМ специализируется на лицензировании, саморегулировании и подготовке специалистов. Разберём исходную ситуацию и объясним последовательность действий.

Напишите в чат «МЧС» и перечислите планируемые работы. Расскажем, какие документы понадобятся в вашей ситуации.";images/mchs.png;;;;NEW_REVIEW;https://nadosro.ru/license/poluchit-licenziyu-mchs;DRAFT_NOT_FOR_UPLOAD
mcm-giop-nalchik;76;Нальчик;Минкультуры / ГИОП;giop;Лицензия Минкультуры, ГИОП — оформление;"Нужна помощь с лицензией Минкультуры на реставрационные работы? МСМ сопровождает подготовку документов для деятельности по сохранению объектов культурного наследия. Это направление также ищут как «лицензия ГИОП».

Клиентам из города Нальчик. МСМ работает с заказчиками по всей России.

Чем поможем:
• Разберём перечень планируемых реставрационных работ.
• Поможем собрать и подготовить документы организации.
• Проконсультируем по квалификации и аттестации специалистов.
• Сопроводим подачу и рассмотрение заявления.

Работаем с компаниями из разных регионов России. Порядок подготовки определяем с учётом выбранных работ, состава специалистов и готовности документов.

Компания МСМ специализируется на лицензировании, саморегулировании и подготовке специалистов. Разберём исходную ситуацию и объясним последовательность действий.

Напишите в чат «ГИОП» и укажите виды работ. Подскажем дальнейшие шаги для вашей компании.";images/giop.png;;;;NEW_REVIEW;https://nadosro.ru/license/licenziya-minkultury;DRAFT_NOT_FOR_UPLOAD
mcm-sro-nalchik;76;Нальчик;СРО — три направления;sro;СРО: строительство, проектирование, изыскания;"Нужно вступить в СРО? МСМ поможет подобрать саморегулируемую организацию и подготовить документы для вашей компании или ИП. Сопровождаем три направления: строительство, проектирование и инженерные изыскания.

Клиентам из города Нальчик. МСМ работает с заказчиками по всей России.

Чем поможем:
• Разберём виды работ, регион регистрации и задачи компании.
• Поможем подобрать СРО по нужному направлению.
• Подготовим комплект документов и заявление на вступление.
• Проконсультируем по специалистам НРС и требованиям выбранной СРО.
• Сопроводим рассмотрение документов и разберём замечания.

Строителям помогаем оформить членство в СРО для строительных работ. Проектировщикам — для подготовки проектной документации. Изыскателям — для инженерных изысканий. Если компании нужны несколько направлений, разберём каждое и согласуем общий порядок подготовки.

Компания МСМ специализируется на лицензировании, саморегулировании и подготовке специалистов. Разберём исходную ситуацию и объясним последовательность действий.

Напишите в чат «СРО» и укажите направление, регион регистрации и планируемые работы. Подскажем, какие документы подготовить в первую очередь.";images/sro.png;;;;NEW_REVIEW;https://nadosro.ru/;DRAFT_NOT_FOR_UPLOAD
mcm-nok-nizhnekamsk;77;Нижнекамск;НОК;nok;НОК НОСТРОЙ / НОПРИЗ — подготовка к экзамену;"Нужно пройти независимую оценку квалификации? МСМ помогает специалистам строительной отрасли подготовиться к экзамену и собрать документы для допуска к НОК.

Клиентам из города Нижнекамск. МСМ работает с заказчиками по всей России.

Чем поможем:
• Разберём вашу задачу и направление квалификации.
• Поможем собрать и подготовить документы.
• Организуем подготовку к экзамену.
• Сопроводим по организационным вопросам до получения результатов.

Работаем со специалистами по строительству, проектированию и инженерным изысканиям. Подготовка и сопровождение подбираются под вашу квалификацию и текущую ситуацию.

Компания МСМ специализируется на лицензировании, саморегулировании и подготовке специалистов. Разберём исходную ситуацию и объясним последовательность действий.

Напишите в чат «НОК» и укажите вашу специальность, город и желаемый срок прохождения. Подскажем, с чего начать.";images/nok.png;;;;NEW_REVIEW;https://nadosro.ru/nezavisimaya-oczenka-kvalifikaczii;DRAFT_NOT_FOR_UPLOAD
mcm-nrs-nizhnekamsk;77;Нижнекамск;НРС;nrs;Включение в НРС НОСТРОЙ / НОПРИЗ — помощь;"Планируете включение специалиста в национальный реестр? МСМ поможет проверить документы и подготовить заявление для НОСТРОЙ или НОПРИЗ.

Клиентам из города Нижнекамск. МСМ работает с заказчиками по всей России.

Чем поможем:
• Проведём предварительный разбор документов специалиста.
• Подскажем, какие сведения нужно дополнить.
• Поможем подготовить комплект документов и заявление.
• Сопроводим рассмотрение и разберём замечания при их наличии.

Помогаем специалистам строительных, проектных и изыскательских организаций. Если ранее получили отказ, разберём его причины и возможные дальнейшие действия.

Компания МСМ специализируется на лицензировании, саморегулировании и подготовке специалистов. Разберём исходную ситуацию и объясним последовательность действий.

Напишите в чат «НРС»: укажите направление, образование и стаж. Подскажем порядок подготовки документов.";images/nrs.png;;;;NEW_REVIEW;https://nadosro.ru/vnesenie-specialistov-v-nacionalnyj-reestr;DRAFT_NOT_FOR_UPLOAD
mcm-mchs-nizhnekamsk;77;Нижнекамск;Лицензия МЧС;mchs;Лицензия МЧС — помощь в оформлении;"Готовите компанию к получению лицензии МЧС? МСМ сопровождает оформление: от разбора вашей задачи до подготовки документов и взаимодействия по заявлению.

Клиентам из города Нижнекамск. МСМ работает с заказчиками по всей России.

Чем поможем:
• Определим перечень работ, по которым нужна лицензия.
• Поможем собрать документы компании и специалистов.
• Проконсультируем по оборудованию и его документальному оформлению.
• Подготовим к проверке и сопроводим процесс рассмотрения.

Работаем с организациями и ИП в сфере пожарной безопасности. Сначала выясним, какие работы вы планируете выполнять, какие специалисты и оборудование уже есть, затем составим план подготовки.

Компания МСМ специализируется на лицензировании, саморегулировании и подготовке специалистов. Разберём исходную ситуацию и объясним последовательность действий.

Напишите в чат «МЧС» и перечислите планируемые работы. Расскажем, какие документы понадобятся в вашей ситуации.";images/mchs.png;;;;NEW_REVIEW;https://nadosro.ru/license/poluchit-licenziyu-mchs;DRAFT_NOT_FOR_UPLOAD
mcm-giop-nizhnekamsk;77;Нижнекамск;Минкультуры / ГИОП;giop;Лицензия Минкультуры, ГИОП — оформление;"Нужна помощь с лицензией Минкультуры на реставрационные работы? МСМ сопровождает подготовку документов для деятельности по сохранению объектов культурного наследия. Это направление также ищут как «лицензия ГИОП».

Клиентам из города Нижнекамск. МСМ работает с заказчиками по всей России.

Чем поможем:
• Разберём перечень планируемых реставрационных работ.
• Поможем собрать и подготовить документы организации.
• Проконсультируем по квалификации и аттестации специалистов.
• Сопроводим подачу и рассмотрение заявления.

Работаем с компаниями из разных регионов России. Порядок подготовки определяем с учётом выбранных работ, состава специалистов и готовности документов.

Компания МСМ специализируется на лицензировании, саморегулировании и подготовке специалистов. Разберём исходную ситуацию и объясним последовательность действий.

Напишите в чат «ГИОП» и укажите виды работ. Подскажем дальнейшие шаги для вашей компании.";images/giop.png;;;;NEW_REVIEW;https://nadosro.ru/license/licenziya-minkultury;DRAFT_NOT_FOR_UPLOAD
mcm-sro-nizhnekamsk;77;Нижнекамск;СРО — три направления;sro;СРО: строительство, проектирование, изыскания;"Нужно вступить в СРО? МСМ поможет подобрать саморегулируемую организацию и подготовить документы для вашей компании или ИП. Сопровождаем три направления: строительство, проектирование и инженерные изыскания.

Клиентам из города Нижнекамск. МСМ работает с заказчиками по всей России.

Чем поможем:
• Разберём виды работ, регион регистрации и задачи компании.
• Поможем подобрать СРО по нужному направлению.
• Подготовим комплект документов и заявление на вступление.
• Проконсультируем по специалистам НРС и требованиям выбранной СРО.
• Сопроводим рассмотрение документов и разберём замечания.

Строителям помогаем оформить членство в СРО для строительных работ. Проектировщикам — для подготовки проектной документации. Изыскателям — для инженерных изысканий. Если компании нужны несколько направлений, разберём каждое и согласуем общий порядок подготовки.

Компания МСМ специализируется на лицензировании, саморегулировании и подготовке специалистов. Разберём исходную ситуацию и объясним последовательность действий.

Напишите в чат «СРО» и укажите направление, регион регистрации и планируемые работы. Подскажем, какие документы подготовить в первую очередь.";images/sro.png;;;;NEW_REVIEW;https://nadosro.ru/;DRAFT_NOT_FOR_UPLOAD
mcm-nok-shahty;78;Шахты;НОК;nok;НОК НОСТРОЙ / НОПРИЗ — подготовка к экзамену;"Нужно пройти независимую оценку квалификации? МСМ помогает специалистам строительной отрасли подготовиться к экзамену и собрать документы для допуска к НОК.

Клиентам из города Шахты. МСМ работает с заказчиками по всей России.

Чем поможем:
• Разберём вашу задачу и направление квалификации.
• Поможем собрать и подготовить документы.
• Организуем подготовку к экзамену.
• Сопроводим по организационным вопросам до получения результатов.

Работаем со специалистами по строительству, проектированию и инженерным изысканиям. Подготовка и сопровождение подбираются под вашу квалификацию и текущую ситуацию.

Компания МСМ специализируется на лицензировании, саморегулировании и подготовке специалистов. Разберём исходную ситуацию и объясним последовательность действий.

Напишите в чат «НОК» и укажите вашу специальность, город и желаемый срок прохождения. Подскажем, с чего начать.";images/nok.png;;;;NEW_REVIEW;https://nadosro.ru/nezavisimaya-oczenka-kvalifikaczii;DRAFT_NOT_FOR_UPLOAD
mcm-nrs-shahty;78;Шахты;НРС;nrs;Включение в НРС НОСТРОЙ / НОПРИЗ — помощь;"Планируете включение специалиста в национальный реестр? МСМ поможет проверить документы и подготовить заявление для НОСТРОЙ или НОПРИЗ.

Клиентам из города Шахты. МСМ работает с заказчиками по всей России.

Чем поможем:
• Проведём предварительный разбор документов специалиста.
• Подскажем, какие сведения нужно дополнить.
• Поможем подготовить комплект документов и заявление.
• Сопроводим рассмотрение и разберём замечания при их наличии.

Помогаем специалистам строительных, проектных и изыскательских организаций. Если ранее получили отказ, разберём его причины и возможные дальнейшие действия.

Компания МСМ специализируется на лицензировании, саморегулировании и подготовке специалистов. Разберём исходную ситуацию и объясним последовательность действий.

Напишите в чат «НРС»: укажите направление, образование и стаж. Подскажем порядок подготовки документов.";images/nrs.png;;;;NEW_REVIEW;https://nadosro.ru/vnesenie-specialistov-v-nacionalnyj-reestr;DRAFT_NOT_FOR_UPLOAD
mcm-mchs-shahty;78;Шахты;Лицензия МЧС;mchs;Лицензия МЧС — помощь в оформлении;"Готовите компанию к получению лицензии МЧС? МСМ сопровождает оформление: от разбора вашей задачи до подготовки документов и взаимодействия по заявлению.

Клиентам из города Шахты. МСМ работает с заказчиками по всей России.

Чем поможем:
• Определим перечень работ, по которым нужна лицензия.
• Поможем собрать документы компании и специалистов.
• Проконсультируем по оборудованию и его документальному оформлению.
• Подготовим к проверке и сопроводим процесс рассмотрения.

Работаем с организациями и ИП в сфере пожарной безопасности. Сначала выясним, какие работы вы планируете выполнять, какие специалисты и оборудование уже есть, затем составим план подготовки.

Компания МСМ специализируется на лицензировании, саморегулировании и подготовке специалистов. Разберём исходную ситуацию и объясним последовательность действий.

Напишите в чат «МЧС» и перечислите планируемые работы. Расскажем, какие документы понадобятся в вашей ситуации.";images/mchs.png;;;;NEW_REVIEW;https://nadosro.ru/license/poluchit-licenziyu-mchs;DRAFT_NOT_FOR_UPLOAD
mcm-giop-shahty;78;Шахты;Минкультуры / ГИОП;giop;Лицензия Минкультуры, ГИОП — оформление;"Нужна помощь с лицензией Минкультуры на реставрационные работы? МСМ сопровождает подготовку документов для деятельности по сохранению объектов культурного наследия. Это направление также ищут как «лицензия ГИОП».

Клиентам из города Шахты. МСМ работает с заказчиками по всей России.

Чем поможем:
• Разберём перечень планируемых реставрационных работ.
• Поможем собрать и подготовить документы организации.
• Проконсультируем по квалификации и аттестации специалистов.
• Сопроводим подачу и рассмотрение заявления.

Работаем с компаниями из разных регионов России. Порядок подготовки определяем с учётом выбранных работ, состава специалистов и готовности документов.

Компания МСМ специализируется на лицензировании, саморегулировании и подготовке специалистов. Разберём исходную ситуацию и объясним последовательность действий.

Напишите в чат «ГИОП» и укажите виды работ. Подскажем дальнейшие шаги для вашей компании.";images/giop.png;;;;NEW_REVIEW;https://nadosro.ru/license/licenziya-minkultury;DRAFT_NOT_FOR_UPLOAD
mcm-sro-shahty;78;Шахты;СРО — три направления;sro;СРО: строительство, проектирование, изыскания;"Нужно вступить в СРО? МСМ поможет подобрать саморегулируемую организацию и подготовить документы для вашей компании или ИП. Сопровождаем три направления: строительство, проектирование и инженерные изыскания.

Клиентам из города Шахты. МСМ работает с заказчиками по всей России.

Чем поможем:
• Разберём виды работ, регион регистрации и задачи компании.
• Поможем подобрать СРО по нужному направлению.
• Подготовим комплект документов и заявление на вступление.
• Проконсультируем по специалистам НРС и требованиям выбранной СРО.
• Сопроводим рассмотрение документов и разберём замечания.

Строителям помогаем оформить членство в СРО для строительных работ. Проектировщикам — для подготовки проектной документации. Изыскателям — для инженерных изысканий. Если компании нужны несколько направлений, разберём каждое и согласуем общий порядок подготовки.

Компания МСМ специализируется на лицензировании, саморегулировании и подготовке специалистов. Разберём исходную ситуацию и объясним последовательность действий.

Напишите в чат «СРО» и укажите направление, регион регистрации и планируемые работы. Подскажем, какие документы подготовить в первую очередь.";images/sro.png;;;;NEW_REVIEW;https://nadosro.ru/;DRAFT_NOT_FOR_UPLOAD
mcm-nok-dzerzhinsk;79;Дзержинск;НОК;nok;НОК НОСТРОЙ / НОПРИЗ — подготовка к экзамену;"Нужно пройти независимую оценку квалификации? МСМ помогает специалистам строительной отрасли подготовиться к экзамену и собрать документы для допуска к НОК.

Клиентам из города Дзержинск. МСМ работает с заказчиками по всей России.

Чем поможем:
• Разберём вашу задачу и направление квалификации.
• Поможем собрать и подготовить документы.
• Организуем подготовку к экзамену.
• Сопроводим по организационным вопросам до получения результатов.

Работаем со специалистами по строительству, проектированию и инженерным изысканиям. Подготовка и сопровождение подбираются под вашу квалификацию и текущую ситуацию.

Компания МСМ специализируется на лицензировании, саморегулировании и подготовке специалистов. Разберём исходную ситуацию и объясним последовательность действий.

Напишите в чат «НОК» и укажите вашу специальность, город и желаемый срок прохождения. Подскажем, с чего начать.";images/nok.png;;;;NEW_REVIEW;https://nadosro.ru/nezavisimaya-oczenka-kvalifikaczii;DRAFT_NOT_FOR_UPLOAD
mcm-nrs-dzerzhinsk;79;Дзержинск;НРС;nrs;Включение в НРС НОСТРОЙ / НОПРИЗ — помощь;"Планируете включение специалиста в национальный реестр? МСМ поможет проверить документы и подготовить заявление для НОСТРОЙ или НОПРИЗ.

Клиентам из города Дзержинск. МСМ работает с заказчиками по всей России.

Чем поможем:
• Проведём предварительный разбор документов специалиста.
• Подскажем, какие сведения нужно дополнить.
• Поможем подготовить комплект документов и заявление.
• Сопроводим рассмотрение и разберём замечания при их наличии.

Помогаем специалистам строительных, проектных и изыскательских организаций. Если ранее получили отказ, разберём его причины и возможные дальнейшие действия.

Компания МСМ специализируется на лицензировании, саморегулировании и подготовке специалистов. Разберём исходную ситуацию и объясним последовательность действий.

Напишите в чат «НРС»: укажите направление, образование и стаж. Подскажем порядок подготовки документов.";images/nrs.png;;;;NEW_REVIEW;https://nadosro.ru/vnesenie-specialistov-v-nacionalnyj-reestr;DRAFT_NOT_FOR_UPLOAD
mcm-mchs-dzerzhinsk;79;Дзержинск;Лицензия МЧС;mchs;Лицензия МЧС — помощь в оформлении;"Готовите компанию к получению лицензии МЧС? МСМ сопровождает оформление: от разбора вашей задачи до подготовки документов и взаимодействия по заявлению.

Клиентам из города Дзержинск. МСМ работает с заказчиками по всей России.

Чем поможем:
• Определим перечень работ, по которым нужна лицензия.
• Поможем собрать документы компании и специалистов.
• Проконсультируем по оборудованию и его документальному оформлению.
• Подготовим к проверке и сопроводим процесс рассмотрения.

Работаем с организациями и ИП в сфере пожарной безопасности. Сначала выясним, какие работы вы планируете выполнять, какие специалисты и оборудование уже есть, затем составим план подготовки.

Компания МСМ специализируется на лицензировании, саморегулировании и подготовке специалистов. Разберём исходную ситуацию и объясним последовательность действий.

Напишите в чат «МЧС» и перечислите планируемые работы. Расскажем, какие документы понадобятся в вашей ситуации.";images/mchs.png;;;;NEW_REVIEW;https://nadosro.ru/license/poluchit-licenziyu-mchs;DRAFT_NOT_FOR_UPLOAD
mcm-giop-dzerzhinsk;79;Дзержинск;Минкультуры / ГИОП;giop;Лицензия Минкультуры, ГИОП — оформление;"Нужна помощь с лицензией Минкультуры на реставрационные работы? МСМ сопровождает подготовку документов для деятельности по сохранению объектов культурного наследия. Это направление также ищут как «лицензия ГИОП».

Клиентам из города Дзержинск. МСМ работает с заказчиками по всей России.

Чем поможем:
• Разберём перечень планируемых реставрационных работ.
• Поможем собрать и подготовить документы организации.
• Проконсультируем по квалификации и аттестации специалистов.
• Сопроводим подачу и рассмотрение заявления.

Работаем с компаниями из разных регионов России. Порядок подготовки определяем с учётом выбранных работ, состава специалистов и готовности документов.

Компания МСМ специализируется на лицензировании, саморегулировании и подготовке специалистов. Разберём исходную ситуацию и объясним последовательность действий.

Напишите в чат «ГИОП» и укажите виды работ. Подскажем дальнейшие шаги для вашей компании.";images/giop.png;;;;NEW_REVIEW;https://nadosro.ru/license/licenziya-minkultury;DRAFT_NOT_FOR_UPLOAD
mcm-sro-dzerzhinsk;79;Дзержинск;СРО — три направления;sro;СРО: строительство, проектирование, изыскания;"Нужно вступить в СРО? МСМ поможет подобрать саморегулируемую организацию и подготовить документы для вашей компании или ИП. Сопровождаем три направления: строительство, проектирование и инженерные изыскания.

Клиентам из города Дзержинск. МСМ работает с заказчиками по всей России.

Чем поможем:
• Разберём виды работ, регион регистрации и задачи компании.
• Поможем подобрать СРО по нужному направлению.
• Подготовим комплект документов и заявление на вступление.
• Проконсультируем по специалистам НРС и требованиям выбранной СРО.
• Сопроводим рассмотрение документов и разберём замечания.

Строителям помогаем оформить членство в СРО для строительных работ. Проектировщикам — для подготовки проектной документации. Изыскателям — для инженерных изысканий. Если компании нужны несколько направлений, разберём каждое и согласуем общий порядок подготовки.

Компания МСМ специализируется на лицензировании, саморегулировании и подготовке специалистов. Разберём исходную ситуацию и объясним последовательность действий.

Напишите в чат «СРО» и укажите направление, регион регистрации и планируемые работы. Подскажем, какие документы подготовить в первую очередь.";images/sro.png;;;;NEW_REVIEW;https://nadosro.ru/;DRAFT_NOT_FOR_UPLOAD
mcm-nok-blagoveschensk;80;Благовещенск;НОК;nok;НОК НОСТРОЙ / НОПРИЗ — подготовка к экзамену;"Нужно пройти независимую оценку квалификации? МСМ помогает специалистам строительной отрасли подготовиться к экзамену и собрать документы для допуска к НОК.

Клиентам из города Благовещенск. МСМ работает с заказчиками по всей России.

Чем поможем:
• Разберём вашу задачу и направление квалификации.
• Поможем собрать и подготовить документы.
• Организуем подготовку к экзамену.
• Сопроводим по организационным вопросам до получения результатов.

Работаем со специалистами по строительству, проектированию и инженерным изысканиям. Подготовка и сопровождение подбираются под вашу квалификацию и текущую ситуацию.

Компания МСМ специализируется на лицензировании, саморегулировании и подготовке специалистов. Разберём исходную ситуацию и объясним последовательность действий.

Напишите в чат «НОК» и укажите вашу специальность, город и желаемый срок прохождения. Подскажем, с чего начать.";images/nok.png;;;;NEW_REVIEW;https://nadosro.ru/nezavisimaya-oczenka-kvalifikaczii;DRAFT_NOT_FOR_UPLOAD
mcm-nrs-blagoveschensk;80;Благовещенск;НРС;nrs;Включение в НРС НОСТРОЙ / НОПРИЗ — помощь;"Планируете включение специалиста в национальный реестр? МСМ поможет проверить документы и подготовить заявление для НОСТРОЙ или НОПРИЗ.

Клиентам из города Благовещенск. МСМ работает с заказчиками по всей России.

Чем поможем:
• Проведём предварительный разбор документов специалиста.
• Подскажем, какие сведения нужно дополнить.
• Поможем подготовить комплект документов и заявление.
• Сопроводим рассмотрение и разберём замечания при их наличии.

Помогаем специалистам строительных, проектных и изыскательских организаций. Если ранее получили отказ, разберём его причины и возможные дальнейшие действия.

Компания МСМ специализируется на лицензировании, саморегулировании и подготовке специалистов. Разберём исходную ситуацию и объясним последовательность действий.

Напишите в чат «НРС»: укажите направление, образование и стаж. Подскажем порядок подготовки документов.";images/nrs.png;;;;NEW_REVIEW;https://nadosro.ru/vnesenie-specialistov-v-nacionalnyj-reestr;DRAFT_NOT_FOR_UPLOAD
mcm-mchs-blagoveschensk;80;Благовещенск;Лицензия МЧС;mchs;Лицензия МЧС — помощь в оформлении;"Готовите компанию к получению лицензии МЧС? МСМ сопровождает оформление: от разбора вашей задачи до подготовки документов и взаимодействия по заявлению.

Клиентам из города Благовещенск. МСМ работает с заказчиками по всей России.

Чем поможем:
• Определим перечень работ, по которым нужна лицензия.
• Поможем собрать документы компании и специалистов.
• Проконсультируем по оборудованию и его документальному оформлению.
• Подготовим к проверке и сопроводим процесс рассмотрения.

Работаем с организациями и ИП в сфере пожарной безопасности. Сначала выясним, какие работы вы планируете выполнять, какие специалисты и оборудование уже есть, затем составим план подготовки.

Компания МСМ специализируется на лицензировании, саморегулировании и подготовке специалистов. Разберём исходную ситуацию и объясним последовательность действий.

Напишите в чат «МЧС» и перечислите планируемые работы. Расскажем, какие документы понадобятся в вашей ситуации.";images/mchs.png;;;;NEW_REVIEW;https://nadosro.ru/license/poluchit-licenziyu-mchs;DRAFT_NOT_FOR_UPLOAD
mcm-giop-blagoveschensk;80;Благовещенск;Минкультуры / ГИОП;giop;Лицензия Минкультуры, ГИОП — оформление;"Нужна помощь с лицензией Минкультуры на реставрационные работы? МСМ сопровождает подготовку документов для деятельности по сохранению объектов культурного наследия. Это направление также ищут как «лицензия ГИОП».

Клиентам из города Благовещенск. МСМ работает с заказчиками по всей России.

Чем поможем:
• Разберём перечень планируемых реставрационных работ.
• Поможем собрать и подготовить документы организации.
• Проконсультируем по квалификации и аттестации специалистов.
• Сопроводим подачу и рассмотрение заявления.

Работаем с компаниями из разных регионов России. Порядок подготовки определяем с учётом выбранных работ, состава специалистов и готовности документов.

Компания МСМ специализируется на лицензировании, саморегулировании и подготовке специалистов. Разберём исходную ситуацию и объясним последовательность действий.

Напишите в чат «ГИОП» и укажите виды работ. Подскажем дальнейшие шаги для вашей компании.";images/giop.png;;;;NEW_REVIEW;https://nadosro.ru/license/licenziya-minkultury;DRAFT_NOT_FOR_UPLOAD
mcm-sro-blagoveschensk;80;Благовещенск;СРО — три направления;sro;СРО: строительство, проектирование, изыскания;"Нужно вступить в СРО? МСМ поможет подобрать саморегулируемую организацию и подготовить документы для вашей компании или ИП. Сопровождаем три направления: строительство, проектирование и инженерные изыскания.

Клиентам из города Благовещенск. МСМ работает с заказчиками по всей России.

Чем поможем:
• Разберём виды работ, регион регистрации и задачи компании.
• Поможем подобрать СРО по нужному направлению.
• Подготовим комплект документов и заявление на вступление.
• Проконсультируем по специалистам НРС и требованиям выбранной СРО.
• Сопроводим рассмотрение документов и разберём замечания.

Строителям помогаем оформить членство в СРО для строительных работ. Проектировщикам — для подготовки проектной документации. Изыскателям — для инженерных изысканий. Если компании нужны несколько направлений, разберём каждое и согласуем общий порядок подготовки.

Компания МСМ специализируется на лицензировании, саморегулировании и подготовке специалистов. Разберём исходную ситуацию и объясним последовательность действий.

Напишите в чат «СРО» и укажите направление, регион регистрации и планируемые работы. Подскажем, какие документы подготовить в первую очередь.";images/sro.png;;;;NEW_REVIEW;https://nadosro.ru/;DRAFT_NOT_FOR_UPLOAD
mcm-nok-velikiy_novgorod;81;Великий Новгород;НОК;nok;НОК НОСТРОЙ / НОПРИЗ — подготовка к экзамену;"Нужно пройти независимую оценку квалификации? МСМ помогает специалистам строительной отрасли подготовиться к экзамену и собрать документы для допуска к НОК.

Клиентам из города Великий Новгород. МСМ работает с заказчиками по всей России.

Чем поможем:
• Разберём вашу задачу и направление квалификации.
• Поможем собрать и подготовить документы.
• Организуем подготовку к экзамену.
• Сопроводим по организационным вопросам до получения результатов.

Работаем со специалистами по строительству, проектированию и инженерным изысканиям. Подготовка и сопровождение подбираются под вашу квалификацию и текущую ситуацию.

Компания МСМ специализируется на лицензировании, саморегулировании и подготовке специалистов. Разберём исходную ситуацию и объясним последовательность действий.

Напишите в чат «НОК» и укажите вашу специальность, город и желаемый срок прохождения. Подскажем, с чего начать.";images/nok.png;;;;NEW_REVIEW;https://nadosro.ru/nezavisimaya-oczenka-kvalifikaczii;DRAFT_NOT_FOR_UPLOAD
mcm-nrs-velikiy_novgorod;81;Великий Новгород;НРС;nrs;Включение в НРС НОСТРОЙ / НОПРИЗ — помощь;"Планируете включение специалиста в национальный реестр? МСМ поможет проверить документы и подготовить заявление для НОСТРОЙ или НОПРИЗ.

Клиентам из города Великий Новгород. МСМ работает с заказчиками по всей России.

Чем поможем:
• Проведём предварительный разбор документов специалиста.
• Подскажем, какие сведения нужно дополнить.
• Поможем подготовить комплект документов и заявление.
• Сопроводим рассмотрение и разберём замечания при их наличии.

Помогаем специалистам строительных, проектных и изыскательских организаций. Если ранее получили отказ, разберём его причины и возможные дальнейшие действия.

Компания МСМ специализируется на лицензировании, саморегулировании и подготовке специалистов. Разберём исходную ситуацию и объясним последовательность действий.

Напишите в чат «НРС»: укажите направление, образование и стаж. Подскажем порядок подготовки документов.";images/nrs.png;;;;NEW_REVIEW;https://nadosro.ru/vnesenie-specialistov-v-nacionalnyj-reestr;DRAFT_NOT_FOR_UPLOAD
mcm-mchs-velikiy_novgorod;81;Великий Новгород;Лицензия МЧС;mchs;Лицензия МЧС — помощь в оформлении;"Готовите компанию к получению лицензии МЧС? МСМ сопровождает оформление: от разбора вашей задачи до подготовки документов и взаимодействия по заявлению.

Клиентам из города Великий Новгород. МСМ работает с заказчиками по всей России.

Чем поможем:
• Определим перечень работ, по которым нужна лицензия.
• Поможем собрать документы компании и специалистов.
• Проконсультируем по оборудованию и его документальному оформлению.
• Подготовим к проверке и сопроводим процесс рассмотрения.

Работаем с организациями и ИП в сфере пожарной безопасности. Сначала выясним, какие работы вы планируете выполнять, какие специалисты и оборудование уже есть, затем составим план подготовки.

Компания МСМ специализируется на лицензировании, саморегулировании и подготовке специалистов. Разберём исходную ситуацию и объясним последовательность действий.

Напишите в чат «МЧС» и перечислите планируемые работы. Расскажем, какие документы понадобятся в вашей ситуации.";images/mchs.png;;;;NEW_REVIEW;https://nadosro.ru/license/poluchit-licenziyu-mchs;DRAFT_NOT_FOR_UPLOAD
mcm-giop-velikiy_novgorod;81;Великий Новгород;Минкультуры / ГИОП;giop;Лицензия Минкультуры, ГИОП — оформление;"Нужна помощь с лицензией Минкультуры на реставрационные работы? МСМ сопровождает подготовку документов для деятельности по сохранению объектов культурного наследия. Это направление также ищут как «лицензия ГИОП».

Клиентам из города Великий Новгород. МСМ работает с заказчиками по всей России.

Чем поможем:
• Разберём перечень планируемых реставрационных работ.
• Поможем собрать и подготовить документы организации.
• Проконсультируем по квалификации и аттестации специалистов.
• Сопроводим подачу и рассмотрение заявления.

Работаем с компаниями из разных регионов России. Порядок подготовки определяем с учётом выбранных работ, состава специалистов и готовности документов.

Компания МСМ специализируется на лицензировании, саморегулировании и подготовке специалистов. Разберём исходную ситуацию и объясним последовательность действий.

Напишите в чат «ГИОП» и укажите виды работ. Подскажем дальнейшие шаги для вашей компании.";images/giop.png;;;;NEW_REVIEW;https://nadosro.ru/license/licenziya-minkultury;DRAFT_NOT_FOR_UPLOAD
mcm-sro-velikiy_novgorod;81;Великий Новгород;СРО — три направления;sro;СРО: строительство, проектирование, изыскания;"Нужно вступить в СРО? МСМ поможет подобрать саморегулируемую организацию и подготовить документы для вашей компании или ИП. Сопровождаем три направления: строительство, проектирование и инженерные изыскания.

Клиентам из города Великий Новгород. МСМ работает с заказчиками по всей России.

Чем поможем:
• Разберём виды работ, регион регистрации и задачи компании.
• Поможем подобрать СРО по нужному направлению.
• Подготовим комплект документов и заявление на вступление.
• Проконсультируем по специалистам НРС и требованиям выбранной СРО.
• Сопроводим рассмотрение документов и разберём замечания.

Строителям помогаем оформить членство в СРО для строительных работ. Проектировщикам — для подготовки проектной документации. Изыскателям — для инженерных изысканий. Если компании нужны несколько направлений, разберём каждое и согласуем общий порядок подготовки.

Компания МСМ специализируется на лицензировании, саморегулировании и подготовке специалистов. Разберём исходную ситуацию и объясним последовательность действий.

Напишите в чат «СРО» и укажите направление, регион регистрации и планируемые работы. Подскажем, какие документы подготовить в первую очередь.";images/sro.png;;;;NEW_REVIEW;https://nadosro.ru/;DRAFT_NOT_FOR_UPLOAD
mcm-nok-pskov;82;Псков;НОК;nok;НОК НОСТРОЙ / НОПРИЗ — подготовка к экзамену;"Нужно пройти независимую оценку квалификации? МСМ помогает специалистам строительной отрасли подготовиться к экзамену и собрать документы для допуска к НОК.

Клиентам из города Псков. МСМ работает с заказчиками по всей России.

Чем поможем:
• Разберём вашу задачу и направление квалификации.
• Поможем собрать и подготовить документы.
• Организуем подготовку к экзамену.
• Сопроводим по организационным вопросам до получения результатов.

Работаем со специалистами по строительству, проектированию и инженерным изысканиям. Подготовка и сопровождение подбираются под вашу квалификацию и текущую ситуацию.

Компания МСМ специализируется на лицензировании, саморегулировании и подготовке специалистов. Разберём исходную ситуацию и объясним последовательность действий.

Напишите в чат «НОК» и укажите вашу специальность, город и желаемый срок прохождения. Подскажем, с чего начать.";images/nok.png;;;;NEW_REVIEW;https://nadosro.ru/nezavisimaya-oczenka-kvalifikaczii;DRAFT_NOT_FOR_UPLOAD
mcm-nrs-pskov;82;Псков;НРС;nrs;Включение в НРС НОСТРОЙ / НОПРИЗ — помощь;"Планируете включение специалиста в национальный реестр? МСМ поможет проверить документы и подготовить заявление для НОСТРОЙ или НОПРИЗ.

Клиентам из города Псков. МСМ работает с заказчиками по всей России.

Чем поможем:
• Проведём предварительный разбор документов специалиста.
• Подскажем, какие сведения нужно дополнить.
• Поможем подготовить комплект документов и заявление.
• Сопроводим рассмотрение и разберём замечания при их наличии.

Помогаем специалистам строительных, проектных и изыскательских организаций. Если ранее получили отказ, разберём его причины и возможные дальнейшие действия.

Компания МСМ специализируется на лицензировании, саморегулировании и подготовке специалистов. Разберём исходную ситуацию и объясним последовательность действий.

Напишите в чат «НРС»: укажите направление, образование и стаж. Подскажем порядок подготовки документов.";images/nrs.png;;;;NEW_REVIEW;https://nadosro.ru/vnesenie-specialistov-v-nacionalnyj-reestr;DRAFT_NOT_FOR_UPLOAD
mcm-mchs-pskov;82;Псков;Лицензия МЧС;mchs;Лицензия МЧС — помощь в оформлении;"Готовите компанию к получению лицензии МЧС? МСМ сопровождает оформление: от разбора вашей задачи до подготовки документов и взаимодействия по заявлению.

Клиентам из города Псков. МСМ работает с заказчиками по всей России.

Чем поможем:
• Определим перечень работ, по которым нужна лицензия.
• Поможем собрать документы компании и специалистов.
• Проконсультируем по оборудованию и его документальному оформлению.
• Подготовим к проверке и сопроводим процесс рассмотрения.

Работаем с организациями и ИП в сфере пожарной безопасности. Сначала выясним, какие работы вы планируете выполнять, какие специалисты и оборудование уже есть, затем составим план подготовки.

Компания МСМ специализируется на лицензировании, саморегулировании и подготовке специалистов. Разберём исходную ситуацию и объясним последовательность действий.

Напишите в чат «МЧС» и перечислите планируемые работы. Расскажем, какие документы понадобятся в вашей ситуации.";images/mchs.png;;;;NEW_REVIEW;https://nadosro.ru/license/poluchit-licenziyu-mchs;DRAFT_NOT_FOR_UPLOAD
mcm-giop-pskov;82;Псков;Минкультуры / ГИОП;giop;Лицензия Минкультуры, ГИОП — оформление;"Нужна помощь с лицензией Минкультуры на реставрационные работы? МСМ сопровождает подготовку документов для деятельности по сохранению объектов культурного наследия. Это направление также ищут как «лицензия ГИОП».

Клиентам из города Псков. МСМ работает с заказчиками по всей России.

Чем поможем:
• Разберём перечень планируемых реставрационных работ.
• Поможем собрать и подготовить документы организации.
• Проконсультируем по квалификации и аттестации специалистов.
• Сопроводим подачу и рассмотрение заявления.

Работаем с компаниями из разных регионов России. Порядок подготовки определяем с учётом выбранных работ, состава специалистов и готовности документов.

Компания МСМ специализируется на лицензировании, саморегулировании и подготовке специалистов. Разберём исходную ситуацию и объясним последовательность действий.

Напишите в чат «ГИОП» и укажите виды работ. Подскажем дальнейшие шаги для вашей компании.";images/giop.png;;;;NEW_REVIEW;https://nadosro.ru/license/licenziya-minkultury;DRAFT_NOT_FOR_UPLOAD
mcm-sro-pskov;82;Псков;СРО — три направления;sro;СРО: строительство, проектирование, изыскания;"Нужно вступить в СРО? МСМ поможет подобрать саморегулируемую организацию и подготовить документы для вашей компании или ИП. Сопровождаем три направления: строительство, проектирование и инженерные изыскания.

Клиентам из города Псков. МСМ работает с заказчиками по всей России.

Чем поможем:
• Разберём виды работ, регион регистрации и задачи компании.
• Поможем подобрать СРО по нужному направлению.
• Подготовим комплект документов и заявление на вступление.
• Проконсультируем по специалистам НРС и требованиям выбранной СРО.
• Сопроводим рассмотрение документов и разберём замечания.

Строителям помогаем оформить членство в СРО для строительных работ. Проектировщикам — для подготовки проектной документации. Изыскателям — для инженерных изысканий. Если компании нужны несколько направлений, разберём каждое и согласуем общий порядок подготовки.

Компания МСМ специализируется на лицензировании, саморегулировании и подготовке специалистов. Разберём исходную ситуацию и объясним последовательность действий.

Напишите в чат «СРО» и укажите направление, регион регистрации и планируемые работы. Подскажем, какие документы подготовить в первую очередь.";images/sro.png;;;;NEW_REVIEW;https://nadosro.ru/;DRAFT_NOT_FOR_UPLOAD
mcm-nok-biysk;83;Бийск;НОК;nok;НОК НОСТРОЙ / НОПРИЗ — подготовка к экзамену;"Нужно пройти независимую оценку квалификации? МСМ помогает специалистам строительной отрасли подготовиться к экзамену и собрать документы для допуска к НОК.

Клиентам из города Бийск. МСМ работает с заказчиками по всей России.

Чем поможем:
• Разберём вашу задачу и направление квалификации.
• Поможем собрать и подготовить документы.
• Организуем подготовку к экзамену.
• Сопроводим по организационным вопросам до получения результатов.

Работаем со специалистами по строительству, проектированию и инженерным изысканиям. Подготовка и сопровождение подбираются под вашу квалификацию и текущую ситуацию.

Компания МСМ специализируется на лицензировании, саморегулировании и подготовке специалистов. Разберём исходную ситуацию и объясним последовательность действий.

Напишите в чат «НОК» и укажите вашу специальность, город и желаемый срок прохождения. Подскажем, с чего начать.";images/nok.png;;;;NEW_REVIEW;https://nadosro.ru/nezavisimaya-oczenka-kvalifikaczii;DRAFT_NOT_FOR_UPLOAD
mcm-nrs-biysk;83;Бийск;НРС;nrs;Включение в НРС НОСТРОЙ / НОПРИЗ — помощь;"Планируете включение специалиста в национальный реестр? МСМ поможет проверить документы и подготовить заявление для НОСТРОЙ или НОПРИЗ.

Клиентам из города Бийск. МСМ работает с заказчиками по всей России.

Чем поможем:
• Проведём предварительный разбор документов специалиста.
• Подскажем, какие сведения нужно дополнить.
• Поможем подготовить комплект документов и заявление.
• Сопроводим рассмотрение и разберём замечания при их наличии.

Помогаем специалистам строительных, проектных и изыскательских организаций. Если ранее получили отказ, разберём его причины и возможные дальнейшие действия.

Компания МСМ специализируется на лицензировании, саморегулировании и подготовке специалистов. Разберём исходную ситуацию и объясним последовательность действий.

Напишите в чат «НРС»: укажите направление, образование и стаж. Подскажем порядок подготовки документов.";images/nrs.png;;;;NEW_REVIEW;https://nadosro.ru/vnesenie-specialistov-v-nacionalnyj-reestr;DRAFT_NOT_FOR_UPLOAD
mcm-mchs-biysk;83;Бийск;Лицензия МЧС;mchs;Лицензия МЧС — помощь в оформлении;"Готовите компанию к получению лицензии МЧС? МСМ сопровождает оформление: от разбора вашей задачи до подготовки документов и взаимодействия по заявлению.

Клиентам из города Бийск. МСМ работает с заказчиками по всей России.

Чем поможем:
• Определим перечень работ, по которым нужна лицензия.
• Поможем собрать документы компании и специалистов.
• Проконсультируем по оборудованию и его документальному оформлению.
• Подготовим к проверке и сопроводим процесс рассмотрения.

Работаем с организациями и ИП в сфере пожарной безопасности. Сначала выясним, какие работы вы планируете выполнять, какие специалисты и оборудование уже есть, затем составим план подготовки.

Компания МСМ специализируется на лицензировании, саморегулировании и подготовке специалистов. Разберём исходную ситуацию и объясним последовательность действий.

Напишите в чат «МЧС» и перечислите планируемые работы. Расскажем, какие документы понадобятся в вашей ситуации.";images/mchs.png;;;;NEW_REVIEW;https://nadosro.ru/license/poluchit-licenziyu-mchs;DRAFT_NOT_FOR_UPLOAD
mcm-giop-biysk;83;Бийск;Минкультуры / ГИОП;giop;Лицензия Минкультуры, ГИОП — оформление;"Нужна помощь с лицензией Минкультуры на реставрационные работы? МСМ сопровождает подготовку документов для деятельности по сохранению объектов культурного наследия. Это направление также ищут как «лицензия ГИОП».

Клиентам из города Бийск. МСМ работает с заказчиками по всей России.

Чем поможем:
• Разберём перечень планируемых реставрационных работ.
• Поможем собрать и подготовить документы организации.
• Проконсультируем по квалификации и аттестации специалистов.
• Сопроводим подачу и рассмотрение заявления.

Работаем с компаниями из разных регионов России. Порядок подготовки определяем с учётом выбранных работ, состава специалистов и готовности документов.

Компания МСМ специализируется на лицензировании, саморегулировании и подготовке специалистов. Разберём исходную ситуацию и объясним последовательность действий.

Напишите в чат «ГИОП» и укажите виды работ. Подскажем дальнейшие шаги для вашей компании.";images/giop.png;;;;NEW_REVIEW;https://nadosro.ru/license/licenziya-minkultury;DRAFT_NOT_FOR_UPLOAD
mcm-sro-biysk;83;Бийск;СРО — три направления;sro;СРО: строительство, проектирование, изыскания;"Нужно вступить в СРО? МСМ поможет подобрать саморегулируемую организацию и подготовить документы для вашей компании или ИП. Сопровождаем три направления: строительство, проектирование и инженерные изыскания.

Клиентам из города Бийск. МСМ работает с заказчиками по всей России.

Чем поможем:
• Разберём виды работ, регион регистрации и задачи компании.
• Поможем подобрать СРО по нужному направлению.
• Подготовим комплект документов и заявление на вступление.
• Проконсультируем по специалистам НРС и требованиям выбранной СРО.
• Сопроводим рассмотрение документов и разберём замечания.

Строителям помогаем оформить членство в СРО для строительных работ. Проектировщикам — для подготовки проектной документации. Изыскателям — для инженерных изысканий. Если компании нужны несколько направлений, разберём каждое и согласуем общий порядок подготовки.

Компания МСМ специализируется на лицензировании, саморегулировании и подготовке специалистов. Разберём исходную ситуацию и объясним последовательность действий.

Напишите в чат «СРО» и укажите направление, регион регистрации и планируемые работы. Подскажем, какие документы подготовить в первую очередь.";images/sro.png;;;;NEW_REVIEW;https://nadosro.ru/;DRAFT_NOT_FOR_UPLOAD
mcm-nok-armavir;84;Армавир;НОК;nok;НОК НОСТРОЙ / НОПРИЗ — подготовка к экзамену;"Нужно пройти независимую оценку квалификации? МСМ помогает специалистам строительной отрасли подготовиться к экзамену и собрать документы для допуска к НОК.

Клиентам из города Армавир. МСМ работает с заказчиками по всей России.

Чем поможем:
• Разберём вашу задачу и направление квалификации.
• Поможем собрать и подготовить документы.
• Организуем подготовку к экзамену.
• Сопроводим по организационным вопросам до получения результатов.

Работаем со специалистами по строительству, проектированию и инженерным изысканиям. Подготовка и сопровождение подбираются под вашу квалификацию и текущую ситуацию.

Компания МСМ специализируется на лицензировании, саморегулировании и подготовке специалистов. Разберём исходную ситуацию и объясним последовательность действий.

Напишите в чат «НОК» и укажите вашу специальность, город и желаемый срок прохождения. Подскажем, с чего начать.";images/nok.png;;;;NEW_REVIEW;https://nadosro.ru/nezavisimaya-oczenka-kvalifikaczii;DRAFT_NOT_FOR_UPLOAD
mcm-nrs-armavir;84;Армавир;НРС;nrs;Включение в НРС НОСТРОЙ / НОПРИЗ — помощь;"Планируете включение специалиста в национальный реестр? МСМ поможет проверить документы и подготовить заявление для НОСТРОЙ или НОПРИЗ.

Клиентам из города Армавир. МСМ работает с заказчиками по всей России.

Чем поможем:
• Проведём предварительный разбор документов специалиста.
• Подскажем, какие сведения нужно дополнить.
• Поможем подготовить комплект документов и заявление.
• Сопроводим рассмотрение и разберём замечания при их наличии.

Помогаем специалистам строительных, проектных и изыскательских организаций. Если ранее получили отказ, разберём его причины и возможные дальнейшие действия.

Компания МСМ специализируется на лицензировании, саморегулировании и подготовке специалистов. Разберём исходную ситуацию и объясним последовательность действий.

Напишите в чат «НРС»: укажите направление, образование и стаж. Подскажем порядок подготовки документов.";images/nrs.png;;;;NEW_REVIEW;https://nadosro.ru/vnesenie-specialistov-v-nacionalnyj-reestr;DRAFT_NOT_FOR_UPLOAD
mcm-mchs-armavir;84;Армавир;Лицензия МЧС;mchs;Лицензия МЧС — помощь в оформлении;"Готовите компанию к получению лицензии МЧС? МСМ сопровождает оформление: от разбора вашей задачи до подготовки документов и взаимодействия по заявлению.

Клиентам из города Армавир. МСМ работает с заказчиками по всей России.

Чем поможем:
• Определим перечень работ, по которым нужна лицензия.
• Поможем собрать документы компании и специалистов.
• Проконсультируем по оборудованию и его документальному оформлению.
• Подготовим к проверке и сопроводим процесс рассмотрения.

Работаем с организациями и ИП в сфере пожарной безопасности. Сначала выясним, какие работы вы планируете выполнять, какие специалисты и оборудование уже есть, затем составим план подготовки.

Компания МСМ специализируется на лицензировании, саморегулировании и подготовке специалистов. Разберём исходную ситуацию и объясним последовательность действий.

Напишите в чат «МЧС» и перечислите планируемые работы. Расскажем, какие документы понадобятся в вашей ситуации.";images/mchs.png;;;;NEW_REVIEW;https://nadosro.ru/license/poluchit-licenziyu-mchs;DRAFT_NOT_FOR_UPLOAD
mcm-giop-armavir;84;Армавир;Минкультуры / ГИОП;giop;Лицензия Минкультуры, ГИОП — оформление;"Нужна помощь с лицензией Минкультуры на реставрационные работы? МСМ сопровождает подготовку документов для деятельности по сохранению объектов культурного наследия. Это направление также ищут как «лицензия ГИОП».

Клиентам из города Армавир. МСМ работает с заказчиками по всей России.

Чем поможем:
• Разберём перечень планируемых реставрационных работ.
• Поможем собрать и подготовить документы организации.
• Проконсультируем по квалификации и аттестации специалистов.
• Сопроводим подачу и рассмотрение заявления.

Работаем с компаниями из разных регионов России. Порядок подготовки определяем с учётом выбранных работ, состава специалистов и готовности документов.

Компания МСМ специализируется на лицензировании, саморегулировании и подготовке специалистов. Разберём исходную ситуацию и объясним последовательность действий.

Напишите в чат «ГИОП» и укажите виды работ. Подскажем дальнейшие шаги для вашей компании.";images/giop.png;;;;NEW_REVIEW;https://nadosro.ru/license/licenziya-minkultury;DRAFT_NOT_FOR_UPLOAD
mcm-sro-armavir;84;Армавир;СРО — три направления;sro;СРО: строительство, проектирование, изыскания;"Нужно вступить в СРО? МСМ поможет подобрать саморегулируемую организацию и подготовить документы для вашей компании или ИП. Сопровождаем три направления: строительство, проектирование и инженерные изыскания.

Клиентам из города Армавир. МСМ работает с заказчиками по всей России.

Чем поможем:
• Разберём виды работ, регион регистрации и задачи компании.
• Поможем подобрать СРО по нужному направлению.
• Подготовим комплект документов и заявление на вступление.
• Проконсультируем по специалистам НРС и требованиям выбранной СРО.
• Сопроводим рассмотрение документов и разберём замечания.

Строителям помогаем оформить членство в СРО для строительных работ. Проектировщикам — для подготовки проектной документации. Изыскателям — для инженерных изысканий. Если компании нужны несколько направлений, разберём каждое и согласуем общий порядок подготовки.

Компания МСМ специализируется на лицензировании, саморегулировании и подготовке специалистов. Разберём исходную ситуацию и объясним последовательность действий.

Напишите в чат «СРО» и укажите направление, регион регистрации и планируемые работы. Подскажем, какие документы подготовить в первую очередь.";images/sro.png;;;;NEW_REVIEW;https://nadosro.ru/;DRAFT_NOT_FOR_UPLOAD
mcm-nok-abakan;85;Абакан;НОК;nok;НОК НОСТРОЙ / НОПРИЗ — подготовка к экзамену;"Нужно пройти независимую оценку квалификации? МСМ помогает специалистам строительной отрасли подготовиться к экзамену и собрать документы для допуска к НОК.

Клиентам из города Абакан. МСМ работает с заказчиками по всей России.

Чем поможем:
• Разберём вашу задачу и направление квалификации.
• Поможем собрать и подготовить документы.
• Организуем подготовку к экзамену.
• Сопроводим по организационным вопросам до получения результатов.

Работаем со специалистами по строительству, проектированию и инженерным изысканиям. Подготовка и сопровождение подбираются под вашу квалификацию и текущую ситуацию.

Компания МСМ специализируется на лицензировании, саморегулировании и подготовке специалистов. Разберём исходную ситуацию и объясним последовательность действий.

Напишите в чат «НОК» и укажите вашу специальность, город и желаемый срок прохождения. Подскажем, с чего начать.";images/nok.png;;;;NEW_REVIEW;https://nadosro.ru/nezavisimaya-oczenka-kvalifikaczii;DRAFT_NOT_FOR_UPLOAD
mcm-nrs-abakan;85;Абакан;НРС;nrs;Включение в НРС НОСТРОЙ / НОПРИЗ — помощь;"Планируете включение специалиста в национальный реестр? МСМ поможет проверить документы и подготовить заявление для НОСТРОЙ или НОПРИЗ.

Клиентам из города Абакан. МСМ работает с заказчиками по всей России.

Чем поможем:
• Проведём предварительный разбор документов специалиста.
• Подскажем, какие сведения нужно дополнить.
• Поможем подготовить комплект документов и заявление.
• Сопроводим рассмотрение и разберём замечания при их наличии.

Помогаем специалистам строительных, проектных и изыскательских организаций. Если ранее получили отказ, разберём его причины и возможные дальнейшие действия.

Компания МСМ специализируется на лицензировании, саморегулировании и подготовке специалистов. Разберём исходную ситуацию и объясним последовательность действий.

Напишите в чат «НРС»: укажите направление, образование и стаж. Подскажем порядок подготовки документов.";images/nrs.png;;;;NEW_REVIEW;https://nadosro.ru/vnesenie-specialistov-v-nacionalnyj-reestr;DRAFT_NOT_FOR_UPLOAD
mcm-mchs-abakan;85;Абакан;Лицензия МЧС;mchs;Лицензия МЧС — помощь в оформлении;"Готовите компанию к получению лицензии МЧС? МСМ сопровождает оформление: от разбора вашей задачи до подготовки документов и взаимодействия по заявлению.

Клиентам из города Абакан. МСМ работает с заказчиками по всей России.

Чем поможем:
• Определим перечень работ, по которым нужна лицензия.
• Поможем собрать документы компании и специалистов.
• Проконсультируем по оборудованию и его документальному оформлению.
• Подготовим к проверке и сопроводим процесс рассмотрения.

Работаем с организациями и ИП в сфере пожарной безопасности. Сначала выясним, какие работы вы планируете выполнять, какие специалисты и оборудование уже есть, затем составим план подготовки.

Компания МСМ специализируется на лицензировании, саморегулировании и подготовке специалистов. Разберём исходную ситуацию и объясним последовательность действий.

Напишите в чат «МЧС» и перечислите планируемые работы. Расскажем, какие документы понадобятся в вашей ситуации.";images/mchs.png;;;;NEW_REVIEW;https://nadosro.ru/license/poluchit-licenziyu-mchs;DRAFT_NOT_FOR_UPLOAD
mcm-giop-abakan;85;Абакан;Минкультуры / ГИОП;giop;Лицензия Минкультуры, ГИОП — оформление;"Нужна помощь с лицензией Минкультуры на реставрационные работы? МСМ сопровождает подготовку документов для деятельности по сохранению объектов культурного наследия. Это направление также ищут как «лицензия ГИОП».

Клиентам из города Абакан. МСМ работает с заказчиками по всей России.

Чем поможем:
• Разберём перечень планируемых реставрационных работ.
• Поможем собрать и подготовить документы организации.
• Проконсультируем по квалификации и аттестации специалистов.
• Сопроводим подачу и рассмотрение заявления.

Работаем с компаниями из разных регионов России. Порядок подготовки определяем с учётом выбранных работ, состава специалистов и готовности документов.

Компания МСМ специализируется на лицензировании, саморегулировании и подготовке специалистов. Разберём исходную ситуацию и объясним последовательность действий.

Напишите в чат «ГИОП» и укажите виды работ. Подскажем дальнейшие шаги для вашей компании.";images/giop.png;;;;NEW_REVIEW;https://nadosro.ru/license/licenziya-minkultury;DRAFT_NOT_FOR_UPLOAD
mcm-sro-abakan;85;Абакан;СРО — три направления;sro;СРО: строительство, проектирование, изыскания;"Нужно вступить в СРО? МСМ поможет подобрать саморегулируемую организацию и подготовить документы для вашей компании или ИП. Сопровождаем три направления: строительство, проектирование и инженерные изыскания.

Клиентам из города Абакан. МСМ работает с заказчиками по всей России.

Чем поможем:
• Разберём виды работ, регион регистрации и задачи компании.
• Поможем подобрать СРО по нужному направлению.
• Подготовим комплект документов и заявление на вступление.
• Проконсультируем по специалистам НРС и требованиям выбранной СРО.
• Сопроводим рассмотрение документов и разберём замечания.

Строителям помогаем оформить членство в СРО для строительных работ. Проектировщикам — для подготовки проектной документации. Изыскателям — для инженерных изысканий. Если компании нужны несколько направлений, разберём каждое и согласуем общий порядок подготовки.

Компания МСМ специализируется на лицензировании, саморегулировании и подготовке специалистов. Разберём исходную ситуацию и объясним последовательность действий.

Напишите в чат «СРО» и укажите направление, регион регистрации и планируемые работы. Подскажем, какие документы подготовить в первую очередь.";images/sro.png;;;;NEW_REVIEW;https://nadosro.ru/;DRAFT_NOT_FOR_UPLOAD
mcm-nok-yuzhno-sahalinsk;86;Южно-Сахалинск;НОК;nok;НОК НОСТРОЙ / НОПРИЗ — подготовка к экзамену;"Нужно пройти независимую оценку квалификации? МСМ помогает специалистам строительной отрасли подготовиться к экзамену и собрать документы для допуска к НОК.

Клиентам из города Южно-Сахалинск. МСМ работает с заказчиками по всей России.

Чем поможем:
• Разберём вашу задачу и направление квалификации.
• Поможем собрать и подготовить документы.
• Организуем подготовку к экзамену.
• Сопроводим по организационным вопросам до получения результатов.

Работаем со специалистами по строительству, проектированию и инженерным изысканиям. Подготовка и сопровождение подбираются под вашу квалификацию и текущую ситуацию.

Компания МСМ специализируется на лицензировании, саморегулировании и подготовке специалистов. Разберём исходную ситуацию и объясним последовательность действий.

Напишите в чат «НОК» и укажите вашу специальность, город и желаемый срок прохождения. Подскажем, с чего начать.";images/nok.png;;;;NEW_REVIEW;https://nadosro.ru/nezavisimaya-oczenka-kvalifikaczii;DRAFT_NOT_FOR_UPLOAD
mcm-nrs-yuzhno-sahalinsk;86;Южно-Сахалинск;НРС;nrs;Включение в НРС НОСТРОЙ / НОПРИЗ — помощь;"Планируете включение специалиста в национальный реестр? МСМ поможет проверить документы и подготовить заявление для НОСТРОЙ или НОПРИЗ.

Клиентам из города Южно-Сахалинск. МСМ работает с заказчиками по всей России.

Чем поможем:
• Проведём предварительный разбор документов специалиста.
• Подскажем, какие сведения нужно дополнить.
• Поможем подготовить комплект документов и заявление.
• Сопроводим рассмотрение и разберём замечания при их наличии.

Помогаем специалистам строительных, проектных и изыскательских организаций. Если ранее получили отказ, разберём его причины и возможные дальнейшие действия.

Компания МСМ специализируется на лицензировании, саморегулировании и подготовке специалистов. Разберём исходную ситуацию и объясним последовательность действий.

Напишите в чат «НРС»: укажите направление, образование и стаж. Подскажем порядок подготовки документов.";images/nrs.png;;;;NEW_REVIEW;https://nadosro.ru/vnesenie-specialistov-v-nacionalnyj-reestr;DRAFT_NOT_FOR_UPLOAD
mcm-mchs-yuzhno-sahalinsk;86;Южно-Сахалинск;Лицензия МЧС;mchs;Лицензия МЧС — помощь в оформлении;"Готовите компанию к получению лицензии МЧС? МСМ сопровождает оформление: от разбора вашей задачи до подготовки документов и взаимодействия по заявлению.

Клиентам из города Южно-Сахалинск. МСМ работает с заказчиками по всей России.

Чем поможем:
• Определим перечень работ, по которым нужна лицензия.
• Поможем собрать документы компании и специалистов.
• Проконсультируем по оборудованию и его документальному оформлению.
• Подготовим к проверке и сопроводим процесс рассмотрения.

Работаем с организациями и ИП в сфере пожарной безопасности. Сначала выясним, какие работы вы планируете выполнять, какие специалисты и оборудование уже есть, затем составим план подготовки.

Компания МСМ специализируется на лицензировании, саморегулировании и подготовке специалистов. Разберём исходную ситуацию и объясним последовательность действий.

Напишите в чат «МЧС» и перечислите планируемые работы. Расскажем, какие документы понадобятся в вашей ситуации.";images/mchs.png;;;;NEW_REVIEW;https://nadosro.ru/license/poluchit-licenziyu-mchs;DRAFT_NOT_FOR_UPLOAD
mcm-giop-yuzhno-sahalinsk;86;Южно-Сахалинск;Минкультуры / ГИОП;giop;Лицензия Минкультуры, ГИОП — оформление;"Нужна помощь с лицензией Минкультуры на реставрационные работы? МСМ сопровождает подготовку документов для деятельности по сохранению объектов культурного наследия. Это направление также ищут как «лицензия ГИОП».

Клиентам из города Южно-Сахалинск. МСМ работает с заказчиками по всей России.

Чем поможем:
• Разберём перечень планируемых реставрационных работ.
• Поможем собрать и подготовить документы организации.
• Проконсультируем по квалификации и аттестации специалистов.
• Сопроводим подачу и рассмотрение заявления.

Работаем с компаниями из разных регионов России. Порядок подготовки определяем с учётом выбранных работ, состава специалистов и готовности документов.

Компания МСМ специализируется на лицензировании, саморегулировании и подготовке специалистов. Разберём исходную ситуацию и объясним последовательность действий.

Напишите в чат «ГИОП» и укажите виды работ. Подскажем дальнейшие шаги для вашей компании.";images/giop.png;;;;NEW_REVIEW;https://nadosro.ru/license/licenziya-minkultury;DRAFT_NOT_FOR_UPLOAD
mcm-sro-yuzhno-sahalinsk;86;Южно-Сахалинск;СРО — три направления;sro;СРО: строительство, проектирование, изыскания;"Нужно вступить в СРО? МСМ поможет подобрать саморегулируемую организацию и подготовить документы для вашей компании или ИП. Сопровождаем три направления: строительство, проектирование и инженерные изыскания.

Клиентам из города Южно-Сахалинск. МСМ работает с заказчиками по всей России.

Чем поможем:
• Разберём виды работ, регион регистрации и задачи компании.
• Поможем подобрать СРО по нужному направлению.
• Подготовим комплект документов и заявление на вступление.
• Проконсультируем по специалистам НРС и требованиям выбранной СРО.
• Сопроводим рассмотрение документов и разберём замечания.

Строителям помогаем оформить членство в СРО для строительных работ. Проектировщикам — для подготовки проектной документации. Изыскателям — для инженерных изысканий. Если компании нужны несколько направлений, разберём каждое и согласуем общий порядок подготовки.

Компания МСМ специализируется на лицензировании, саморегулировании и подготовке специалистов. Разберём исходную ситуацию и объясним последовательность действий.

Напишите в чат «СРО» и укажите направление, регион регистрации и планируемые работы. Подскажем, какие документы подготовить в первую очередь.";images/sro.png;;;;NEW_REVIEW;https://nadosro.ru/;DRAFT_NOT_FOR_UPLOAD
mcm-nok-petropavlovsk-kamchatskiy;87;Петропавловск-Камчатский;НОК;nok;НОК НОСТРОЙ / НОПРИЗ — подготовка к экзамену;"Нужно пройти независимую оценку квалификации? МСМ помогает специалистам строительной отрасли подготовиться к экзамену и собрать документы для допуска к НОК.

Клиентам из города Петропавловск-Камчатский. МСМ работает с заказчиками по всей России.

Чем поможем:
• Разберём вашу задачу и направление квалификации.
• Поможем собрать и подготовить документы.
• Организуем подготовку к экзамену.
• Сопроводим по организационным вопросам до получения результатов.

Работаем со специалистами по строительству, проектированию и инженерным изысканиям. Подготовка и сопровождение подбираются под вашу квалификацию и текущую ситуацию.

Компания МСМ специализируется на лицензировании, саморегулировании и подготовке специалистов. Разберём исходную ситуацию и объясним последовательность действий.

Напишите в чат «НОК» и укажите вашу специальность, город и желаемый срок прохождения. Подскажем, с чего начать.";images/nok.png;;;;NEW_REVIEW;https://nadosro.ru/nezavisimaya-oczenka-kvalifikaczii;DRAFT_NOT_FOR_UPLOAD
mcm-nrs-petropavlovsk-kamchatskiy;87;Петропавловск-Камчатский;НРС;nrs;Включение в НРС НОСТРОЙ / НОПРИЗ — помощь;"Планируете включение специалиста в национальный реестр? МСМ поможет проверить документы и подготовить заявление для НОСТРОЙ или НОПРИЗ.

Клиентам из города Петропавловск-Камчатский. МСМ работает с заказчиками по всей России.

Чем поможем:
• Проведём предварительный разбор документов специалиста.
• Подскажем, какие сведения нужно дополнить.
• Поможем подготовить комплект документов и заявление.
• Сопроводим рассмотрение и разберём замечания при их наличии.

Помогаем специалистам строительных, проектных и изыскательских организаций. Если ранее получили отказ, разберём его причины и возможные дальнейшие действия.

Компания МСМ специализируется на лицензировании, саморегулировании и подготовке специалистов. Разберём исходную ситуацию и объясним последовательность действий.

Напишите в чат «НРС»: укажите направление, образование и стаж. Подскажем порядок подготовки документов.";images/nrs.png;;;;NEW_REVIEW;https://nadosro.ru/vnesenie-specialistov-v-nacionalnyj-reestr;DRAFT_NOT_FOR_UPLOAD
mcm-mchs-petropavlovsk-kamchatskiy;87;Петропавловск-Камчатский;Лицензия МЧС;mchs;Лицензия МЧС — помощь в оформлении;"Готовите компанию к получению лицензии МЧС? МСМ сопровождает оформление: от разбора вашей задачи до подготовки документов и взаимодействия по заявлению.

Клиентам из города Петропавловск-Камчатский. МСМ работает с заказчиками по всей России.

Чем поможем:
• Определим перечень работ, по которым нужна лицензия.
• Поможем собрать документы компании и специалистов.
• Проконсультируем по оборудованию и его документальному оформлению.
• Подготовим к проверке и сопроводим процесс рассмотрения.

Работаем с организациями и ИП в сфере пожарной безопасности. Сначала выясним, какие работы вы планируете выполнять, какие специалисты и оборудование уже есть, затем составим план подготовки.

Компания МСМ специализируется на лицензировании, саморегулировании и подготовке специалистов. Разберём исходную ситуацию и объясним последовательность действий.

Напишите в чат «МЧС» и перечислите планируемые работы. Расскажем, какие документы понадобятся в вашей ситуации.";images/mchs.png;;;;NEW_REVIEW;https://nadosro.ru/license/poluchit-licenziyu-mchs;DRAFT_NOT_FOR_UPLOAD
mcm-giop-petropavlovsk-kamchatskiy;87;Петропавловск-Камчатский;Минкультуры / ГИОП;giop;Лицензия Минкультуры, ГИОП — оформление;"Нужна помощь с лицензией Минкультуры на реставрационные работы? МСМ сопровождает подготовку документов для деятельности по сохранению объектов культурного наследия. Это направление также ищут как «лицензия ГИОП».

Клиентам из города Петропавловск-Камчатский. МСМ работает с заказчиками по всей России.

Чем поможем:
• Разберём перечень планируемых реставрационных работ.
• Поможем собрать и подготовить документы организации.
• Проконсультируем по квалификации и аттестации специалистов.
• Сопроводим подачу и рассмотрение заявления.

Работаем с компаниями из разных регионов России. Порядок подготовки определяем с учётом выбранных работ, состава специалистов и готовности документов.

Компания МСМ специализируется на лицензировании, саморегулировании и подготовке специалистов. Разберём исходную ситуацию и объясним последовательность действий.

Напишите в чат «ГИОП» и укажите виды работ. Подскажем дальнейшие шаги для вашей компании.";images/giop.png;;;;NEW_REVIEW;https://nadosro.ru/license/licenziya-minkultury;DRAFT_NOT_FOR_UPLOAD
mcm-sro-petropavlovsk-kamchatskiy;87;Петропавловск-Камчатский;СРО — три направления;sro;СРО: строительство, проектирование, изыскания;"Нужно вступить в СРО? МСМ поможет подобрать саморегулируемую организацию и подготовить документы для вашей компании или ИП. Сопровождаем три направления: строительство, проектирование и инженерные изыскания.

Клиентам из города Петропавловск-Камчатский. МСМ работает с заказчиками по всей России.

Чем поможем:
• Разберём виды работ, регион регистрации и задачи компании.
• Поможем подобрать СРО по нужному направлению.
• Подготовим комплект документов и заявление на вступление.
• Проконсультируем по специалистам НРС и требованиям выбранной СРО.
• Сопроводим рассмотрение документов и разберём замечания.

Строителям помогаем оформить членство в СРО для строительных работ. Проектировщикам — для подготовки проектной документации. Изыскателям — для инженерных изысканий. Если компании нужны несколько направлений, разберём каждое и согласуем общий порядок подготовки.

Компания МСМ специализируется на лицензировании, саморегулировании и подготовке специалистов. Разберём исходную ситуацию и объясним последовательность действий.

Напишите в чат «СРО» и укажите направление, регион регистрации и планируемые работы. Подскажем, какие документы подготовить в первую очередь.";images/sro.png;;;;NEW_REVIEW;https://nadosro.ru/;DRAFT_NOT_FOR_UPLOAD
mcm-nok-norilsk;88;Норильск;НОК;nok;НОК НОСТРОЙ / НОПРИЗ — подготовка к экзамену;"Нужно пройти независимую оценку квалификации? МСМ помогает специалистам строительной отрасли подготовиться к экзамену и собрать документы для допуска к НОК.

Клиентам из города Норильск. МСМ работает с заказчиками по всей России.

Чем поможем:
• Разберём вашу задачу и направление квалификации.
• Поможем собрать и подготовить документы.
• Организуем подготовку к экзамену.
• Сопроводим по организационным вопросам до получения результатов.

Работаем со специалистами по строительству, проектированию и инженерным изысканиям. Подготовка и сопровождение подбираются под вашу квалификацию и текущую ситуацию.

Компания МСМ специализируется на лицензировании, саморегулировании и подготовке специалистов. Разберём исходную ситуацию и объясним последовательность действий.

Напишите в чат «НОК» и укажите вашу специальность, город и желаемый срок прохождения. Подскажем, с чего начать.";images/nok.png;;;;NEW_REVIEW;https://nadosro.ru/nezavisimaya-oczenka-kvalifikaczii;DRAFT_NOT_FOR_UPLOAD
mcm-nrs-norilsk;88;Норильск;НРС;nrs;Включение в НРС НОСТРОЙ / НОПРИЗ — помощь;"Планируете включение специалиста в национальный реестр? МСМ поможет проверить документы и подготовить заявление для НОСТРОЙ или НОПРИЗ.

Клиентам из города Норильск. МСМ работает с заказчиками по всей России.

Чем поможем:
• Проведём предварительный разбор документов специалиста.
• Подскажем, какие сведения нужно дополнить.
• Поможем подготовить комплект документов и заявление.
• Сопроводим рассмотрение и разберём замечания при их наличии.

Помогаем специалистам строительных, проектных и изыскательских организаций. Если ранее получили отказ, разберём его причины и возможные дальнейшие действия.

Компания МСМ специализируется на лицензировании, саморегулировании и подготовке специалистов. Разберём исходную ситуацию и объясним последовательность действий.

Напишите в чат «НРС»: укажите направление, образование и стаж. Подскажем порядок подготовки документов.";images/nrs.png;;;;NEW_REVIEW;https://nadosro.ru/vnesenie-specialistov-v-nacionalnyj-reestr;DRAFT_NOT_FOR_UPLOAD
mcm-mchs-norilsk;88;Норильск;Лицензия МЧС;mchs;Лицензия МЧС — помощь в оформлении;"Готовите компанию к получению лицензии МЧС? МСМ сопровождает оформление: от разбора вашей задачи до подготовки документов и взаимодействия по заявлению.

Клиентам из города Норильск. МСМ работает с заказчиками по всей России.

Чем поможем:
• Определим перечень работ, по которым нужна лицензия.
• Поможем собрать документы компании и специалистов.
• Проконсультируем по оборудованию и его документальному оформлению.
• Подготовим к проверке и сопроводим процесс рассмотрения.

Работаем с организациями и ИП в сфере пожарной безопасности. Сначала выясним, какие работы вы планируете выполнять, какие специалисты и оборудование уже есть, затем составим план подготовки.

Компания МСМ специализируется на лицензировании, саморегулировании и подготовке специалистов. Разберём исходную ситуацию и объясним последовательность действий.

Напишите в чат «МЧС» и перечислите планируемые работы. Расскажем, какие документы понадобятся в вашей ситуации.";images/mchs.png;;;;NEW_REVIEW;https://nadosro.ru/license/poluchit-licenziyu-mchs;DRAFT_NOT_FOR_UPLOAD
mcm-giop-norilsk;88;Норильск;Минкультуры / ГИОП;giop;Лицензия Минкультуры, ГИОП — оформление;"Нужна помощь с лицензией Минкультуры на реставрационные работы? МСМ сопровождает подготовку документов для деятельности по сохранению объектов культурного наследия. Это направление также ищут как «лицензия ГИОП».

Клиентам из города Норильск. МСМ работает с заказчиками по всей России.

Чем поможем:
• Разберём перечень планируемых реставрационных работ.
• Поможем собрать и подготовить документы организации.
• Проконсультируем по квалификации и аттестации специалистов.
• Сопроводим подачу и рассмотрение заявления.

Работаем с компаниями из разных регионов России. Порядок подготовки определяем с учётом выбранных работ, состава специалистов и готовности документов.

Компания МСМ специализируется на лицензировании, саморегулировании и подготовке специалистов. Разберём исходную ситуацию и объясним последовательность действий.

Напишите в чат «ГИОП» и укажите виды работ. Подскажем дальнейшие шаги для вашей компании.";images/giop.png;;;;NEW_REVIEW;https://nadosro.ru/license/licenziya-minkultury;DRAFT_NOT_FOR_UPLOAD
mcm-sro-norilsk;88;Норильск;СРО — три направления;sro;СРО: строительство, проектирование, изыскания;"Нужно вступить в СРО? МСМ поможет подобрать саморегулируемую организацию и подготовить документы для вашей компании или ИП. Сопровождаем три направления: строительство, проектирование и инженерные изыскания.

Клиентам из города Норильск. МСМ работает с заказчиками по всей России.

Чем поможем:
• Разберём виды работ, регион регистрации и задачи компании.
• Поможем подобрать СРО по нужному направлению.
• Подготовим комплект документов и заявление на вступление.
• Проконсультируем по специалистам НРС и требованиям выбранной СРО.
• Сопроводим рассмотрение документов и разберём замечания.

Строителям помогаем оформить членство в СРО для строительных работ. Проектировщикам — для подготовки проектной документации. Изыскателям — для инженерных изысканий. Если компании нужны несколько направлений, разберём каждое и согласуем общий порядок подготовки.

Компания МСМ специализируется на лицензировании, саморегулировании и подготовке специалистов. Разберём исходную ситуацию и объясним последовательность действий.

Напишите в чат «СРО» и укажите направление, регион регистрации и планируемые работы. Подскажем, какие документы подготовить в первую очередь.";images/sro.png;;;;NEW_REVIEW;https://nadosro.ru/;DRAFT_NOT_FOR_UPLOAD
mcm-nok-volgodonsk;89;Волгодонск;НОК;nok;НОК НОСТРОЙ / НОПРИЗ — подготовка к экзамену;"Нужно пройти независимую оценку квалификации? МСМ помогает специалистам строительной отрасли подготовиться к экзамену и собрать документы для допуска к НОК.

Клиентам из города Волгодонск. МСМ работает с заказчиками по всей России.

Чем поможем:
• Разберём вашу задачу и направление квалификации.
• Поможем собрать и подготовить документы.
• Организуем подготовку к экзамену.
• Сопроводим по организационным вопросам до получения результатов.

Работаем со специалистами по строительству, проектированию и инженерным изысканиям. Подготовка и сопровождение подбираются под вашу квалификацию и текущую ситуацию.

Компания МСМ специализируется на лицензировании, саморегулировании и подготовке специалистов. Разберём исходную ситуацию и объясним последовательность действий.

Напишите в чат «НОК» и укажите вашу специальность, город и желаемый срок прохождения. Подскажем, с чего начать.";images/nok.png;;;;NEW_REVIEW;https://nadosro.ru/nezavisimaya-oczenka-kvalifikaczii;DRAFT_NOT_FOR_UPLOAD
mcm-nrs-volgodonsk;89;Волгодонск;НРС;nrs;Включение в НРС НОСТРОЙ / НОПРИЗ — помощь;"Планируете включение специалиста в национальный реестр? МСМ поможет проверить документы и подготовить заявление для НОСТРОЙ или НОПРИЗ.

Клиентам из города Волгодонск. МСМ работает с заказчиками по всей России.

Чем поможем:
• Проведём предварительный разбор документов специалиста.
• Подскажем, какие сведения нужно дополнить.
• Поможем подготовить комплект документов и заявление.
• Сопроводим рассмотрение и разберём замечания при их наличии.

Помогаем специалистам строительных, проектных и изыскательских организаций. Если ранее получили отказ, разберём его причины и возможные дальнейшие действия.

Компания МСМ специализируется на лицензировании, саморегулировании и подготовке специалистов. Разберём исходную ситуацию и объясним последовательность действий.

Напишите в чат «НРС»: укажите направление, образование и стаж. Подскажем порядок подготовки документов.";images/nrs.png;;;;NEW_REVIEW;https://nadosro.ru/vnesenie-specialistov-v-nacionalnyj-reestr;DRAFT_NOT_FOR_UPLOAD
mcm-mchs-volgodonsk;89;Волгодонск;Лицензия МЧС;mchs;Лицензия МЧС — помощь в оформлении;"Готовите компанию к получению лицензии МЧС? МСМ сопровождает оформление: от разбора вашей задачи до подготовки документов и взаимодействия по заявлению.

Клиентам из города Волгодонск. МСМ работает с заказчиками по всей России.

Чем поможем:
• Определим перечень работ, по которым нужна лицензия.
• Поможем собрать документы компании и специалистов.
• Проконсультируем по оборудованию и его документальному оформлению.
• Подготовим к проверке и сопроводим процесс рассмотрения.

Работаем с организациями и ИП в сфере пожарной безопасности. Сначала выясним, какие работы вы планируете выполнять, какие специалисты и оборудование уже есть, затем составим план подготовки.

Компания МСМ специализируется на лицензировании, саморегулировании и подготовке специалистов. Разберём исходную ситуацию и объясним последовательность действий.

Напишите в чат «МЧС» и перечислите планируемые работы. Расскажем, какие документы понадобятся в вашей ситуации.";images/mchs.png;;;;NEW_REVIEW;https://nadosro.ru/license/poluchit-licenziyu-mchs;DRAFT_NOT_FOR_UPLOAD
mcm-giop-volgodonsk;89;Волгодонск;Минкультуры / ГИОП;giop;Лицензия Минкультуры, ГИОП — оформление;"Нужна помощь с лицензией Минкультуры на реставрационные работы? МСМ сопровождает подготовку документов для деятельности по сохранению объектов культурного наследия. Это направление также ищут как «лицензия ГИОП».

Клиентам из города Волгодонск. МСМ работает с заказчиками по всей России.

Чем поможем:
• Разберём перечень планируемых реставрационных работ.
• Поможем собрать и подготовить документы организации.
• Проконсультируем по квалификации и аттестации специалистов.
• Сопроводим подачу и рассмотрение заявления.

Работаем с компаниями из разных регионов России. Порядок подготовки определяем с учётом выбранных работ, состава специалистов и готовности документов.

Компания МСМ специализируется на лицензировании, саморегулировании и подготовке специалистов. Разберём исходную ситуацию и объясним последовательность действий.

Напишите в чат «ГИОП» и укажите виды работ. Подскажем дальнейшие шаги для вашей компании.";images/giop.png;;;;NEW_REVIEW;https://nadosro.ru/license/licenziya-minkultury;DRAFT_NOT_FOR_UPLOAD
mcm-sro-volgodonsk;89;Волгодонск;СРО — три направления;sro;СРО: строительство, проектирование, изыскания;"Нужно вступить в СРО? МСМ поможет подобрать саморегулируемую организацию и подготовить документы для вашей компании или ИП. Сопровождаем три направления: строительство, проектирование и инженерные изыскания.

Клиентам из города Волгодонск. МСМ работает с заказчиками по всей России.

Чем поможем:
• Разберём виды работ, регион регистрации и задачи компании.
• Поможем подобрать СРО по нужному направлению.
• Подготовим комплект документов и заявление на вступление.
• Проконсультируем по специалистам НРС и требованиям выбранной СРО.
• Сопроводим рассмотрение документов и разберём замечания.

Строителям помогаем оформить членство в СРО для строительных работ. Проектировщикам — для подготовки проектной документации. Изыскателям — для инженерных изысканий. Если компании нужны несколько направлений, разберём каждое и согласуем общий порядок подготовки.

Компания МСМ специализируется на лицензировании, саморегулировании и подготовке специалистов. Разберём исходную ситуацию и объясним последовательность действий.

Напишите в чат «СРО» и укажите направление, регион регистрации и планируемые работы. Подскажем, какие документы подготовить в первую очередь.";images/sro.png;;;;NEW_REVIEW;https://nadosro.ru/;DRAFT_NOT_FOR_UPLOAD
mcm-nok-maykop;90;Майкоп;НОК;nok;НОК НОСТРОЙ / НОПРИЗ — подготовка к экзамену;"Нужно пройти независимую оценку квалификации? МСМ помогает специалистам строительной отрасли подготовиться к экзамену и собрать документы для допуска к НОК.

Клиентам из города Майкоп. МСМ работает с заказчиками по всей России.

Чем поможем:
• Разберём вашу задачу и направление квалификации.
• Поможем собрать и подготовить документы.
• Организуем подготовку к экзамену.
• Сопроводим по организационным вопросам до получения результатов.

Работаем со специалистами по строительству, проектированию и инженерным изысканиям. Подготовка и сопровождение подбираются под вашу квалификацию и текущую ситуацию.

Компания МСМ специализируется на лицензировании, саморегулировании и подготовке специалистов. Разберём исходную ситуацию и объясним последовательность действий.

Напишите в чат «НОК» и укажите вашу специальность, город и желаемый срок прохождения. Подскажем, с чего начать.";images/nok.png;;;;NEW_REVIEW;https://nadosro.ru/nezavisimaya-oczenka-kvalifikaczii;DRAFT_NOT_FOR_UPLOAD
mcm-nrs-maykop;90;Майкоп;НРС;nrs;Включение в НРС НОСТРОЙ / НОПРИЗ — помощь;"Планируете включение специалиста в национальный реестр? МСМ поможет проверить документы и подготовить заявление для НОСТРОЙ или НОПРИЗ.

Клиентам из города Майкоп. МСМ работает с заказчиками по всей России.

Чем поможем:
• Проведём предварительный разбор документов специалиста.
• Подскажем, какие сведения нужно дополнить.
• Поможем подготовить комплект документов и заявление.
• Сопроводим рассмотрение и разберём замечания при их наличии.

Помогаем специалистам строительных, проектных и изыскательских организаций. Если ранее получили отказ, разберём его причины и возможные дальнейшие действия.

Компания МСМ специализируется на лицензировании, саморегулировании и подготовке специалистов. Разберём исходную ситуацию и объясним последовательность действий.

Напишите в чат «НРС»: укажите направление, образование и стаж. Подскажем порядок подготовки документов.";images/nrs.png;;;;NEW_REVIEW;https://nadosro.ru/vnesenie-specialistov-v-nacionalnyj-reestr;DRAFT_NOT_FOR_UPLOAD
mcm-mchs-maykop;90;Майкоп;Лицензия МЧС;mchs;Лицензия МЧС — помощь в оформлении;"Готовите компанию к получению лицензии МЧС? МСМ сопровождает оформление: от разбора вашей задачи до подготовки документов и взаимодействия по заявлению.

Клиентам из города Майкоп. МСМ работает с заказчиками по всей России.

Чем поможем:
• Определим перечень работ, по которым нужна лицензия.
• Поможем собрать документы компании и специалистов.
• Проконсультируем по оборудованию и его документальному оформлению.
• Подготовим к проверке и сопроводим процесс рассмотрения.

Работаем с организациями и ИП в сфере пожарной безопасности. Сначала выясним, какие работы вы планируете выполнять, какие специалисты и оборудование уже есть, затем составим план подготовки.

Компания МСМ специализируется на лицензировании, саморегулировании и подготовке специалистов. Разберём исходную ситуацию и объясним последовательность действий.

Напишите в чат «МЧС» и перечислите планируемые работы. Расскажем, какие документы понадобятся в вашей ситуации.";images/mchs.png;;;;NEW_REVIEW;https://nadosro.ru/license/poluchit-licenziyu-mchs;DRAFT_NOT_FOR_UPLOAD
mcm-giop-maykop;90;Майкоп;Минкультуры / ГИОП;giop;Лицензия Минкультуры, ГИОП — оформление;"Нужна помощь с лицензией Минкультуры на реставрационные работы? МСМ сопровождает подготовку документов для деятельности по сохранению объектов культурного наследия. Это направление также ищут как «лицензия ГИОП».

Клиентам из города Майкоп. МСМ работает с заказчиками по всей России.

Чем поможем:
• Разберём перечень планируемых реставрационных работ.
• Поможем собрать и подготовить документы организации.
• Проконсультируем по квалификации и аттестации специалистов.
• Сопроводим подачу и рассмотрение заявления.

Работаем с компаниями из разных регионов России. Порядок подготовки определяем с учётом выбранных работ, состава специалистов и готовности документов.

Компания МСМ специализируется на лицензировании, саморегулировании и подготовке специалистов. Разберём исходную ситуацию и объясним последовательность действий.

Напишите в чат «ГИОП» и укажите виды работ. Подскажем дальнейшие шаги для вашей компании.";images/giop.png;;;;NEW_REVIEW;https://nadosro.ru/license/licenziya-minkultury;DRAFT_NOT_FOR_UPLOAD
mcm-sro-maykop;90;Майкоп;СРО — три направления;sro;СРО: строительство, проектирование, изыскания;"Нужно вступить в СРО? МСМ поможет подобрать саморегулируемую организацию и подготовить документы для вашей компании или ИП. Сопровождаем три направления: строительство, проектирование и инженерные изыскания.

Клиентам из города Майкоп. МСМ работает с заказчиками по всей России.

Чем поможем:
• Разберём виды работ, регион регистрации и задачи компании.
• Поможем подобрать СРО по нужному направлению.
• Подготовим комплект документов и заявление на вступление.
• Проконсультируем по специалистам НРС и требованиям выбранной СРО.
• Сопроводим рассмотрение документов и разберём замечания.

Строителям помогаем оформить членство в СРО для строительных работ. Проектировщикам — для подготовки проектной документации. Изыскателям — для инженерных изысканий. Если компании нужны несколько направлений, разберём каждое и согласуем общий порядок подготовки.

Компания МСМ специализируется на лицензировании, саморегулировании и подготовке специалистов. Разберём исходную ситуацию и объясним последовательность действий.

Напишите в чат «СРО» и укажите направление, регион регистрации и планируемые работы. Подскажем, какие документы подготовить в первую очередь.";images/sro.png;;;;NEW_REVIEW;https://nadosro.ru/;DRAFT_NOT_FOR_UPLOAD
mcm-nok-pyatigorsk;91;Пятигорск;НОК;nok;НОК НОСТРОЙ / НОПРИЗ — подготовка к экзамену;"Нужно пройти независимую оценку квалификации? МСМ помогает специалистам строительной отрасли подготовиться к экзамену и собрать документы для допуска к НОК.

Клиентам из города Пятигорск. МСМ работает с заказчиками по всей России.

Чем поможем:
• Разберём вашу задачу и направление квалификации.
• Поможем собрать и подготовить документы.
• Организуем подготовку к экзамену.
• Сопроводим по организационным вопросам до получения результатов.

Работаем со специалистами по строительству, проектированию и инженерным изысканиям. Подготовка и сопровождение подбираются под вашу квалификацию и текущую ситуацию.

Компания МСМ специализируется на лицензировании, саморегулировании и подготовке специалистов. Разберём исходную ситуацию и объясним последовательность действий.

Напишите в чат «НОК» и укажите вашу специальность, город и желаемый срок прохождения. Подскажем, с чего начать.";images/nok.png;;;;NEW_REVIEW;https://nadosro.ru/nezavisimaya-oczenka-kvalifikaczii;DRAFT_NOT_FOR_UPLOAD
mcm-nrs-pyatigorsk;91;Пятигорск;НРС;nrs;Включение в НРС НОСТРОЙ / НОПРИЗ — помощь;"Планируете включение специалиста в национальный реестр? МСМ поможет проверить документы и подготовить заявление для НОСТРОЙ или НОПРИЗ.

Клиентам из города Пятигорск. МСМ работает с заказчиками по всей России.

Чем поможем:
• Проведём предварительный разбор документов специалиста.
• Подскажем, какие сведения нужно дополнить.
• Поможем подготовить комплект документов и заявление.
• Сопроводим рассмотрение и разберём замечания при их наличии.

Помогаем специалистам строительных, проектных и изыскательских организаций. Если ранее получили отказ, разберём его причины и возможные дальнейшие действия.

Компания МСМ специализируется на лицензировании, саморегулировании и подготовке специалистов. Разберём исходную ситуацию и объясним последовательность действий.

Напишите в чат «НРС»: укажите направление, образование и стаж. Подскажем порядок подготовки документов.";images/nrs.png;;;;NEW_REVIEW;https://nadosro.ru/vnesenie-specialistov-v-nacionalnyj-reestr;DRAFT_NOT_FOR_UPLOAD
mcm-mchs-pyatigorsk;91;Пятигорск;Лицензия МЧС;mchs;Лицензия МЧС — помощь в оформлении;"Готовите компанию к получению лицензии МЧС? МСМ сопровождает оформление: от разбора вашей задачи до подготовки документов и взаимодействия по заявлению.

Клиентам из города Пятигорск. МСМ работает с заказчиками по всей России.

Чем поможем:
• Определим перечень работ, по которым нужна лицензия.
• Поможем собрать документы компании и специалистов.
• Проконсультируем по оборудованию и его документальному оформлению.
• Подготовим к проверке и сопроводим процесс рассмотрения.

Работаем с организациями и ИП в сфере пожарной безопасности. Сначала выясним, какие работы вы планируете выполнять, какие специалисты и оборудование уже есть, затем составим план подготовки.

Компания МСМ специализируется на лицензировании, саморегулировании и подготовке специалистов. Разберём исходную ситуацию и объясним последовательность действий.

Напишите в чат «МЧС» и перечислите планируемые работы. Расскажем, какие документы понадобятся в вашей ситуации.";images/mchs.png;;;;NEW_REVIEW;https://nadosro.ru/license/poluchit-licenziyu-mchs;DRAFT_NOT_FOR_UPLOAD
mcm-giop-pyatigorsk;91;Пятигорск;Минкультуры / ГИОП;giop;Лицензия Минкультуры, ГИОП — оформление;"Нужна помощь с лицензией Минкультуры на реставрационные работы? МСМ сопровождает подготовку документов для деятельности по сохранению объектов культурного наследия. Это направление также ищут как «лицензия ГИОП».

Клиентам из города Пятигорск. МСМ работает с заказчиками по всей России.

Чем поможем:
• Разберём перечень планируемых реставрационных работ.
• Поможем собрать и подготовить документы организации.
• Проконсультируем по квалификации и аттестации специалистов.
• Сопроводим подачу и рассмотрение заявления.

Работаем с компаниями из разных регионов России. Порядок подготовки определяем с учётом выбранных работ, состава специалистов и готовности документов.

Компания МСМ специализируется на лицензировании, саморегулировании и подготовке специалистов. Разберём исходную ситуацию и объясним последовательность действий.

Напишите в чат «ГИОП» и укажите виды работ. Подскажем дальнейшие шаги для вашей компании.";images/giop.png;;;;NEW_REVIEW;https://nadosro.ru/license/licenziya-minkultury;DRAFT_NOT_FOR_UPLOAD
mcm-sro-pyatigorsk;91;Пятигорск;СРО — три направления;sro;СРО: строительство, проектирование, изыскания;"Нужно вступить в СРО? МСМ поможет подобрать саморегулируемую организацию и подготовить документы для вашей компании или ИП. Сопровождаем три направления: строительство, проектирование и инженерные изыскания.

Клиентам из города Пятигорск. МСМ работает с заказчиками по всей России.

Чем поможем:
• Разберём виды работ, регион регистрации и задачи компании.
• Поможем подобрать СРО по нужному направлению.
• Подготовим комплект документов и заявление на вступление.
• Проконсультируем по специалистам НРС и требованиям выбранной СРО.
• Сопроводим рассмотрение документов и разберём замечания.

Строителям помогаем оформить членство в СРО для строительных работ. Проектировщикам — для подготовки проектной документации. Изыскателям — для инженерных изысканий. Если компании нужны несколько направлений, разберём каждое и согласуем общий порядок подготовки.

Компания МСМ специализируется на лицензировании, саморегулировании и подготовке специалистов. Разберём исходную ситуацию и объясним последовательность действий.

Напишите в чат «СРО» и укажите направление, регион регистрации и планируемые работы. Подскажем, какие документы подготовить в первую очередь.";images/sro.png;;;;NEW_REVIEW;https://nadosro.ru/;DRAFT_NOT_FOR_UPLOAD
mcm-nok-cherkessk;92;Черкесск;НОК;nok;НОК НОСТРОЙ / НОПРИЗ — подготовка к экзамену;"Нужно пройти независимую оценку квалификации? МСМ помогает специалистам строительной отрасли подготовиться к экзамену и собрать документы для допуска к НОК.

Клиентам из города Черкесск. МСМ работает с заказчиками по всей России.

Чем поможем:
• Разберём вашу задачу и направление квалификации.
• Поможем собрать и подготовить документы.
• Организуем подготовку к экзамену.
• Сопроводим по организационным вопросам до получения результатов.

Работаем со специалистами по строительству, проектированию и инженерным изысканиям. Подготовка и сопровождение подбираются под вашу квалификацию и текущую ситуацию.

Компания МСМ специализируется на лицензировании, саморегулировании и подготовке специалистов. Разберём исходную ситуацию и объясним последовательность действий.

Напишите в чат «НОК» и укажите вашу специальность, город и желаемый срок прохождения. Подскажем, с чего начать.";images/nok.png;;;;NEW_REVIEW;https://nadosro.ru/nezavisimaya-oczenka-kvalifikaczii;DRAFT_NOT_FOR_UPLOAD
mcm-nrs-cherkessk;92;Черкесск;НРС;nrs;Включение в НРС НОСТРОЙ / НОПРИЗ — помощь;"Планируете включение специалиста в национальный реестр? МСМ поможет проверить документы и подготовить заявление для НОСТРОЙ или НОПРИЗ.

Клиентам из города Черкесск. МСМ работает с заказчиками по всей России.

Чем поможем:
• Проведём предварительный разбор документов специалиста.
• Подскажем, какие сведения нужно дополнить.
• Поможем подготовить комплект документов и заявление.
• Сопроводим рассмотрение и разберём замечания при их наличии.

Помогаем специалистам строительных, проектных и изыскательских организаций. Если ранее получили отказ, разберём его причины и возможные дальнейшие действия.

Компания МСМ специализируется на лицензировании, саморегулировании и подготовке специалистов. Разберём исходную ситуацию и объясним последовательность действий.

Напишите в чат «НРС»: укажите направление, образование и стаж. Подскажем порядок подготовки документов.";images/nrs.png;;;;NEW_REVIEW;https://nadosro.ru/vnesenie-specialistov-v-nacionalnyj-reestr;DRAFT_NOT_FOR_UPLOAD
mcm-mchs-cherkessk;92;Черкесск;Лицензия МЧС;mchs;Лицензия МЧС — помощь в оформлении;"Готовите компанию к получению лицензии МЧС? МСМ сопровождает оформление: от разбора вашей задачи до подготовки документов и взаимодействия по заявлению.

Клиентам из города Черкесск. МСМ работает с заказчиками по всей России.

Чем поможем:
• Определим перечень работ, по которым нужна лицензия.
• Поможем собрать документы компании и специалистов.
• Проконсультируем по оборудованию и его документальному оформлению.
• Подготовим к проверке и сопроводим процесс рассмотрения.

Работаем с организациями и ИП в сфере пожарной безопасности. Сначала выясним, какие работы вы планируете выполнять, какие специалисты и оборудование уже есть, затем составим план подготовки.

Компания МСМ специализируется на лицензировании, саморегулировании и подготовке специалистов. Разберём исходную ситуацию и объясним последовательность действий.

Напишите в чат «МЧС» и перечислите планируемые работы. Расскажем, какие документы понадобятся в вашей ситуации.";images/mchs.png;;;;NEW_REVIEW;https://nadosro.ru/license/poluchit-licenziyu-mchs;DRAFT_NOT_FOR_UPLOAD
mcm-giop-cherkessk;92;Черкесск;Минкультуры / ГИОП;giop;Лицензия Минкультуры, ГИОП — оформление;"Нужна помощь с лицензией Минкультуры на реставрационные работы? МСМ сопровождает подготовку документов для деятельности по сохранению объектов культурного наследия. Это направление также ищут как «лицензия ГИОП».

Клиентам из города Черкесск. МСМ работает с заказчиками по всей России.

Чем поможем:
• Разберём перечень планируемых реставрационных работ.
• Поможем собрать и подготовить документы организации.
• Проконсультируем по квалификации и аттестации специалистов.
• Сопроводим подачу и рассмотрение заявления.

Работаем с компаниями из разных регионов России. Порядок подготовки определяем с учётом выбранных работ, состава специалистов и готовности документов.

Компания МСМ специализируется на лицензировании, саморегулировании и подготовке специалистов. Разберём исходную ситуацию и объясним последовательность действий.

Напишите в чат «ГИОП» и укажите виды работ. Подскажем дальнейшие шаги для вашей компании.";images/giop.png;;;;NEW_REVIEW;https://nadosro.ru/license/licenziya-minkultury;DRAFT_NOT_FOR_UPLOAD
mcm-sro-cherkessk;92;Черкесск;СРО — три направления;sro;СРО: строительство, проектирование, изыскания;"Нужно вступить в СРО? МСМ поможет подобрать саморегулируемую организацию и подготовить документы для вашей компании или ИП. Сопровождаем три направления: строительство, проектирование и инженерные изыскания.

Клиентам из города Черкесск. МСМ работает с заказчиками по всей России.

Чем поможем:
• Разберём виды работ, регион регистрации и задачи компании.
• Поможем подобрать СРО по нужному направлению.
• Подготовим комплект документов и заявление на вступление.
• Проконсультируем по специалистам НРС и требованиям выбранной СРО.
• Сопроводим рассмотрение документов и разберём замечания.

Строителям помогаем оформить членство в СРО для строительных работ. Проектировщикам — для подготовки проектной документации. Изыскателям — для инженерных изысканий. Если компании нужны несколько направлений, разберём каждое и согласуем общий порядок подготовки.

Компания МСМ специализируется на лицензировании, саморегулировании и подготовке специалистов. Разберём исходную ситуацию и объясним последовательность действий.

Напишите в чат «СРО» и укажите направление, регион регистрации и планируемые работы. Подскажем, какие документы подготовить в первую очередь.";images/sro.png;;;;NEW_REVIEW;https://nadosro.ru/;DRAFT_NOT_FOR_UPLOAD
mcm-nok-hanty-mansiysk;93;Ханты-Мансийск;НОК;nok;НОК НОСТРОЙ / НОПРИЗ — подготовка к экзамену;"Нужно пройти независимую оценку квалификации? МСМ помогает специалистам строительной отрасли подготовиться к экзамену и собрать документы для допуска к НОК.

Клиентам из города Ханты-Мансийск. МСМ работает с заказчиками по всей России.

Чем поможем:
• Разберём вашу задачу и направление квалификации.
• Поможем собрать и подготовить документы.
• Организуем подготовку к экзамену.
• Сопроводим по организационным вопросам до получения результатов.

Работаем со специалистами по строительству, проектированию и инженерным изысканиям. Подготовка и сопровождение подбираются под вашу квалификацию и текущую ситуацию.

Компания МСМ специализируется на лицензировании, саморегулировании и подготовке специалистов. Разберём исходную ситуацию и объясним последовательность действий.

Напишите в чат «НОК» и укажите вашу специальность, город и желаемый срок прохождения. Подскажем, с чего начать.";images/nok.png;;;;NEW_REVIEW;https://nadosro.ru/nezavisimaya-oczenka-kvalifikaczii;DRAFT_NOT_FOR_UPLOAD
mcm-nrs-hanty-mansiysk;93;Ханты-Мансийск;НРС;nrs;Включение в НРС НОСТРОЙ / НОПРИЗ — помощь;"Планируете включение специалиста в национальный реестр? МСМ поможет проверить документы и подготовить заявление для НОСТРОЙ или НОПРИЗ.

Клиентам из города Ханты-Мансийск. МСМ работает с заказчиками по всей России.

Чем поможем:
• Проведём предварительный разбор документов специалиста.
• Подскажем, какие сведения нужно дополнить.
• Поможем подготовить комплект документов и заявление.
• Сопроводим рассмотрение и разберём замечания при их наличии.

Помогаем специалистам строительных, проектных и изыскательских организаций. Если ранее получили отказ, разберём его причины и возможные дальнейшие действия.

Компания МСМ специализируется на лицензировании, саморегулировании и подготовке специалистов. Разберём исходную ситуацию и объясним последовательность действий.

Напишите в чат «НРС»: укажите направление, образование и стаж. Подскажем порядок подготовки документов.";images/nrs.png;;;;NEW_REVIEW;https://nadosro.ru/vnesenie-specialistov-v-nacionalnyj-reestr;DRAFT_NOT_FOR_UPLOAD
mcm-mchs-hanty-mansiysk;93;Ханты-Мансийск;Лицензия МЧС;mchs;Лицензия МЧС — помощь в оформлении;"Готовите компанию к получению лицензии МЧС? МСМ сопровождает оформление: от разбора вашей задачи до подготовки документов и взаимодействия по заявлению.

Клиентам из города Ханты-Мансийск. МСМ работает с заказчиками по всей России.

Чем поможем:
• Определим перечень работ, по которым нужна лицензия.
• Поможем собрать документы компании и специалистов.
• Проконсультируем по оборудованию и его документальному оформлению.
• Подготовим к проверке и сопроводим процесс рассмотрения.

Работаем с организациями и ИП в сфере пожарной безопасности. Сначала выясним, какие работы вы планируете выполнять, какие специалисты и оборудование уже есть, затем составим план подготовки.

Компания МСМ специализируется на лицензировании, саморегулировании и подготовке специалистов. Разберём исходную ситуацию и объясним последовательность действий.

Напишите в чат «МЧС» и перечислите планируемые работы. Расскажем, какие документы понадобятся в вашей ситуации.";images/mchs.png;;;;NEW_REVIEW;https://nadosro.ru/license/poluchit-licenziyu-mchs;DRAFT_NOT_FOR_UPLOAD
mcm-giop-hanty-mansiysk;93;Ханты-Мансийск;Минкультуры / ГИОП;giop;Лицензия Минкультуры, ГИОП — оформление;"Нужна помощь с лицензией Минкультуры на реставрационные работы? МСМ сопровождает подготовку документов для деятельности по сохранению объектов культурного наследия. Это направление также ищут как «лицензия ГИОП».

Клиентам из города Ханты-Мансийск. МСМ работает с заказчиками по всей России.

Чем поможем:
• Разберём перечень планируемых реставрационных работ.
• Поможем собрать и подготовить документы организации.
• Проконсультируем по квалификации и аттестации специалистов.
• Сопроводим подачу и рассмотрение заявления.

Работаем с компаниями из разных регионов России. Порядок подготовки определяем с учётом выбранных работ, состава специалистов и готовности документов.

Компания МСМ специализируется на лицензировании, саморегулировании и подготовке специалистов. Разберём исходную ситуацию и объясним последовательность действий.

Напишите в чат «ГИОП» и укажите виды работ. Подскажем дальнейшие шаги для вашей компании.";images/giop.png;;;;NEW_REVIEW;https://nadosro.ru/license/licenziya-minkultury;DRAFT_NOT_FOR_UPLOAD
mcm-sro-hanty-mansiysk;93;Ханты-Мансийск;СРО — три направления;sro;СРО: строительство, проектирование, изыскания;"Нужно вступить в СРО? МСМ поможет подобрать саморегулируемую организацию и подготовить документы для вашей компании или ИП. Сопровождаем три направления: строительство, проектирование и инженерные изыскания.

Клиентам из города Ханты-Мансийск. МСМ работает с заказчиками по всей России.

Чем поможем:
• Разберём виды работ, регион регистрации и задачи компании.
• Поможем подобрать СРО по нужному направлению.
• Подготовим комплект документов и заявление на вступление.
• Проконсультируем по специалистам НРС и требованиям выбранной СРО.
• Сопроводим рассмотрение документов и разберём замечания.

Строителям помогаем оформить членство в СРО для строительных работ. Проектировщикам — для подготовки проектной документации. Изыскателям — для инженерных изысканий. Если компании нужны несколько направлений, разберём каждое и согласуем общий порядок подготовки.

Компания МСМ специализируется на лицензировании, саморегулировании и подготовке специалистов. Разберём исходную ситуацию и объясним последовательность действий.

Напишите в чат «СРО» и укажите направление, регион регистрации и планируемые работы. Подскажем, какие документы подготовить в первую очередь.";images/sro.png;;;;NEW_REVIEW;https://nadosro.ru/;DRAFT_NOT_FOR_UPLOAD
mcm-nok-elista;94;Элиста;НОК;nok;НОК НОСТРОЙ / НОПРИЗ — подготовка к экзамену;"Нужно пройти независимую оценку квалификации? МСМ помогает специалистам строительной отрасли подготовиться к экзамену и собрать документы для допуска к НОК.

Клиентам из города Элиста. МСМ работает с заказчиками по всей России.

Чем поможем:
• Разберём вашу задачу и направление квалификации.
• Поможем собрать и подготовить документы.
• Организуем подготовку к экзамену.
• Сопроводим по организационным вопросам до получения результатов.

Работаем со специалистами по строительству, проектированию и инженерным изысканиям. Подготовка и сопровождение подбираются под вашу квалификацию и текущую ситуацию.

Компания МСМ специализируется на лицензировании, саморегулировании и подготовке специалистов. Разберём исходную ситуацию и объясним последовательность действий.

Напишите в чат «НОК» и укажите вашу специальность, город и желаемый срок прохождения. Подскажем, с чего начать.";images/nok.png;;;;NEW_REVIEW;https://nadosro.ru/nezavisimaya-oczenka-kvalifikaczii;DRAFT_NOT_FOR_UPLOAD
mcm-nrs-elista;94;Элиста;НРС;nrs;Включение в НРС НОСТРОЙ / НОПРИЗ — помощь;"Планируете включение специалиста в национальный реестр? МСМ поможет проверить документы и подготовить заявление для НОСТРОЙ или НОПРИЗ.

Клиентам из города Элиста. МСМ работает с заказчиками по всей России.

Чем поможем:
• Проведём предварительный разбор документов специалиста.
• Подскажем, какие сведения нужно дополнить.
• Поможем подготовить комплект документов и заявление.
• Сопроводим рассмотрение и разберём замечания при их наличии.

Помогаем специалистам строительных, проектных и изыскательских организаций. Если ранее получили отказ, разберём его причины и возможные дальнейшие действия.

Компания МСМ специализируется на лицензировании, саморегулировании и подготовке специалистов. Разберём исходную ситуацию и объясним последовательность действий.

Напишите в чат «НРС»: укажите направление, образование и стаж. Подскажем порядок подготовки документов.";images/nrs.png;;;;NEW_REVIEW;https://nadosro.ru/vnesenie-specialistov-v-nacionalnyj-reestr;DRAFT_NOT_FOR_UPLOAD
mcm-mchs-elista;94;Элиста;Лицензия МЧС;mchs;Лицензия МЧС — помощь в оформлении;"Готовите компанию к получению лицензии МЧС? МСМ сопровождает оформление: от разбора вашей задачи до подготовки документов и взаимодействия по заявлению.

Клиентам из города Элиста. МСМ работает с заказчиками по всей России.

Чем поможем:
• Определим перечень работ, по которым нужна лицензия.
• Поможем собрать документы компании и специалистов.
• Проконсультируем по оборудованию и его документальному оформлению.
• Подготовим к проверке и сопроводим процесс рассмотрения.

Работаем с организациями и ИП в сфере пожарной безопасности. Сначала выясним, какие работы вы планируете выполнять, какие специалисты и оборудование уже есть, затем составим план подготовки.

Компания МСМ специализируется на лицензировании, саморегулировании и подготовке специалистов. Разберём исходную ситуацию и объясним последовательность действий.

Напишите в чат «МЧС» и перечислите планируемые работы. Расскажем, какие документы понадобятся в вашей ситуации.";images/mchs.png;;;;NEW_REVIEW;https://nadosro.ru/license/poluchit-licenziyu-mchs;DRAFT_NOT_FOR_UPLOAD
mcm-giop-elista;94;Элиста;Минкультуры / ГИОП;giop;Лицензия Минкультуры, ГИОП — оформление;"Нужна помощь с лицензией Минкультуры на реставрационные работы? МСМ сопровождает подготовку документов для деятельности по сохранению объектов культурного наследия. Это направление также ищут как «лицензия ГИОП».

Клиентам из города Элиста. МСМ работает с заказчиками по всей России.

Чем поможем:
• Разберём перечень планируемых реставрационных работ.
• Поможем собрать и подготовить документы организации.
• Проконсультируем по квалификации и аттестации специалистов.
• Сопроводим подачу и рассмотрение заявления.

Работаем с компаниями из разных регионов России. Порядок подготовки определяем с учётом выбранных работ, состава специалистов и готовности документов.

Компания МСМ специализируется на лицензировании, саморегулировании и подготовке специалистов. Разберём исходную ситуацию и объясним последовательность действий.

Напишите в чат «ГИОП» и укажите виды работ. Подскажем дальнейшие шаги для вашей компании.";images/giop.png;;;;NEW_REVIEW;https://nadosro.ru/license/licenziya-minkultury;DRAFT_NOT_FOR_UPLOAD
mcm-sro-elista;94;Элиста;СРО — три направления;sro;СРО: строительство, проектирование, изыскания;"Нужно вступить в СРО? МСМ поможет подобрать саморегулируемую организацию и подготовить документы для вашей компании или ИП. Сопровождаем три направления: строительство, проектирование и инженерные изыскания.

Клиентам из города Элиста. МСМ работает с заказчиками по всей России.

Чем поможем:
• Разберём виды работ, регион регистрации и задачи компании.
• Поможем подобрать СРО по нужному направлению.
• Подготовим комплект документов и заявление на вступление.
• Проконсультируем по специалистам НРС и требованиям выбранной СРО.
• Сопроводим рассмотрение документов и разберём замечания.

Строителям помогаем оформить членство в СРО для строительных работ. Проектировщикам — для подготовки проектной документации. Изыскателям — для инженерных изысканий. Если компании нужны несколько направлений, разберём каждое и согласуем общий порядок подготовки.

Компания МСМ специализируется на лицензировании, саморегулировании и подготовке специалистов. Разберём исходную ситуацию и объясним последовательность действий.

Напишите в чат «СРО» и укажите направление, регион регистрации и планируемые работы. Подскажем, какие документы подготовить в первую очередь.";images/sro.png;;;;NEW_REVIEW;https://nadosro.ru/;DRAFT_NOT_FOR_UPLOAD
mcm-nok-gorno-altaysk;95;Горно-Алтайск;НОК;nok;НОК НОСТРОЙ / НОПРИЗ — подготовка к экзамену;"Нужно пройти независимую оценку квалификации? МСМ помогает специалистам строительной отрасли подготовиться к экзамену и собрать документы для допуска к НОК.

Клиентам из города Горно-Алтайск. МСМ работает с заказчиками по всей России.

Чем поможем:
• Разберём вашу задачу и направление квалификации.
• Поможем собрать и подготовить документы.
• Организуем подготовку к экзамену.
• Сопроводим по организационным вопросам до получения результатов.

Работаем со специалистами по строительству, проектированию и инженерным изысканиям. Подготовка и сопровождение подбираются под вашу квалификацию и текущую ситуацию.

Компания МСМ специализируется на лицензировании, саморегулировании и подготовке специалистов. Разберём исходную ситуацию и объясним последовательность действий.

Напишите в чат «НОК» и укажите вашу специальность, город и желаемый срок прохождения. Подскажем, с чего начать.";images/nok.png;;;;NEW_REVIEW;https://nadosro.ru/nezavisimaya-oczenka-kvalifikaczii;DRAFT_NOT_FOR_UPLOAD
mcm-nrs-gorno-altaysk;95;Горно-Алтайск;НРС;nrs;Включение в НРС НОСТРОЙ / НОПРИЗ — помощь;"Планируете включение специалиста в национальный реестр? МСМ поможет проверить документы и подготовить заявление для НОСТРОЙ или НОПРИЗ.

Клиентам из города Горно-Алтайск. МСМ работает с заказчиками по всей России.

Чем поможем:
• Проведём предварительный разбор документов специалиста.
• Подскажем, какие сведения нужно дополнить.
• Поможем подготовить комплект документов и заявление.
• Сопроводим рассмотрение и разберём замечания при их наличии.

Помогаем специалистам строительных, проектных и изыскательских организаций. Если ранее получили отказ, разберём его причины и возможные дальнейшие действия.

Компания МСМ специализируется на лицензировании, саморегулировании и подготовке специалистов. Разберём исходную ситуацию и объясним последовательность действий.

Напишите в чат «НРС»: укажите направление, образование и стаж. Подскажем порядок подготовки документов.";images/nrs.png;;;;NEW_REVIEW;https://nadosro.ru/vnesenie-specialistov-v-nacionalnyj-reestr;DRAFT_NOT_FOR_UPLOAD
mcm-mchs-gorno-altaysk;95;Горно-Алтайск;Лицензия МЧС;mchs;Лицензия МЧС — помощь в оформлении;"Готовите компанию к получению лицензии МЧС? МСМ сопровождает оформление: от разбора вашей задачи до подготовки документов и взаимодействия по заявлению.

Клиентам из города Горно-Алтайск. МСМ работает с заказчиками по всей России.

Чем поможем:
• Определим перечень работ, по которым нужна лицензия.
• Поможем собрать документы компании и специалистов.
• Проконсультируем по оборудованию и его документальному оформлению.
• Подготовим к проверке и сопроводим процесс рассмотрения.

Работаем с организациями и ИП в сфере пожарной безопасности. Сначала выясним, какие работы вы планируете выполнять, какие специалисты и оборудование уже есть, затем составим план подготовки.

Компания МСМ специализируется на лицензировании, саморегулировании и подготовке специалистов. Разберём исходную ситуацию и объясним последовательность действий.

Напишите в чат «МЧС» и перечислите планируемые работы. Расскажем, какие документы понадобятся в вашей ситуации.";images/mchs.png;;;;NEW_REVIEW;https://nadosro.ru/license/poluchit-licenziyu-mchs;DRAFT_NOT_FOR_UPLOAD
mcm-giop-gorno-altaysk;95;Горно-Алтайск;Минкультуры / ГИОП;giop;Лицензия Минкультуры, ГИОП — оформление;"Нужна помощь с лицензией Минкультуры на реставрационные работы? МСМ сопровождает подготовку документов для деятельности по сохранению объектов культурного наследия. Это направление также ищут как «лицензия ГИОП».

Клиентам из города Горно-Алтайск. МСМ работает с заказчиками по всей России.

Чем поможем:
• Разберём перечень планируемых реставрационных работ.
• Поможем собрать и подготовить документы организации.
• Проконсультируем по квалификации и аттестации специалистов.
• Сопроводим подачу и рассмотрение заявления.

Работаем с компаниями из разных регионов России. Порядок подготовки определяем с учётом выбранных работ, состава специалистов и готовности документов.

Компания МСМ специализируется на лицензировании, саморегулировании и подготовке специалистов. Разберём исходную ситуацию и объясним последовательность действий.

Напишите в чат «ГИОП» и укажите виды работ. Подскажем дальнейшие шаги для вашей компании.";images/giop.png;;;;NEW_REVIEW;https://nadosro.ru/license/licenziya-minkultury;DRAFT_NOT_FOR_UPLOAD
mcm-sro-gorno-altaysk;95;Горно-Алтайск;СРО — три направления;sro;СРО: строительство, проектирование, изыскания;"Нужно вступить в СРО? МСМ поможет подобрать саморегулируемую организацию и подготовить документы для вашей компании или ИП. Сопровождаем три направления: строительство, проектирование и инженерные изыскания.

Клиентам из города Горно-Алтайск. МСМ работает с заказчиками по всей России.

Чем поможем:
• Разберём виды работ, регион регистрации и задачи компании.
• Поможем подобрать СРО по нужному направлению.
• Подготовим комплект документов и заявление на вступление.
• Проконсультируем по специалистам НРС и требованиям выбранной СРО.
• Сопроводим рассмотрение документов и разберём замечания.

Строителям помогаем оформить членство в СРО для строительных работ. Проектировщикам — для подготовки проектной документации. Изыскателям — для инженерных изысканий. Если компании нужны несколько направлений, разберём каждое и согласуем общий порядок подготовки.

Компания МСМ специализируется на лицензировании, саморегулировании и подготовке специалистов. Разберём исходную ситуацию и объясним последовательность действий.

Напишите в чат «СРО» и укажите направление, регион регистрации и планируемые работы. Подскажем, какие документы подготовить в первую очередь.";images/sro.png;;;;NEW_REVIEW;https://nadosro.ru/;DRAFT_NOT_FOR_UPLOAD
mcm-nok-kyzyl;96;Кызыл;НОК;nok;НОК НОСТРОЙ / НОПРИЗ — подготовка к экзамену;"Нужно пройти независимую оценку квалификации? МСМ помогает специалистам строительной отрасли подготовиться к экзамену и собрать документы для допуска к НОК.

Клиентам из города Кызыл. МСМ работает с заказчиками по всей России.

Чем поможем:
• Разберём вашу задачу и направление квалификации.
• Поможем собрать и подготовить документы.
• Организуем подготовку к экзамену.
• Сопроводим по организационным вопросам до получения результатов.

Работаем со специалистами по строительству, проектированию и инженерным изысканиям. Подготовка и сопровождение подбираются под вашу квалификацию и текущую ситуацию.

Компания МСМ специализируется на лицензировании, саморегулировании и подготовке специалистов. Разберём исходную ситуацию и объясним последовательность действий.

Напишите в чат «НОК» и укажите вашу специальность, город и желаемый срок прохождения. Подскажем, с чего начать.";images/nok.png;;;;NEW_REVIEW;https://nadosro.ru/nezavisimaya-oczenka-kvalifikaczii;DRAFT_NOT_FOR_UPLOAD
mcm-nrs-kyzyl;96;Кызыл;НРС;nrs;Включение в НРС НОСТРОЙ / НОПРИЗ — помощь;"Планируете включение специалиста в национальный реестр? МСМ поможет проверить документы и подготовить заявление для НОСТРОЙ или НОПРИЗ.

Клиентам из города Кызыл. МСМ работает с заказчиками по всей России.

Чем поможем:
• Проведём предварительный разбор документов специалиста.
• Подскажем, какие сведения нужно дополнить.
• Поможем подготовить комплект документов и заявление.
• Сопроводим рассмотрение и разберём замечания при их наличии.

Помогаем специалистам строительных, проектных и изыскательских организаций. Если ранее получили отказ, разберём его причины и возможные дальнейшие действия.

Компания МСМ специализируется на лицензировании, саморегулировании и подготовке специалистов. Разберём исходную ситуацию и объясним последовательность действий.

Напишите в чат «НРС»: укажите направление, образование и стаж. Подскажем порядок подготовки документов.";images/nrs.png;;;;NEW_REVIEW;https://nadosro.ru/vnesenie-specialistov-v-nacionalnyj-reestr;DRAFT_NOT_FOR_UPLOAD
mcm-mchs-kyzyl;96;Кызыл;Лицензия МЧС;mchs;Лицензия МЧС — помощь в оформлении;"Готовите компанию к получению лицензии МЧС? МСМ сопровождает оформление: от разбора вашей задачи до подготовки документов и взаимодействия по заявлению.

Клиентам из города Кызыл. МСМ работает с заказчиками по всей России.

Чем поможем:
• Определим перечень работ, по которым нужна лицензия.
• Поможем собрать документы компании и специалистов.
• Проконсультируем по оборудованию и его документальному оформлению.
• Подготовим к проверке и сопроводим процесс рассмотрения.

Работаем с организациями и ИП в сфере пожарной безопасности. Сначала выясним, какие работы вы планируете выполнять, какие специалисты и оборудование уже есть, затем составим план подготовки.

Компания МСМ специализируется на лицензировании, саморегулировании и подготовке специалистов. Разберём исходную ситуацию и объясним последовательность действий.

Напишите в чат «МЧС» и перечислите планируемые работы. Расскажем, какие документы понадобятся в вашей ситуации.";images/mchs.png;;;;NEW_REVIEW;https://nadosro.ru/license/poluchit-licenziyu-mchs;DRAFT_NOT_FOR_UPLOAD
mcm-giop-kyzyl;96;Кызыл;Минкультуры / ГИОП;giop;Лицензия Минкультуры, ГИОП — оформление;"Нужна помощь с лицензией Минкультуры на реставрационные работы? МСМ сопровождает подготовку документов для деятельности по сохранению объектов культурного наследия. Это направление также ищут как «лицензия ГИОП».

Клиентам из города Кызыл. МСМ работает с заказчиками по всей России.

Чем поможем:
• Разберём перечень планируемых реставрационных работ.
• Поможем собрать и подготовить документы организации.
• Проконсультируем по квалификации и аттестации специалистов.
• Сопроводим подачу и рассмотрение заявления.

Работаем с компаниями из разных регионов России. Порядок подготовки определяем с учётом выбранных работ, состава специалистов и готовности документов.

Компания МСМ специализируется на лицензировании, саморегулировании и подготовке специалистов. Разберём исходную ситуацию и объясним последовательность действий.

Напишите в чат «ГИОП» и укажите виды работ. Подскажем дальнейшие шаги для вашей компании.";images/giop.png;;;;NEW_REVIEW;https://nadosro.ru/license/licenziya-minkultury;DRAFT_NOT_FOR_UPLOAD
mcm-sro-kyzyl;96;Кызыл;СРО — три направления;sro;СРО: строительство, проектирование, изыскания;"Нужно вступить в СРО? МСМ поможет подобрать саморегулируемую организацию и подготовить документы для вашей компании или ИП. Сопровождаем три направления: строительство, проектирование и инженерные изыскания.

Клиентам из города Кызыл. МСМ работает с заказчиками по всей России.

Чем поможем:
• Разберём виды работ, регион регистрации и задачи компании.
• Поможем подобрать СРО по нужному направлению.
• Подготовим комплект документов и заявление на вступление.
• Проконсультируем по специалистам НРС и требованиям выбранной СРО.
• Сопроводим рассмотрение документов и разберём замечания.

Строителям помогаем оформить членство в СРО для строительных работ. Проектировщикам — для подготовки проектной документации. Изыскателям — для инженерных изысканий. Если компании нужны несколько направлений, разберём каждое и согласуем общий порядок подготовки.

Компания МСМ специализируется на лицензировании, саморегулировании и подготовке специалистов. Разберём исходную ситуацию и объясним последовательность действий.

Напишите в чат «СРО» и укажите направление, регион регистрации и планируемые работы. Подскажем, какие документы подготовить в первую очередь.";images/sro.png;;;;NEW_REVIEW;https://nadosro.ru/;DRAFT_NOT_FOR_UPLOAD
mcm-nok-magadan;97;Магадан;НОК;nok;НОК НОСТРОЙ / НОПРИЗ — подготовка к экзамену;"Нужно пройти независимую оценку квалификации? МСМ помогает специалистам строительной отрасли подготовиться к экзамену и собрать документы для допуска к НОК.

Клиентам из города Магадан. МСМ работает с заказчиками по всей России.

Чем поможем:
• Разберём вашу задачу и направление квалификации.
• Поможем собрать и подготовить документы.
• Организуем подготовку к экзамену.
• Сопроводим по организационным вопросам до получения результатов.

Работаем со специалистами по строительству, проектированию и инженерным изысканиям. Подготовка и сопровождение подбираются под вашу квалификацию и текущую ситуацию.

Компания МСМ специализируется на лицензировании, саморегулировании и подготовке специалистов. Разберём исходную ситуацию и объясним последовательность действий.

Напишите в чат «НОК» и укажите вашу специальность, город и желаемый срок прохождения. Подскажем, с чего начать.";images/nok.png;;;;NEW_REVIEW;https://nadosro.ru/nezavisimaya-oczenka-kvalifikaczii;DRAFT_NOT_FOR_UPLOAD
mcm-nrs-magadan;97;Магадан;НРС;nrs;Включение в НРС НОСТРОЙ / НОПРИЗ — помощь;"Планируете включение специалиста в национальный реестр? МСМ поможет проверить документы и подготовить заявление для НОСТРОЙ или НОПРИЗ.

Клиентам из города Магадан. МСМ работает с заказчиками по всей России.

Чем поможем:
• Проведём предварительный разбор документов специалиста.
• Подскажем, какие сведения нужно дополнить.
• Поможем подготовить комплект документов и заявление.
• Сопроводим рассмотрение и разберём замечания при их наличии.

Помогаем специалистам строительных, проектных и изыскательских организаций. Если ранее получили отказ, разберём его причины и возможные дальнейшие действия.

Компания МСМ специализируется на лицензировании, саморегулировании и подготовке специалистов. Разберём исходную ситуацию и объясним последовательность действий.

Напишите в чат «НРС»: укажите направление, образование и стаж. Подскажем порядок подготовки документов.";images/nrs.png;;;;NEW_REVIEW;https://nadosro.ru/vnesenie-specialistov-v-nacionalnyj-reestr;DRAFT_NOT_FOR_UPLOAD
mcm-mchs-magadan;97;Магадан;Лицензия МЧС;mchs;Лицензия МЧС — помощь в оформлении;"Готовите компанию к получению лицензии МЧС? МСМ сопровождает оформление: от разбора вашей задачи до подготовки документов и взаимодействия по заявлению.

Клиентам из города Магадан. МСМ работает с заказчиками по всей России.

Чем поможем:
• Определим перечень работ, по которым нужна лицензия.
• Поможем собрать документы компании и специалистов.
• Проконсультируем по оборудованию и его документальному оформлению.
• Подготовим к проверке и сопроводим процесс рассмотрения.

Работаем с организациями и ИП в сфере пожарной безопасности. Сначала выясним, какие работы вы планируете выполнять, какие специалисты и оборудование уже есть, затем составим план подготовки.

Компания МСМ специализируется на лицензировании, саморегулировании и подготовке специалистов. Разберём исходную ситуацию и объясним последовательность действий.

Напишите в чат «МЧС» и перечислите планируемые работы. Расскажем, какие документы понадобятся в вашей ситуации.";images/mchs.png;;;;NEW_REVIEW;https://nadosro.ru/license/poluchit-licenziyu-mchs;DRAFT_NOT_FOR_UPLOAD
mcm-giop-magadan;97;Магадан;Минкультуры / ГИОП;giop;Лицензия Минкультуры, ГИОП — оформление;"Нужна помощь с лицензией Минкультуры на реставрационные работы? МСМ сопровождает подготовку документов для деятельности по сохранению объектов культурного наследия. Это направление также ищут как «лицензия ГИОП».

Клиентам из города Магадан. МСМ работает с заказчиками по всей России.

Чем поможем:
• Разберём перечень планируемых реставрационных работ.
• Поможем собрать и подготовить документы организации.
• Проконсультируем по квалификации и аттестации специалистов.
• Сопроводим подачу и рассмотрение заявления.

Работаем с компаниями из разных регионов России. Порядок подготовки определяем с учётом выбранных работ, состава специалистов и готовности документов.

Компания МСМ специализируется на лицензировании, саморегулировании и подготовке специалистов. Разберём исходную ситуацию и объясним последовательность действий.

Напишите в чат «ГИОП» и укажите виды работ. Подскажем дальнейшие шаги для вашей компании.";images/giop.png;;;;NEW_REVIEW;https://nadosro.ru/license/licenziya-minkultury;DRAFT_NOT_FOR_UPLOAD
mcm-sro-magadan;97;Магадан;СРО — три направления;sro;СРО: строительство, проектирование, изыскания;"Нужно вступить в СРО? МСМ поможет подобрать саморегулируемую организацию и подготовить документы для вашей компании или ИП. Сопровождаем три направления: строительство, проектирование и инженерные изыскания.

Клиентам из города Магадан. МСМ работает с заказчиками по всей России.

Чем поможем:
• Разберём виды работ, регион регистрации и задачи компании.
• Поможем подобрать СРО по нужному направлению.
• Подготовим комплект документов и заявление на вступление.
• Проконсультируем по специалистам НРС и требованиям выбранной СРО.
• Сопроводим рассмотрение документов и разберём замечания.

Строителям помогаем оформить членство в СРО для строительных работ. Проектировщикам — для подготовки проектной документации. Изыскателям — для инженерных изысканий. Если компании нужны несколько направлений, разберём каждое и согласуем общий порядок подготовки.

Компания МСМ специализируется на лицензировании, саморегулировании и подготовке специалистов. Разберём исходную ситуацию и объясним последовательность действий.

Напишите в чат «СРО» и укажите направление, регион регистрации и планируемые работы. Подскажем, какие документы подготовить в первую очередь.";images/sro.png;;;;NEW_REVIEW;https://nadosro.ru/;DRAFT_NOT_FOR_UPLOAD
mcm-nok-salehard;98;Салехард;НОК;nok;НОК НОСТРОЙ / НОПРИЗ — подготовка к экзамену;"Нужно пройти независимую оценку квалификации? МСМ помогает специалистам строительной отрасли подготовиться к экзамену и собрать документы для допуска к НОК.

Клиентам из города Салехард. МСМ работает с заказчиками по всей России.

Чем поможем:
• Разберём вашу задачу и направление квалификации.
• Поможем собрать и подготовить документы.
• Организуем подготовку к экзамену.
• Сопроводим по организационным вопросам до получения результатов.

Работаем со специалистами по строительству, проектированию и инженерным изысканиям. Подготовка и сопровождение подбираются под вашу квалификацию и текущую ситуацию.

Компания МСМ специализируется на лицензировании, саморегулировании и подготовке специалистов. Разберём исходную ситуацию и объясним последовательность действий.

Напишите в чат «НОК» и укажите вашу специальность, город и желаемый срок прохождения. Подскажем, с чего начать.";images/nok.png;;;;NEW_REVIEW;https://nadosro.ru/nezavisimaya-oczenka-kvalifikaczii;DRAFT_NOT_FOR_UPLOAD
mcm-nrs-salehard;98;Салехард;НРС;nrs;Включение в НРС НОСТРОЙ / НОПРИЗ — помощь;"Планируете включение специалиста в национальный реестр? МСМ поможет проверить документы и подготовить заявление для НОСТРОЙ или НОПРИЗ.

Клиентам из города Салехард. МСМ работает с заказчиками по всей России.

Чем поможем:
• Проведём предварительный разбор документов специалиста.
• Подскажем, какие сведения нужно дополнить.
• Поможем подготовить комплект документов и заявление.
• Сопроводим рассмотрение и разберём замечания при их наличии.

Помогаем специалистам строительных, проектных и изыскательских организаций. Если ранее получили отказ, разберём его причины и возможные дальнейшие действия.

Компания МСМ специализируется на лицензировании, саморегулировании и подготовке специалистов. Разберём исходную ситуацию и объясним последовательность действий.

Напишите в чат «НРС»: укажите направление, образование и стаж. Подскажем порядок подготовки документов.";images/nrs.png;;;;NEW_REVIEW;https://nadosro.ru/vnesenie-specialistov-v-nacionalnyj-reestr;DRAFT_NOT_FOR_UPLOAD
mcm-mchs-salehard;98;Салехард;Лицензия МЧС;mchs;Лицензия МЧС — помощь в оформлении;"Готовите компанию к получению лицензии МЧС? МСМ сопровождает оформление: от разбора вашей задачи до подготовки документов и взаимодействия по заявлению.

Клиентам из города Салехард. МСМ работает с заказчиками по всей России.

Чем поможем:
• Определим перечень работ, по которым нужна лицензия.
• Поможем собрать документы компании и специалистов.
• Проконсультируем по оборудованию и его документальному оформлению.
• Подготовим к проверке и сопроводим процесс рассмотрения.

Работаем с организациями и ИП в сфере пожарной безопасности. Сначала выясним, какие работы вы планируете выполнять, какие специалисты и оборудование уже есть, затем составим план подготовки.

Компания МСМ специализируется на лицензировании, саморегулировании и подготовке специалистов. Разберём исходную ситуацию и объясним последовательность действий.

Напишите в чат «МЧС» и перечислите планируемые работы. Расскажем, какие документы понадобятся в вашей ситуации.";images/mchs.png;;;;NEW_REVIEW;https://nadosro.ru/license/poluchit-licenziyu-mchs;DRAFT_NOT_FOR_UPLOAD
mcm-giop-salehard;98;Салехард;Минкультуры / ГИОП;giop;Лицензия Минкультуры, ГИОП — оформление;"Нужна помощь с лицензией Минкультуры на реставрационные работы? МСМ сопровождает подготовку документов для деятельности по сохранению объектов культурного наследия. Это направление также ищут как «лицензия ГИОП».

Клиентам из города Салехард. МСМ работает с заказчиками по всей России.

Чем поможем:
• Разберём перечень планируемых реставрационных работ.
• Поможем собрать и подготовить документы организации.
• Проконсультируем по квалификации и аттестации специалистов.
• Сопроводим подачу и рассмотрение заявления.

Работаем с компаниями из разных регионов России. Порядок подготовки определяем с учётом выбранных работ, состава специалистов и готовности документов.

Компания МСМ специализируется на лицензировании, саморегулировании и подготовке специалистов. Разберём исходную ситуацию и объясним последовательность действий.

Напишите в чат «ГИОП» и укажите виды работ. Подскажем дальнейшие шаги для вашей компании.";images/giop.png;;;;NEW_REVIEW;https://nadosro.ru/license/licenziya-minkultury;DRAFT_NOT_FOR_UPLOAD
mcm-sro-salehard;98;Салехард;СРО — три направления;sro;СРО: строительство, проектирование, изыскания;"Нужно вступить в СРО? МСМ поможет подобрать саморегулируемую организацию и подготовить документы для вашей компании или ИП. Сопровождаем три направления: строительство, проектирование и инженерные изыскания.

Клиентам из города Салехард. МСМ работает с заказчиками по всей России.

Чем поможем:
• Разберём виды работ, регион регистрации и задачи компании.
• Поможем подобрать СРО по нужному направлению.
• Подготовим комплект документов и заявление на вступление.
• Проконсультируем по специалистам НРС и требованиям выбранной СРО.
• Сопроводим рассмотрение документов и разберём замечания.

Строителям помогаем оформить членство в СРО для строительных работ. Проектировщикам — для подготовки проектной документации. Изыскателям — для инженерных изысканий. Если компании нужны несколько направлений, разберём каждое и согласуем общий порядок подготовки.

Компания МСМ специализируется на лицензировании, саморегулировании и подготовке специалистов. Разберём исходную ситуацию и объясним последовательность действий.

Напишите в чат «СРО» и укажите направление, регион регистрации и планируемые работы. Подскажем, какие документы подготовить в первую очередь.";images/sro.png;;;;NEW_REVIEW;https://nadosro.ru/;DRAFT_NOT_FOR_UPLOAD
mcm-nok-birobidzhan;99;Биробиджан;НОК;nok;НОК НОСТРОЙ / НОПРИЗ — подготовка к экзамену;"Нужно пройти независимую оценку квалификации? МСМ помогает специалистам строительной отрасли подготовиться к экзамену и собрать документы для допуска к НОК.

Клиентам из города Биробиджан. МСМ работает с заказчиками по всей России.

Чем поможем:
• Разберём вашу задачу и направление квалификации.
• Поможем собрать и подготовить документы.
• Организуем подготовку к экзамену.
• Сопроводим по организационным вопросам до получения результатов.

Работаем со специалистами по строительству, проектированию и инженерным изысканиям. Подготовка и сопровождение подбираются под вашу квалификацию и текущую ситуацию.

Компания МСМ специализируется на лицензировании, саморегулировании и подготовке специалистов. Разберём исходную ситуацию и объясним последовательность действий.

Напишите в чат «НОК» и укажите вашу специальность, город и желаемый срок прохождения. Подскажем, с чего начать.";images/nok.png;;;;NEW_REVIEW;https://nadosro.ru/nezavisimaya-oczenka-kvalifikaczii;DRAFT_NOT_FOR_UPLOAD
mcm-nrs-birobidzhan;99;Биробиджан;НРС;nrs;Включение в НРС НОСТРОЙ / НОПРИЗ — помощь;"Планируете включение специалиста в национальный реестр? МСМ поможет проверить документы и подготовить заявление для НОСТРОЙ или НОПРИЗ.

Клиентам из города Биробиджан. МСМ работает с заказчиками по всей России.

Чем поможем:
• Проведём предварительный разбор документов специалиста.
• Подскажем, какие сведения нужно дополнить.
• Поможем подготовить комплект документов и заявление.
• Сопроводим рассмотрение и разберём замечания при их наличии.

Помогаем специалистам строительных, проектных и изыскательских организаций. Если ранее получили отказ, разберём его причины и возможные дальнейшие действия.

Компания МСМ специализируется на лицензировании, саморегулировании и подготовке специалистов. Разберём исходную ситуацию и объясним последовательность действий.

Напишите в чат «НРС»: укажите направление, образование и стаж. Подскажем порядок подготовки документов.";images/nrs.png;;;;NEW_REVIEW;https://nadosro.ru/vnesenie-specialistov-v-nacionalnyj-reestr;DRAFT_NOT_FOR_UPLOAD
mcm-mchs-birobidzhan;99;Биробиджан;Лицензия МЧС;mchs;Лицензия МЧС — помощь в оформлении;"Готовите компанию к получению лицензии МЧС? МСМ сопровождает оформление: от разбора вашей задачи до подготовки документов и взаимодействия по заявлению.

Клиентам из города Биробиджан. МСМ работает с заказчиками по всей России.

Чем поможем:
• Определим перечень работ, по которым нужна лицензия.
• Поможем собрать документы компании и специалистов.
• Проконсультируем по оборудованию и его документальному оформлению.
• Подготовим к проверке и сопроводим процесс рассмотрения.

Работаем с организациями и ИП в сфере пожарной безопасности. Сначала выясним, какие работы вы планируете выполнять, какие специалисты и оборудование уже есть, затем составим план подготовки.

Компания МСМ специализируется на лицензировании, саморегулировании и подготовке специалистов. Разберём исходную ситуацию и объясним последовательность действий.

Напишите в чат «МЧС» и перечислите планируемые работы. Расскажем, какие документы понадобятся в вашей ситуации.";images/mchs.png;;;;NEW_REVIEW;https://nadosro.ru/license/poluchit-licenziyu-mchs;DRAFT_NOT_FOR_UPLOAD
mcm-giop-birobidzhan;99;Биробиджан;Минкультуры / ГИОП;giop;Лицензия Минкультуры, ГИОП — оформление;"Нужна помощь с лицензией Минкультуры на реставрационные работы? МСМ сопровождает подготовку документов для деятельности по сохранению объектов культурного наследия. Это направление также ищут как «лицензия ГИОП».

Клиентам из города Биробиджан. МСМ работает с заказчиками по всей России.

Чем поможем:
• Разберём перечень планируемых реставрационных работ.
• Поможем собрать и подготовить документы организации.
• Проконсультируем по квалификации и аттестации специалистов.
• Сопроводим подачу и рассмотрение заявления.

Работаем с компаниями из разных регионов России. Порядок подготовки определяем с учётом выбранных работ, состава специалистов и готовности документов.

Компания МСМ специализируется на лицензировании, саморегулировании и подготовке специалистов. Разберём исходную ситуацию и объясним последовательность действий.

Напишите в чат «ГИОП» и укажите виды работ. Подскажем дальнейшие шаги для вашей компании.";images/giop.png;;;;NEW_REVIEW;https://nadosro.ru/license/licenziya-minkultury;DRAFT_NOT_FOR_UPLOAD
mcm-sro-birobidzhan;99;Биробиджан;СРО — три направления;sro;СРО: строительство, проектирование, изыскания;"Нужно вступить в СРО? МСМ поможет подобрать саморегулируемую организацию и подготовить документы для вашей компании или ИП. Сопровождаем три направления: строительство, проектирование и инженерные изыскания.

Клиентам из города Биробиджан. МСМ работает с заказчиками по всей России.

Чем поможем:
• Разберём виды работ, регион регистрации и задачи компании.
• Поможем подобрать СРО по нужному направлению.
• Подготовим комплект документов и заявление на вступление.
• Проконсультируем по специалистам НРС и требованиям выбранной СРО.
• Сопроводим рассмотрение документов и разберём замечания.

Строителям помогаем оформить членство в СРО для строительных работ. Проектировщикам — для подготовки проектной документации. Изыскателям — для инженерных изысканий. Если компании нужны несколько направлений, разберём каждое и согласуем общий порядок подготовки.

Компания МСМ специализируется на лицензировании, саморегулировании и подготовке специалистов. Разберём исходную ситуацию и объясним последовательность действий.

Напишите в чат «СРО» и укажите направление, регион регистрации и планируемые работы. Подскажем, какие документы подготовить в первую очередь.";images/sro.png;;;;NEW_REVIEW;https://nadosro.ru/;DRAFT_NOT_FOR_UPLOAD
mcm-nok-anadyr;100;Анадырь;НОК;nok;НОК НОСТРОЙ / НОПРИЗ — подготовка к экзамену;"Нужно пройти независимую оценку квалификации? МСМ помогает специалистам строительной отрасли подготовиться к экзамену и собрать документы для допуска к НОК.

Клиентам из города Анадырь. МСМ работает с заказчиками по всей России.

Чем поможем:
• Разберём вашу задачу и направление квалификации.
• Поможем собрать и подготовить документы.
• Организуем подготовку к экзамену.
• Сопроводим по организационным вопросам до получения результатов.

Работаем со специалистами по строительству, проектированию и инженерным изысканиям. Подготовка и сопровождение подбираются под вашу квалификацию и текущую ситуацию.

Компания МСМ специализируется на лицензировании, саморегулировании и подготовке специалистов. Разберём исходную ситуацию и объясним последовательность действий.

Напишите в чат «НОК» и укажите вашу специальность, город и желаемый срок прохождения. Подскажем, с чего начать.";images/nok.png;;;;NEW_REVIEW;https://nadosro.ru/nezavisimaya-oczenka-kvalifikaczii;DRAFT_NOT_FOR_UPLOAD
mcm-nrs-anadyr;100;Анадырь;НРС;nrs;Включение в НРС НОСТРОЙ / НОПРИЗ — помощь;"Планируете включение специалиста в национальный реестр? МСМ поможет проверить документы и подготовить заявление для НОСТРОЙ или НОПРИЗ.

Клиентам из города Анадырь. МСМ работает с заказчиками по всей России.

Чем поможем:
• Проведём предварительный разбор документов специалиста.
• Подскажем, какие сведения нужно дополнить.
• Поможем подготовить комплект документов и заявление.
• Сопроводим рассмотрение и разберём замечания при их наличии.

Помогаем специалистам строительных, проектных и изыскательских организаций. Если ранее получили отказ, разберём его причины и возможные дальнейшие действия.

Компания МСМ специализируется на лицензировании, саморегулировании и подготовке специалистов. Разберём исходную ситуацию и объясним последовательность действий.

Напишите в чат «НРС»: укажите направление, образование и стаж. Подскажем порядок подготовки документов.";images/nrs.png;;;;NEW_REVIEW;https://nadosro.ru/vnesenie-specialistov-v-nacionalnyj-reestr;DRAFT_NOT_FOR_UPLOAD
mcm-mchs-anadyr;100;Анадырь;Лицензия МЧС;mchs;Лицензия МЧС — помощь в оформлении;"Готовите компанию к получению лицензии МЧС? МСМ сопровождает оформление: от разбора вашей задачи до подготовки документов и взаимодействия по заявлению.

Клиентам из города Анадырь. МСМ работает с заказчиками по всей России.

Чем поможем:
• Определим перечень работ, по которым нужна лицензия.
• Поможем собрать документы компании и специалистов.
• Проконсультируем по оборудованию и его документальному оформлению.
• Подготовим к проверке и сопроводим процесс рассмотрения.

Работаем с организациями и ИП в сфере пожарной безопасности. Сначала выясним, какие работы вы планируете выполнять, какие специалисты и оборудование уже есть, затем составим план подготовки.

Компания МСМ специализируется на лицензировании, саморегулировании и подготовке специалистов. Разберём исходную ситуацию и объясним последовательность действий.

Напишите в чат «МЧС» и перечислите планируемые работы. Расскажем, какие документы понадобятся в вашей ситуации.";images/mchs.png;;;;NEW_REVIEW;https://nadosro.ru/license/poluchit-licenziyu-mchs;DRAFT_NOT_FOR_UPLOAD
mcm-giop-anadyr;100;Анадырь;Минкультуры / ГИОП;giop;Лицензия Минкультуры, ГИОП — оформление;"Нужна помощь с лицензией Минкультуры на реставрационные работы? МСМ сопровождает подготовку документов для деятельности по сохранению объектов культурного наследия. Это направление также ищут как «лицензия ГИОП».

Клиентам из города Анадырь. МСМ работает с заказчиками по всей России.

Чем поможем:
• Разберём перечень планируемых реставрационных работ.
• Поможем собрать и подготовить документы организации.
• Проконсультируем по квалификации и аттестации специалистов.
• Сопроводим подачу и рассмотрение заявления.

Работаем с компаниями из разных регионов России. Порядок подготовки определяем с учётом выбранных работ, состава специалистов и готовности документов.

Компания МСМ специализируется на лицензировании, саморегулировании и подготовке специалистов. Разберём исходную ситуацию и объясним последовательность действий.

Напишите в чат «ГИОП» и укажите виды работ. Подскажем дальнейшие шаги для вашей компании.";images/giop.png;;;;NEW_REVIEW;https://nadosro.ru/license/licenziya-minkultury;DRAFT_NOT_FOR_UPLOAD
mcm-sro-anadyr;100;Анадырь;СРО — три направления;sro;СРО: строительство, проектирование, изыскания;"Нужно вступить в СРО? МСМ поможет подобрать саморегулируемую организацию и подготовить документы для вашей компании или ИП. Сопровождаем три направления: строительство, проектирование и инженерные изыскания.

Клиентам из города Анадырь. МСМ работает с заказчиками по всей России.

Чем поможем:
• Разберём виды работ, регион регистрации и задачи компании.
• Поможем подобрать СРО по нужному направлению.
• Подготовим комплект документов и заявление на вступление.
• Проконсультируем по специалистам НРС и требованиям выбранной СРО.
• Сопроводим рассмотрение документов и разберём замечания.

Строителям помогаем оформить членство в СРО для строительных работ. Проектировщикам — для подготовки проектной документации. Изыскателям — для инженерных изысканий. Если компании нужны несколько направлений, разберём каждое и согласуем общий порядок подготовки.

Компания МСМ специализируется на лицензировании, саморегулировании и подготовке специалистов. Разберём исходную ситуацию и объясним последовательность действий.

Напишите в чат «СРО» и укажите направление, регион регистрации и планируемые работы. Подскажем, какие документы подготовить в первую очередь.";images/sro.png;;;;NEW_REVIEW;https://nadosro.ru/;DRAFT_NOT_FOR_UPLOAD
mcm-nok-naryan-mar;101;Нарьян-Мар;НОК;nok;НОК НОСТРОЙ / НОПРИЗ — подготовка к экзамену;"Нужно пройти независимую оценку квалификации? МСМ помогает специалистам строительной отрасли подготовиться к экзамену и собрать документы для допуска к НОК.

Клиентам из города Нарьян-Мар. МСМ работает с заказчиками по всей России.

Чем поможем:
• Разберём вашу задачу и направление квалификации.
• Поможем собрать и подготовить документы.
• Организуем подготовку к экзамену.
• Сопроводим по организационным вопросам до получения результатов.

Работаем со специалистами по строительству, проектированию и инженерным изысканиям. Подготовка и сопровождение подбираются под вашу квалификацию и текущую ситуацию.

Компания МСМ специализируется на лицензировании, саморегулировании и подготовке специалистов. Разберём исходную ситуацию и объясним последовательность действий.

Напишите в чат «НОК» и укажите вашу специальность, город и желаемый срок прохождения. Подскажем, с чего начать.";images/nok.png;;;;NEW_REVIEW;https://nadosro.ru/nezavisimaya-oczenka-kvalifikaczii;DRAFT_NOT_FOR_UPLOAD
mcm-nrs-naryan-mar;101;Нарьян-Мар;НРС;nrs;Включение в НРС НОСТРОЙ / НОПРИЗ — помощь;"Планируете включение специалиста в национальный реестр? МСМ поможет проверить документы и подготовить заявление для НОСТРОЙ или НОПРИЗ.

Клиентам из города Нарьян-Мар. МСМ работает с заказчиками по всей России.

Чем поможем:
• Проведём предварительный разбор документов специалиста.
• Подскажем, какие сведения нужно дополнить.
• Поможем подготовить комплект документов и заявление.
• Сопроводим рассмотрение и разберём замечания при их наличии.

Помогаем специалистам строительных, проектных и изыскательских организаций. Если ранее получили отказ, разберём его причины и возможные дальнейшие действия.

Компания МСМ специализируется на лицензировании, саморегулировании и подготовке специалистов. Разберём исходную ситуацию и объясним последовательность действий.

Напишите в чат «НРС»: укажите направление, образование и стаж. Подскажем порядок подготовки документов.";images/nrs.png;;;;NEW_REVIEW;https://nadosro.ru/vnesenie-specialistov-v-nacionalnyj-reestr;DRAFT_NOT_FOR_UPLOAD
mcm-mchs-naryan-mar;101;Нарьян-Мар;Лицензия МЧС;mchs;Лицензия МЧС — помощь в оформлении;"Готовите компанию к получению лицензии МЧС? МСМ сопровождает оформление: от разбора вашей задачи до подготовки документов и взаимодействия по заявлению.

Клиентам из города Нарьян-Мар. МСМ работает с заказчиками по всей России.

Чем поможем:
• Определим перечень работ, по которым нужна лицензия.
• Поможем собрать документы компании и специалистов.
• Проконсультируем по оборудованию и его документальному оформлению.
• Подготовим к проверке и сопроводим процесс рассмотрения.

Работаем с организациями и ИП в сфере пожарной безопасности. Сначала выясним, какие работы вы планируете выполнять, какие специалисты и оборудование уже есть, затем составим план подготовки.

Компания МСМ специализируется на лицензировании, саморегулировании и подготовке специалистов. Разберём исходную ситуацию и объясним последовательность действий.

Напишите в чат «МЧС» и перечислите планируемые работы. Расскажем, какие документы понадобятся в вашей ситуации.";images/mchs.png;;;;NEW_REVIEW;https://nadosro.ru/license/poluchit-licenziyu-mchs;DRAFT_NOT_FOR_UPLOAD
mcm-giop-naryan-mar;101;Нарьян-Мар;Минкультуры / ГИОП;giop;Лицензия Минкультуры, ГИОП — оформление;"Нужна помощь с лицензией Минкультуры на реставрационные работы? МСМ сопровождает подготовку документов для деятельности по сохранению объектов культурного наследия. Это направление также ищут как «лицензия ГИОП».

Клиентам из города Нарьян-Мар. МСМ работает с заказчиками по всей России.

Чем поможем:
• Разберём перечень планируемых реставрационных работ.
• Поможем собрать и подготовить документы организации.
• Проконсультируем по квалификации и аттестации специалистов.
• Сопроводим подачу и рассмотрение заявления.

Работаем с компаниями из разных регионов России. Порядок подготовки определяем с учётом выбранных работ, состава специалистов и готовности документов.

Компания МСМ специализируется на лицензировании, саморегулировании и подготовке специалистов. Разберём исходную ситуацию и объясним последовательность действий.

Напишите в чат «ГИОП» и укажите виды работ. Подскажем дальнейшие шаги для вашей компании.";images/giop.png;;;;NEW_REVIEW;https://nadosro.ru/license/licenziya-minkultury;DRAFT_NOT_FOR_UPLOAD
mcm-sro-naryan-mar;101;Нарьян-Мар;СРО — три направления;sro;СРО: строительство, проектирование, изыскания;"Нужно вступить в СРО? МСМ поможет подобрать саморегулируемую организацию и подготовить документы для вашей компании или ИП. Сопровождаем три направления: строительство, проектирование и инженерные изыскания.

Клиентам из города Нарьян-Мар. МСМ работает с заказчиками по всей России.

Чем поможем:
• Разберём виды работ, регион регистрации и задачи компании.
• Поможем подобрать СРО по нужному направлению.
• Подготовим комплект документов и заявление на вступление.
• Проконсультируем по специалистам НРС и требованиям выбранной СРО.
• Сопроводим рассмотрение документов и разберём замечания.

Строителям помогаем оформить членство в СРО для строительных работ. Проектировщикам — для подготовки проектной документации. Изыскателям — для инженерных изысканий. Если компании нужны несколько направлений, разберём каждое и согласуем общий порядок подготовки.

Компания МСМ специализируется на лицензировании, саморегулировании и подготовке специалистов. Разберём исходную ситуацию и объясним последовательность действий.

Напишите в чат «СРО» и укажите направление, регион регистрации и планируемые работы. Подскажем, какие документы подготовить в первую очередь.";images/sro.png;;;;NEW_REVIEW;https://nadosro.ru/;DRAFT_NOT_FOR_UPLOAD
mcm-nok-sterlitamak;102;Стерлитамак;НОК;nok;НОК НОСТРОЙ / НОПРИЗ — подготовка к экзамену;"Нужно пройти независимую оценку квалификации? МСМ помогает специалистам строительной отрасли подготовиться к экзамену и собрать документы для допуска к НОК.

Клиентам из города Стерлитамак. МСМ работает с заказчиками по всей России.

Чем поможем:
• Разберём вашу задачу и направление квалификации.
• Поможем собрать и подготовить документы.
• Организуем подготовку к экзамену.
• Сопроводим по организационным вопросам до получения результатов.

Работаем со специалистами по строительству, проектированию и инженерным изысканиям. Подготовка и сопровождение подбираются под вашу квалификацию и текущую ситуацию.

Компания МСМ специализируется на лицензировании, саморегулировании и подготовке специалистов. Разберём исходную ситуацию и объясним последовательность действий.

Напишите в чат «НОК» и укажите вашу специальность, город и желаемый срок прохождения. Подскажем, с чего начать.";images/nok.png;;;;NEW_REVIEW;https://nadosro.ru/nezavisimaya-oczenka-kvalifikaczii;DRAFT_NOT_FOR_UPLOAD
mcm-nrs-sterlitamak;102;Стерлитамак;НРС;nrs;Включение в НРС НОСТРОЙ / НОПРИЗ — помощь;"Планируете включение специалиста в национальный реестр? МСМ поможет проверить документы и подготовить заявление для НОСТРОЙ или НОПРИЗ.

Клиентам из города Стерлитамак. МСМ работает с заказчиками по всей России.

Чем поможем:
• Проведём предварительный разбор документов специалиста.
• Подскажем, какие сведения нужно дополнить.
• Поможем подготовить комплект документов и заявление.
• Сопроводим рассмотрение и разберём замечания при их наличии.

Помогаем специалистам строительных, проектных и изыскательских организаций. Если ранее получили отказ, разберём его причины и возможные дальнейшие действия.

Компания МСМ специализируется на лицензировании, саморегулировании и подготовке специалистов. Разберём исходную ситуацию и объясним последовательность действий.

Напишите в чат «НРС»: укажите направление, образование и стаж. Подскажем порядок подготовки документов.";images/nrs.png;;;;NEW_REVIEW;https://nadosro.ru/vnesenie-specialistov-v-nacionalnyj-reestr;DRAFT_NOT_FOR_UPLOAD
mcm-mchs-sterlitamak;102;Стерлитамак;Лицензия МЧС;mchs;Лицензия МЧС — помощь в оформлении;"Готовите компанию к получению лицензии МЧС? МСМ сопровождает оформление: от разбора вашей задачи до подготовки документов и взаимодействия по заявлению.

Клиентам из города Стерлитамак. МСМ работает с заказчиками по всей России.

Чем поможем:
• Определим перечень работ, по которым нужна лицензия.
• Поможем собрать документы компании и специалистов.
• Проконсультируем по оборудованию и его документальному оформлению.
• Подготовим к проверке и сопроводим процесс рассмотрения.

Работаем с организациями и ИП в сфере пожарной безопасности. Сначала выясним, какие работы вы планируете выполнять, какие специалисты и оборудование уже есть, затем составим план подготовки.

Компания МСМ специализируется на лицензировании, саморегулировании и подготовке специалистов. Разберём исходную ситуацию и объясним последовательность действий.

Напишите в чат «МЧС» и перечислите планируемые работы. Расскажем, какие документы понадобятся в вашей ситуации.";images/mchs.png;;;;NEW_REVIEW;https://nadosro.ru/license/poluchit-licenziyu-mchs;DRAFT_NOT_FOR_UPLOAD
mcm-giop-sterlitamak;102;Стерлитамак;Минкультуры / ГИОП;giop;Лицензия Минкультуры, ГИОП — оформление;"Нужна помощь с лицензией Минкультуры на реставрационные работы? МСМ сопровождает подготовку документов для деятельности по сохранению объектов культурного наследия. Это направление также ищут как «лицензия ГИОП».

Клиентам из города Стерлитамак. МСМ работает с заказчиками по всей России.

Чем поможем:
• Разберём перечень планируемых реставрационных работ.
• Поможем собрать и подготовить документы организации.
• Проконсультируем по квалификации и аттестации специалистов.
• Сопроводим подачу и рассмотрение заявления.

Работаем с компаниями из разных регионов России. Порядок подготовки определяем с учётом выбранных работ, состава специалистов и готовности документов.

Компания МСМ специализируется на лицензировании, саморегулировании и подготовке специалистов. Разберём исходную ситуацию и объясним последовательность действий.

Напишите в чат «ГИОП» и укажите виды работ. Подскажем дальнейшие шаги для вашей компании.";images/giop.png;;;;NEW_REVIEW;https://nadosro.ru/license/licenziya-minkultury;DRAFT_NOT_FOR_UPLOAD
mcm-sro-sterlitamak;102;Стерлитамак;СРО — три направления;sro;СРО: строительство, проектирование, изыскания;"Нужно вступить в СРО? МСМ поможет подобрать саморегулируемую организацию и подготовить документы для вашей компании или ИП. Сопровождаем три направления: строительство, проектирование и инженерные изыскания.

Клиентам из города Стерлитамак. МСМ работает с заказчиками по всей России.

Чем поможем:
• Разберём виды работ, регион регистрации и задачи компании.
• Поможем подобрать СРО по нужному направлению.
• Подготовим комплект документов и заявление на вступление.
• Проконсультируем по специалистам НРС и требованиям выбранной СРО.
• Сопроводим рассмотрение документов и разберём замечания.

Строителям помогаем оформить членство в СРО для строительных работ. Проектировщикам — для подготовки проектной документации. Изыскателям — для инженерных изысканий. Если компании нужны несколько направлений, разберём каждое и согласуем общий порядок подготовки.

Компания МСМ специализируется на лицензировании, саморегулировании и подготовке специалистов. Разберём исходную ситуацию и объясним последовательность действий.

Напишите в чат «СРО» и укажите направление, регион регистрации и планируемые работы. Подскажем, какие документы подготовить в первую очередь.";images/sro.png;;;;NEW_REVIEW;https://nadosro.ru/;DRAFT_NOT_FOR_UPLOAD
mcm-nok-orsk;103;Орск;НОК;nok;НОК НОСТРОЙ / НОПРИЗ — подготовка к экзамену;"Нужно пройти независимую оценку квалификации? МСМ помогает специалистам строительной отрасли подготовиться к экзамену и собрать документы для допуска к НОК.

Клиентам из города Орск. МСМ работает с заказчиками по всей России.

Чем поможем:
• Разберём вашу задачу и направление квалификации.
• Поможем собрать и подготовить документы.
• Организуем подготовку к экзамену.
• Сопроводим по организационным вопросам до получения результатов.

Работаем со специалистами по строительству, проектированию и инженерным изысканиям. Подготовка и сопровождение подбираются под вашу квалификацию и текущую ситуацию.

Компания МСМ специализируется на лицензировании, саморегулировании и подготовке специалистов. Разберём исходную ситуацию и объясним последовательность действий.

Напишите в чат «НОК» и укажите вашу специальность, город и желаемый срок прохождения. Подскажем, с чего начать.";images/nok.png;;;;NEW_REVIEW;https://nadosro.ru/nezavisimaya-oczenka-kvalifikaczii;DRAFT_NOT_FOR_UPLOAD
mcm-nrs-orsk;103;Орск;НРС;nrs;Включение в НРС НОСТРОЙ / НОПРИЗ — помощь;"Планируете включение специалиста в национальный реестр? МСМ поможет проверить документы и подготовить заявление для НОСТРОЙ или НОПРИЗ.

Клиентам из города Орск. МСМ работает с заказчиками по всей России.

Чем поможем:
• Проведём предварительный разбор документов специалиста.
• Подскажем, какие сведения нужно дополнить.
• Поможем подготовить комплект документов и заявление.
• Сопроводим рассмотрение и разберём замечания при их наличии.

Помогаем специалистам строительных, проектных и изыскательских организаций. Если ранее получили отказ, разберём его причины и возможные дальнейшие действия.

Компания МСМ специализируется на лицензировании, саморегулировании и подготовке специалистов. Разберём исходную ситуацию и объясним последовательность действий.

Напишите в чат «НРС»: укажите направление, образование и стаж. Подскажем порядок подготовки документов.";images/nrs.png;;;;NEW_REVIEW;https://nadosro.ru/vnesenie-specialistov-v-nacionalnyj-reestr;DRAFT_NOT_FOR_UPLOAD
mcm-mchs-orsk;103;Орск;Лицензия МЧС;mchs;Лицензия МЧС — помощь в оформлении;"Готовите компанию к получению лицензии МЧС? МСМ сопровождает оформление: от разбора вашей задачи до подготовки документов и взаимодействия по заявлению.

Клиентам из города Орск. МСМ работает с заказчиками по всей России.

Чем поможем:
• Определим перечень работ, по которым нужна лицензия.
• Поможем собрать документы компании и специалистов.
• Проконсультируем по оборудованию и его документальному оформлению.
• Подготовим к проверке и сопроводим процесс рассмотрения.

Работаем с организациями и ИП в сфере пожарной безопасности. Сначала выясним, какие работы вы планируете выполнять, какие специалисты и оборудование уже есть, затем составим план подготовки.

Компания МСМ специализируется на лицензировании, саморегулировании и подготовке специалистов. Разберём исходную ситуацию и объясним последовательность действий.

Напишите в чат «МЧС» и перечислите планируемые работы. Расскажем, какие документы понадобятся в вашей ситуации.";images/mchs.png;;;;NEW_REVIEW;https://nadosro.ru/license/poluchit-licenziyu-mchs;DRAFT_NOT_FOR_UPLOAD
mcm-giop-orsk;103;Орск;Минкультуры / ГИОП;giop;Лицензия Минкультуры, ГИОП — оформление;"Нужна помощь с лицензией Минкультуры на реставрационные работы? МСМ сопровождает подготовку документов для деятельности по сохранению объектов культурного наследия. Это направление также ищут как «лицензия ГИОП».

Клиентам из города Орск. МСМ работает с заказчиками по всей России.

Чем поможем:
• Разберём перечень планируемых реставрационных работ.
• Поможем собрать и подготовить документы организации.
• Проконсультируем по квалификации и аттестации специалистов.
• Сопроводим подачу и рассмотрение заявления.

Работаем с компаниями из разных регионов России. Порядок подготовки определяем с учётом выбранных работ, состава специалистов и готовности документов.

Компания МСМ специализируется на лицензировании, саморегулировании и подготовке специалистов. Разберём исходную ситуацию и объясним последовательность действий.

Напишите в чат «ГИОП» и укажите виды работ. Подскажем дальнейшие шаги для вашей компании.";images/giop.png;;;;NEW_REVIEW;https://nadosro.ru/license/licenziya-minkultury;DRAFT_NOT_FOR_UPLOAD
mcm-sro-orsk;103;Орск;СРО — три направления;sro;СРО: строительство, проектирование, изыскания;"Нужно вступить в СРО? МСМ поможет подобрать саморегулируемую организацию и подготовить документы для вашей компании или ИП. Сопровождаем три направления: строительство, проектирование и инженерные изыскания.

Клиентам из города Орск. МСМ работает с заказчиками по всей России.

Чем поможем:
• Разберём виды работ, регион регистрации и задачи компании.
• Поможем подобрать СРО по нужному направлению.
• Подготовим комплект документов и заявление на вступление.
• Проконсультируем по специалистам НРС и требованиям выбранной СРО.
• Сопроводим рассмотрение документов и разберём замечания.

Строителям помогаем оформить членство в СРО для строительных работ. Проектировщикам — для подготовки проектной документации. Изыскателям — для инженерных изысканий. Если компании нужны несколько направлений, разберём каждое и согласуем общий порядок подготовки.

Компания МСМ специализируется на лицензировании, саморегулировании и подготовке специалистов. Разберём исходную ситуацию и объясним последовательность действий.

Напишите в чат «СРО» и укажите направление, регион регистрации и планируемые работы. Подскажем, какие документы подготовить в первую очередь.";images/sro.png;;;;NEW_REVIEW;https://nadosro.ru/;DRAFT_NOT_FOR_UPLOAD
mcm-nok-engels;104;Энгельс;НОК;nok;НОК НОСТРОЙ / НОПРИЗ — подготовка к экзамену;"Нужно пройти независимую оценку квалификации? МСМ помогает специалистам строительной отрасли подготовиться к экзамену и собрать документы для допуска к НОК.

Клиентам из города Энгельс. МСМ работает с заказчиками по всей России.

Чем поможем:
• Разберём вашу задачу и направление квалификации.
• Поможем собрать и подготовить документы.
• Организуем подготовку к экзамену.
• Сопроводим по организационным вопросам до получения результатов.

Работаем со специалистами по строительству, проектированию и инженерным изысканиям. Подготовка и сопровождение подбираются под вашу квалификацию и текущую ситуацию.

Компания МСМ специализируется на лицензировании, саморегулировании и подготовке специалистов. Разберём исходную ситуацию и объясним последовательность действий.

Напишите в чат «НОК» и укажите вашу специальность, город и желаемый срок прохождения. Подскажем, с чего начать.";images/nok.png;;;;NEW_REVIEW;https://nadosro.ru/nezavisimaya-oczenka-kvalifikaczii;DRAFT_NOT_FOR_UPLOAD
mcm-nrs-engels;104;Энгельс;НРС;nrs;Включение в НРС НОСТРОЙ / НОПРИЗ — помощь;"Планируете включение специалиста в национальный реестр? МСМ поможет проверить документы и подготовить заявление для НОСТРОЙ или НОПРИЗ.

Клиентам из города Энгельс. МСМ работает с заказчиками по всей России.

Чем поможем:
• Проведём предварительный разбор документов специалиста.
• Подскажем, какие сведения нужно дополнить.
• Поможем подготовить комплект документов и заявление.
• Сопроводим рассмотрение и разберём замечания при их наличии.

Помогаем специалистам строительных, проектных и изыскательских организаций. Если ранее получили отказ, разберём его причины и возможные дальнейшие действия.

Компания МСМ специализируется на лицензировании, саморегулировании и подготовке специалистов. Разберём исходную ситуацию и объясним последовательность действий.

Напишите в чат «НРС»: укажите направление, образование и стаж. Подскажем порядок подготовки документов.";images/nrs.png;;;;NEW_REVIEW;https://nadosro.ru/vnesenie-specialistov-v-nacionalnyj-reestr;DRAFT_NOT_FOR_UPLOAD
mcm-mchs-engels;104;Энгельс;Лицензия МЧС;mchs;Лицензия МЧС — помощь в оформлении;"Готовите компанию к получению лицензии МЧС? МСМ сопровождает оформление: от разбора вашей задачи до подготовки документов и взаимодействия по заявлению.

Клиентам из города Энгельс. МСМ работает с заказчиками по всей России.

Чем поможем:
• Определим перечень работ, по которым нужна лицензия.
• Поможем собрать документы компании и специалистов.
• Проконсультируем по оборудованию и его документальному оформлению.
• Подготовим к проверке и сопроводим процесс рассмотрения.

Работаем с организациями и ИП в сфере пожарной безопасности. Сначала выясним, какие работы вы планируете выполнять, какие специалисты и оборудование уже есть, затем составим план подготовки.

Компания МСМ специализируется на лицензировании, саморегулировании и подготовке специалистов. Разберём исходную ситуацию и объясним последовательность действий.

Напишите в чат «МЧС» и перечислите планируемые работы. Расскажем, какие документы понадобятся в вашей ситуации.";images/mchs.png;;;;NEW_REVIEW;https://nadosro.ru/license/poluchit-licenziyu-mchs;DRAFT_NOT_FOR_UPLOAD
mcm-giop-engels;104;Энгельс;Минкультуры / ГИОП;giop;Лицензия Минкультуры, ГИОП — оформление;"Нужна помощь с лицензией Минкультуры на реставрационные работы? МСМ сопровождает подготовку документов для деятельности по сохранению объектов культурного наследия. Это направление также ищут как «лицензия ГИОП».

Клиентам из города Энгельс. МСМ работает с заказчиками по всей России.

Чем поможем:
• Разберём перечень планируемых реставрационных работ.
• Поможем собрать и подготовить документы организации.
• Проконсультируем по квалификации и аттестации специалистов.
• Сопроводим подачу и рассмотрение заявления.

Работаем с компаниями из разных регионов России. Порядок подготовки определяем с учётом выбранных работ, состава специалистов и готовности документов.

Компания МСМ специализируется на лицензировании, саморегулировании и подготовке специалистов. Разберём исходную ситуацию и объясним последовательность действий.

Напишите в чат «ГИОП» и укажите виды работ. Подскажем дальнейшие шаги для вашей компании.";images/giop.png;;;;NEW_REVIEW;https://nadosro.ru/license/licenziya-minkultury;DRAFT_NOT_FOR_UPLOAD
mcm-sro-engels;104;Энгельс;СРО — три направления;sro;СРО: строительство, проектирование, изыскания;"Нужно вступить в СРО? МСМ поможет подобрать саморегулируемую организацию и подготовить документы для вашей компании или ИП. Сопровождаем три направления: строительство, проектирование и инженерные изыскания.

Клиентам из города Энгельс. МСМ работает с заказчиками по всей России.

Чем поможем:
• Разберём виды работ, регион регистрации и задачи компании.
• Поможем подобрать СРО по нужному направлению.
• Подготовим комплект документов и заявление на вступление.
• Проконсультируем по специалистам НРС и требованиям выбранной СРО.
• Сопроводим рассмотрение документов и разберём замечания.

Строителям помогаем оформить членство в СРО для строительных работ. Проектировщикам — для подготовки проектной документации. Изыскателям — для инженерных изысканий. Если компании нужны несколько направлений, разберём каждое и согласуем общий порядок подготовки.

Компания МСМ специализируется на лицензировании, саморегулировании и подготовке специалистов. Разберём исходную ситуацию и объясним последовательность действий.

Напишите в чат «СРО» и укажите направление, регион регистрации и планируемые работы. Подскажем, какие документы подготовить в первую очередь.";images/sro.png;;;;NEW_REVIEW;https://nadosro.ru/;DRAFT_NOT_FOR_UPLOAD
mcm-nok-rybinsk;105;Рыбинск;НОК;nok;НОК НОСТРОЙ / НОПРИЗ — подготовка к экзамену;"Нужно пройти независимую оценку квалификации? МСМ помогает специалистам строительной отрасли подготовиться к экзамену и собрать документы для допуска к НОК.

Клиентам из города Рыбинск. МСМ работает с заказчиками по всей России.

Чем поможем:
• Разберём вашу задачу и направление квалификации.
• Поможем собрать и подготовить документы.
• Организуем подготовку к экзамену.
• Сопроводим по организационным вопросам до получения результатов.

Работаем со специалистами по строительству, проектированию и инженерным изысканиям. Подготовка и сопровождение подбираются под вашу квалификацию и текущую ситуацию.

Компания МСМ специализируется на лицензировании, саморегулировании и подготовке специалистов. Разберём исходную ситуацию и объясним последовательность действий.

Напишите в чат «НОК» и укажите вашу специальность, город и желаемый срок прохождения. Подскажем, с чего начать.";images/nok.png;;;;NEW_REVIEW;https://nadosro.ru/nezavisimaya-oczenka-kvalifikaczii;DRAFT_NOT_FOR_UPLOAD
mcm-nrs-rybinsk;105;Рыбинск;НРС;nrs;Включение в НРС НОСТРОЙ / НОПРИЗ — помощь;"Планируете включение специалиста в национальный реестр? МСМ поможет проверить документы и подготовить заявление для НОСТРОЙ или НОПРИЗ.

Клиентам из города Рыбинск. МСМ работает с заказчиками по всей России.

Чем поможем:
• Проведём предварительный разбор документов специалиста.
• Подскажем, какие сведения нужно дополнить.
• Поможем подготовить комплект документов и заявление.
• Сопроводим рассмотрение и разберём замечания при их наличии.

Помогаем специалистам строительных, проектных и изыскательских организаций. Если ранее получили отказ, разберём его причины и возможные дальнейшие действия.

Компания МСМ специализируется на лицензировании, саморегулировании и подготовке специалистов. Разберём исходную ситуацию и объясним последовательность действий.

Напишите в чат «НРС»: укажите направление, образование и стаж. Подскажем порядок подготовки документов.";images/nrs.png;;;;NEW_REVIEW;https://nadosro.ru/vnesenie-specialistov-v-nacionalnyj-reestr;DRAFT_NOT_FOR_UPLOAD
mcm-mchs-rybinsk;105;Рыбинск;Лицензия МЧС;mchs;Лицензия МЧС — помощь в оформлении;"Готовите компанию к получению лицензии МЧС? МСМ сопровождает оформление: от разбора вашей задачи до подготовки документов и взаимодействия по заявлению.

Клиентам из города Рыбинск. МСМ работает с заказчиками по всей России.

Чем поможем:
• Определим перечень работ, по которым нужна лицензия.
• Поможем собрать документы компании и специалистов.
• Проконсультируем по оборудованию и его документальному оформлению.
• Подготовим к проверке и сопроводим процесс рассмотрения.

Работаем с организациями и ИП в сфере пожарной безопасности. Сначала выясним, какие работы вы планируете выполнять, какие специалисты и оборудование уже есть, затем составим план подготовки.

Компания МСМ специализируется на лицензировании, саморегулировании и подготовке специалистов. Разберём исходную ситуацию и объясним последовательность действий.

Напишите в чат «МЧС» и перечислите планируемые работы. Расскажем, какие документы понадобятся в вашей ситуации.";images/mchs.png;;;;NEW_REVIEW;https://nadosro.ru/license/poluchit-licenziyu-mchs;DRAFT_NOT_FOR_UPLOAD
mcm-giop-rybinsk;105;Рыбинск;Минкультуры / ГИОП;giop;Лицензия Минкультуры, ГИОП — оформление;"Нужна помощь с лицензией Минкультуры на реставрационные работы? МСМ сопровождает подготовку документов для деятельности по сохранению объектов культурного наследия. Это направление также ищут как «лицензия ГИОП».

Клиентам из города Рыбинск. МСМ работает с заказчиками по всей России.

Чем поможем:
• Разберём перечень планируемых реставрационных работ.
• Поможем собрать и подготовить документы организации.
• Проконсультируем по квалификации и аттестации специалистов.
• Сопроводим подачу и рассмотрение заявления.

Работаем с компаниями из разных регионов России. Порядок подготовки определяем с учётом выбранных работ, состава специалистов и готовности документов.

Компания МСМ специализируется на лицензировании, саморегулировании и подготовке специалистов. Разберём исходную ситуацию и объясним последовательность действий.

Напишите в чат «ГИОП» и укажите виды работ. Подскажем дальнейшие шаги для вашей компании.";images/giop.png;;;;NEW_REVIEW;https://nadosro.ru/license/licenziya-minkultury;DRAFT_NOT_FOR_UPLOAD
mcm-sro-rybinsk;105;Рыбинск;СРО — три направления;sro;СРО: строительство, проектирование, изыскания;"Нужно вступить в СРО? МСМ поможет подобрать саморегулируемую организацию и подготовить документы для вашей компании или ИП. Сопровождаем три направления: строительство, проектирование и инженерные изыскания.

Клиентам из города Рыбинск. МСМ работает с заказчиками по всей России.

Чем поможем:
• Разберём виды работ, регион регистрации и задачи компании.
• Поможем подобрать СРО по нужному направлению.
• Подготовим комплект документов и заявление на вступление.
• Проконсультируем по специалистам НРС и требованиям выбранной СРО.
• Сопроводим рассмотрение документов и разберём замечания.

Строителям помогаем оформить членство в СРО для строительных работ. Проектировщикам — для подготовки проектной документации. Изыскателям — для инженерных изысканий. Если компании нужны несколько направлений, разберём каждое и согласуем общий порядок подготовки.

Компания МСМ специализируется на лицензировании, саморегулировании и подготовке специалистов. Разберём исходную ситуацию и объясним последовательность действий.

Напишите в чат «СРО» и укажите направление, регион регистрации и планируемые работы. Подскажем, какие документы подготовить в первую очередь.";images/sro.png;;;;NEW_REVIEW;https://nadosro.ru/;DRAFT_NOT_FOR_UPLOAD
mcm-nok-balakovo;106;Балаково;НОК;nok;НОК НОСТРОЙ / НОПРИЗ — подготовка к экзамену;"Нужно пройти независимую оценку квалификации? МСМ помогает специалистам строительной отрасли подготовиться к экзамену и собрать документы для допуска к НОК.

Клиентам из города Балаково. МСМ работает с заказчиками по всей России.

Чем поможем:
• Разберём вашу задачу и направление квалификации.
• Поможем собрать и подготовить документы.
• Организуем подготовку к экзамену.
• Сопроводим по организационным вопросам до получения результатов.

Работаем со специалистами по строительству, проектированию и инженерным изысканиям. Подготовка и сопровождение подбираются под вашу квалификацию и текущую ситуацию.

Компания МСМ специализируется на лицензировании, саморегулировании и подготовке специалистов. Разберём исходную ситуацию и объясним последовательность действий.

Напишите в чат «НОК» и укажите вашу специальность, город и желаемый срок прохождения. Подскажем, с чего начать.";images/nok.png;;;;NEW_REVIEW;https://nadosro.ru/nezavisimaya-oczenka-kvalifikaczii;DRAFT_NOT_FOR_UPLOAD
mcm-nrs-balakovo;106;Балаково;НРС;nrs;Включение в НРС НОСТРОЙ / НОПРИЗ — помощь;"Планируете включение специалиста в национальный реестр? МСМ поможет проверить документы и подготовить заявление для НОСТРОЙ или НОПРИЗ.

Клиентам из города Балаково. МСМ работает с заказчиками по всей России.

Чем поможем:
• Проведём предварительный разбор документов специалиста.
• Подскажем, какие сведения нужно дополнить.
• Поможем подготовить комплект документов и заявление.
• Сопроводим рассмотрение и разберём замечания при их наличии.

Помогаем специалистам строительных, проектных и изыскательских организаций. Если ранее получили отказ, разберём его причины и возможные дальнейшие действия.

Компания МСМ специализируется на лицензировании, саморегулировании и подготовке специалистов. Разберём исходную ситуацию и объясним последовательность действий.

Напишите в чат «НРС»: укажите направление, образование и стаж. Подскажем порядок подготовки документов.";images/nrs.png;;;;NEW_REVIEW;https://nadosro.ru/vnesenie-specialistov-v-nacionalnyj-reestr;DRAFT_NOT_FOR_UPLOAD
mcm-mchs-balakovo;106;Балаково;Лицензия МЧС;mchs;Лицензия МЧС — помощь в оформлении;"Готовите компанию к получению лицензии МЧС? МСМ сопровождает оформление: от разбора вашей задачи до подготовки документов и взаимодействия по заявлению.

Клиентам из города Балаково. МСМ работает с заказчиками по всей России.

Чем поможем:
• Определим перечень работ, по которым нужна лицензия.
• Поможем собрать документы компании и специалистов.
• Проконсультируем по оборудованию и его документальному оформлению.
• Подготовим к проверке и сопроводим процесс рассмотрения.

Работаем с организациями и ИП в сфере пожарной безопасности. Сначала выясним, какие работы вы планируете выполнять, какие специалисты и оборудование уже есть, затем составим план подготовки.

Компания МСМ специализируется на лицензировании, саморегулировании и подготовке специалистов. Разберём исходную ситуацию и объясним последовательность действий.

Напишите в чат «МЧС» и перечислите планируемые работы. Расскажем, какие документы понадобятся в вашей ситуации.";images/mchs.png;;;;NEW_REVIEW;https://nadosro.ru/license/poluchit-licenziyu-mchs;DRAFT_NOT_FOR_UPLOAD
mcm-giop-balakovo;106;Балаково;Минкультуры / ГИОП;giop;Лицензия Минкультуры, ГИОП — оформление;"Нужна помощь с лицензией Минкультуры на реставрационные работы? МСМ сопровождает подготовку документов для деятельности по сохранению объектов культурного наследия. Это направление также ищут как «лицензия ГИОП».

Клиентам из города Балаково. МСМ работает с заказчиками по всей России.

Чем поможем:
• Разберём перечень планируемых реставрационных работ.
• Поможем собрать и подготовить документы организации.
• Проконсультируем по квалификации и аттестации специалистов.
• Сопроводим подачу и рассмотрение заявления.

Работаем с компаниями из разных регионов России. Порядок подготовки определяем с учётом выбранных работ, состава специалистов и готовности документов.

Компания МСМ специализируется на лицензировании, саморегулировании и подготовке специалистов. Разберём исходную ситуацию и объясним последовательность действий.

Напишите в чат «ГИОП» и укажите виды работ. Подскажем дальнейшие шаги для вашей компании.";images/giop.png;;;;NEW_REVIEW;https://nadosro.ru/license/licenziya-minkultury;DRAFT_NOT_FOR_UPLOAD
mcm-sro-balakovo;106;Балаково;СРО — три направления;sro;СРО: строительство, проектирование, изыскания;"Нужно вступить в СРО? МСМ поможет подобрать саморегулируемую организацию и подготовить документы для вашей компании или ИП. Сопровождаем три направления: строительство, проектирование и инженерные изыскания.

Клиентам из города Балаково. МСМ работает с заказчиками по всей России.

Чем поможем:
• Разберём виды работ, регион регистрации и задачи компании.
• Поможем подобрать СРО по нужному направлению.
• Подготовим комплект документов и заявление на вступление.
• Проконсультируем по специалистам НРС и требованиям выбранной СРО.
• Сопроводим рассмотрение документов и разберём замечания.

Строителям помогаем оформить членство в СРО для строительных работ. Проектировщикам — для подготовки проектной документации. Изыскателям — для инженерных изысканий. Если компании нужны несколько направлений, разберём каждое и согласуем общий порядок подготовки.

Компания МСМ специализируется на лицензировании, саморегулировании и подготовке специалистов. Разберём исходную ситуацию и объясним последовательность действий.

Напишите в чат «СРО» и укажите направление, регион регистрации и планируемые работы. Подскажем, какие документы подготовить в первую очередь.";images/sro.png;;;;NEW_REVIEW;https://nadosro.ru/;DRAFT_NOT_FOR_UPLOAD
mcm-nok-prokopevsk;107;Прокопьевск;НОК;nok;НОК НОСТРОЙ / НОПРИЗ — подготовка к экзамену;"Нужно пройти независимую оценку квалификации? МСМ помогает специалистам строительной отрасли подготовиться к экзамену и собрать документы для допуска к НОК.

Клиентам из города Прокопьевск. МСМ работает с заказчиками по всей России.

Чем поможем:
• Разберём вашу задачу и направление квалификации.
• Поможем собрать и подготовить документы.
• Организуем подготовку к экзамену.
• Сопроводим по организационным вопросам до получения результатов.

Работаем со специалистами по строительству, проектированию и инженерным изысканиям. Подготовка и сопровождение подбираются под вашу квалификацию и текущую ситуацию.

Компания МСМ специализируется на лицензировании, саморегулировании и подготовке специалистов. Разберём исходную ситуацию и объясним последовательность действий.

Напишите в чат «НОК» и укажите вашу специальность, город и желаемый срок прохождения. Подскажем, с чего начать.";images/nok.png;;;;NEW_REVIEW;https://nadosro.ru/nezavisimaya-oczenka-kvalifikaczii;DRAFT_NOT_FOR_UPLOAD
mcm-nrs-prokopevsk;107;Прокопьевск;НРС;nrs;Включение в НРС НОСТРОЙ / НОПРИЗ — помощь;"Планируете включение специалиста в национальный реестр? МСМ поможет проверить документы и подготовить заявление для НОСТРОЙ или НОПРИЗ.

Клиентам из города Прокопьевск. МСМ работает с заказчиками по всей России.

Чем поможем:
• Проведём предварительный разбор документов специалиста.
• Подскажем, какие сведения нужно дополнить.
• Поможем подготовить комплект документов и заявление.
• Сопроводим рассмотрение и разберём замечания при их наличии.

Помогаем специалистам строительных, проектных и изыскательских организаций. Если ранее получили отказ, разберём его причины и возможные дальнейшие действия.

Компания МСМ специализируется на лицензировании, саморегулировании и подготовке специалистов. Разберём исходную ситуацию и объясним последовательность действий.

Напишите в чат «НРС»: укажите направление, образование и стаж. Подскажем порядок подготовки документов.";images/nrs.png;;;;NEW_REVIEW;https://nadosro.ru/vnesenie-specialistov-v-nacionalnyj-reestr;DRAFT_NOT_FOR_UPLOAD
mcm-mchs-prokopevsk;107;Прокопьевск;Лицензия МЧС;mchs;Лицензия МЧС — помощь в оформлении;"Готовите компанию к получению лицензии МЧС? МСМ сопровождает оформление: от разбора вашей задачи до подготовки документов и взаимодействия по заявлению.

Клиентам из города Прокопьевск. МСМ работает с заказчиками по всей России.

Чем поможем:
• Определим перечень работ, по которым нужна лицензия.
• Поможем собрать документы компании и специалистов.
• Проконсультируем по оборудованию и его документальному оформлению.
• Подготовим к проверке и сопроводим процесс рассмотрения.

Работаем с организациями и ИП в сфере пожарной безопасности. Сначала выясним, какие работы вы планируете выполнять, какие специалисты и оборудование уже есть, затем составим план подготовки.

Компания МСМ специализируется на лицензировании, саморегулировании и подготовке специалистов. Разберём исходную ситуацию и объясним последовательность действий.

Напишите в чат «МЧС» и перечислите планируемые работы. Расскажем, какие документы понадобятся в вашей ситуации.";images/mchs.png;;;;NEW_REVIEW;https://nadosro.ru/license/poluchit-licenziyu-mchs;DRAFT_NOT_FOR_UPLOAD
mcm-giop-prokopevsk;107;Прокопьевск;Минкультуры / ГИОП;giop;Лицензия Минкультуры, ГИОП — оформление;"Нужна помощь с лицензией Минкультуры на реставрационные работы? МСМ сопровождает подготовку документов для деятельности по сохранению объектов культурного наследия. Это направление также ищут как «лицензия ГИОП».

Клиентам из города Прокопьевск. МСМ работает с заказчиками по всей России.

Чем поможем:
• Разберём перечень планируемых реставрационных работ.
• Поможем собрать и подготовить документы организации.
• Проконсультируем по квалификации и аттестации специалистов.
• Сопроводим подачу и рассмотрение заявления.

Работаем с компаниями из разных регионов России. Порядок подготовки определяем с учётом выбранных работ, состава специалистов и готовности документов.

Компания МСМ специализируется на лицензировании, саморегулировании и подготовке специалистов. Разберём исходную ситуацию и объясним последовательность действий.

Напишите в чат «ГИОП» и укажите виды работ. Подскажем дальнейшие шаги для вашей компании.";images/giop.png;;;;NEW_REVIEW;https://nadosro.ru/license/licenziya-minkultury;DRAFT_NOT_FOR_UPLOAD
mcm-sro-prokopevsk;107;Прокопьевск;СРО — три направления;sro;СРО: строительство, проектирование, изыскания;"Нужно вступить в СРО? МСМ поможет подобрать саморегулируемую организацию и подготовить документы для вашей компании или ИП. Сопровождаем три направления: строительство, проектирование и инженерные изыскания.

Клиентам из города Прокопьевск. МСМ работает с заказчиками по всей России.

Чем поможем:
• Разберём виды работ, регион регистрации и задачи компании.
• Поможем подобрать СРО по нужному направлению.
• Подготовим комплект документов и заявление на вступление.
• Проконсультируем по специалистам НРС и требованиям выбранной СРО.
• Сопроводим рассмотрение документов и разберём замечания.

Строителям помогаем оформить членство в СРО для строительных работ. Проектировщикам — для подготовки проектной документации. Изыскателям — для инженерных изысканий. Если компании нужны несколько направлений, разберём каждое и согласуем общий порядок подготовки.

Компания МСМ специализируется на лицензировании, саморегулировании и подготовке специалистов. Разберём исходную ситуацию и объясним последовательность действий.

Напишите в чат «СРО» и укажите направление, регион регистрации и планируемые работы. Подскажем, какие документы подготовить в первую очередь.";images/sro.png;;;;NEW_REVIEW;https://nadosro.ru/;DRAFT_NOT_FOR_UPLOAD
mcm-nok-syzran;108;Сызрань;НОК;nok;НОК НОСТРОЙ / НОПРИЗ — подготовка к экзамену;"Нужно пройти независимую оценку квалификации? МСМ помогает специалистам строительной отрасли подготовиться к экзамену и собрать документы для допуска к НОК.

Клиентам из города Сызрань. МСМ работает с заказчиками по всей России.

Чем поможем:
• Разберём вашу задачу и направление квалификации.
• Поможем собрать и подготовить документы.
• Организуем подготовку к экзамену.
• Сопроводим по организационным вопросам до получения результатов.

Работаем со специалистами по строительству, проектированию и инженерным изысканиям. Подготовка и сопровождение подбираются под вашу квалификацию и текущую ситуацию.

Компания МСМ специализируется на лицензировании, саморегулировании и подготовке специалистов. Разберём исходную ситуацию и объясним последовательность действий.

Напишите в чат «НОК» и укажите вашу специальность, город и желаемый срок прохождения. Подскажем, с чего начать.";images/nok.png;;;;NEW_REVIEW;https://nadosro.ru/nezavisimaya-oczenka-kvalifikaczii;DRAFT_NOT_FOR_UPLOAD
mcm-nrs-syzran;108;Сызрань;НРС;nrs;Включение в НРС НОСТРОЙ / НОПРИЗ — помощь;"Планируете включение специалиста в национальный реестр? МСМ поможет проверить документы и подготовить заявление для НОСТРОЙ или НОПРИЗ.

Клиентам из города Сызрань. МСМ работает с заказчиками по всей России.

Чем поможем:
• Проведём предварительный разбор документов специалиста.
• Подскажем, какие сведения нужно дополнить.
• Поможем подготовить комплект документов и заявление.
• Сопроводим рассмотрение и разберём замечания при их наличии.

Помогаем специалистам строительных, проектных и изыскательских организаций. Если ранее получили отказ, разберём его причины и возможные дальнейшие действия.

Компания МСМ специализируется на лицензировании, саморегулировании и подготовке специалистов. Разберём исходную ситуацию и объясним последовательность действий.

Напишите в чат «НРС»: укажите направление, образование и стаж. Подскажем порядок подготовки документов.";images/nrs.png;;;;NEW_REVIEW;https://nadosro.ru/vnesenie-specialistov-v-nacionalnyj-reestr;DRAFT_NOT_FOR_UPLOAD
mcm-mchs-syzran;108;Сызрань;Лицензия МЧС;mchs;Лицензия МЧС — помощь в оформлении;"Готовите компанию к получению лицензии МЧС? МСМ сопровождает оформление: от разбора вашей задачи до подготовки документов и взаимодействия по заявлению.

Клиентам из города Сызрань. МСМ работает с заказчиками по всей России.

Чем поможем:
• Определим перечень работ, по которым нужна лицензия.
• Поможем собрать документы компании и специалистов.
• Проконсультируем по оборудованию и его документальному оформлению.
• Подготовим к проверке и сопроводим процесс рассмотрения.

Работаем с организациями и ИП в сфере пожарной безопасности. Сначала выясним, какие работы вы планируете выполнять, какие специалисты и оборудование уже есть, затем составим план подготовки.

Компания МСМ специализируется на лицензировании, саморегулировании и подготовке специалистов. Разберём исходную ситуацию и объясним последовательность действий.

Напишите в чат «МЧС» и перечислите планируемые работы. Расскажем, какие документы понадобятся в вашей ситуации.";images/mchs.png;;;;NEW_REVIEW;https://nadosro.ru/license/poluchit-licenziyu-mchs;DRAFT_NOT_FOR_UPLOAD
mcm-giop-syzran;108;Сызрань;Минкультуры / ГИОП;giop;Лицензия Минкультуры, ГИОП — оформление;"Нужна помощь с лицензией Минкультуры на реставрационные работы? МСМ сопровождает подготовку документов для деятельности по сохранению объектов культурного наследия. Это направление также ищут как «лицензия ГИОП».

Клиентам из города Сызрань. МСМ работает с заказчиками по всей России.

Чем поможем:
• Разберём перечень планируемых реставрационных работ.
• Поможем собрать и подготовить документы организации.
• Проконсультируем по квалификации и аттестации специалистов.
• Сопроводим подачу и рассмотрение заявления.

Работаем с компаниями из разных регионов России. Порядок подготовки определяем с учётом выбранных работ, состава специалистов и готовности документов.

Компания МСМ специализируется на лицензировании, саморегулировании и подготовке специалистов. Разберём исходную ситуацию и объясним последовательность действий.

Напишите в чат «ГИОП» и укажите виды работ. Подскажем дальнейшие шаги для вашей компании.";images/giop.png;;;;NEW_REVIEW;https://nadosro.ru/license/licenziya-minkultury;DRAFT_NOT_FOR_UPLOAD
mcm-sro-syzran;108;Сызрань;СРО — три направления;sro;СРО: строительство, проектирование, изыскания;"Нужно вступить в СРО? МСМ поможет подобрать саморегулируемую организацию и подготовить документы для вашей компании или ИП. Сопровождаем три направления: строительство, проектирование и инженерные изыскания.

Клиентам из города Сызрань. МСМ работает с заказчиками по всей России.

Чем поможем:
• Разберём виды работ, регион регистрации и задачи компании.
• Поможем подобрать СРО по нужному направлению.
• Подготовим комплект документов и заявление на вступление.
• Проконсультируем по специалистам НРС и требованиям выбранной СРО.
• Сопроводим рассмотрение документов и разберём замечания.

Строителям помогаем оформить членство в СРО для строительных работ. Проектировщикам — для подготовки проектной документации. Изыскателям — для инженерных изысканий. Если компании нужны несколько направлений, разберём каждое и согласуем общий порядок подготовки.

Компания МСМ специализируется на лицензировании, саморегулировании и подготовке специалистов. Разберём исходную ситуацию и объясним последовательность действий.

Напишите в чат «СРО» и укажите направление, регион регистрации и планируемые работы. Подскажем, какие документы подготовить в первую очередь.";images/sro.png;;;;NEW_REVIEW;https://nadosro.ru/;DRAFT_NOT_FOR_UPLOAD
mcm-nok-kamensk-uralskiy;109;Каменск-Уральский;НОК;nok;НОК НОСТРОЙ / НОПРИЗ — подготовка к экзамену;"Нужно пройти независимую оценку квалификации? МСМ помогает специалистам строительной отрасли подготовиться к экзамену и собрать документы для допуска к НОК.

Клиентам из города Каменск-Уральский. МСМ работает с заказчиками по всей России.

Чем поможем:
• Разберём вашу задачу и направление квалификации.
• Поможем собрать и подготовить документы.
• Организуем подготовку к экзамену.
• Сопроводим по организационным вопросам до получения результатов.

Работаем со специалистами по строительству, проектированию и инженерным изысканиям. Подготовка и сопровождение подбираются под вашу квалификацию и текущую ситуацию.

Компания МСМ специализируется на лицензировании, саморегулировании и подготовке специалистов. Разберём исходную ситуацию и объясним последовательность действий.

Напишите в чат «НОК» и укажите вашу специальность, город и желаемый срок прохождения. Подскажем, с чего начать.";images/nok.png;;;;NEW_REVIEW;https://nadosro.ru/nezavisimaya-oczenka-kvalifikaczii;DRAFT_NOT_FOR_UPLOAD
mcm-nrs-kamensk-uralskiy;109;Каменск-Уральский;НРС;nrs;Включение в НРС НОСТРОЙ / НОПРИЗ — помощь;"Планируете включение специалиста в национальный реестр? МСМ поможет проверить документы и подготовить заявление для НОСТРОЙ или НОПРИЗ.

Клиентам из города Каменск-Уральский. МСМ работает с заказчиками по всей России.

Чем поможем:
• Проведём предварительный разбор документов специалиста.
• Подскажем, какие сведения нужно дополнить.
• Поможем подготовить комплект документов и заявление.
• Сопроводим рассмотрение и разберём замечания при их наличии.

Помогаем специалистам строительных, проектных и изыскательских организаций. Если ранее получили отказ, разберём его причины и возможные дальнейшие действия.

Компания МСМ специализируется на лицензировании, саморегулировании и подготовке специалистов. Разберём исходную ситуацию и объясним последовательность действий.

Напишите в чат «НРС»: укажите направление, образование и стаж. Подскажем порядок подготовки документов.";images/nrs.png;;;;NEW_REVIEW;https://nadosro.ru/vnesenie-specialistov-v-nacionalnyj-reestr;DRAFT_NOT_FOR_UPLOAD
mcm-mchs-kamensk-uralskiy;109;Каменск-Уральский;Лицензия МЧС;mchs;Лицензия МЧС — помощь в оформлении;"Готовите компанию к получению лицензии МЧС? МСМ сопровождает оформление: от разбора вашей задачи до подготовки документов и взаимодействия по заявлению.

Клиентам из города Каменск-Уральский. МСМ работает с заказчиками по всей России.

Чем поможем:
• Определим перечень работ, по которым нужна лицензия.
• Поможем собрать документы компании и специалистов.
• Проконсультируем по оборудованию и его документальному оформлению.
• Подготовим к проверке и сопроводим процесс рассмотрения.

Работаем с организациями и ИП в сфере пожарной безопасности. Сначала выясним, какие работы вы планируете выполнять, какие специалисты и оборудование уже есть, затем составим план подготовки.

Компания МСМ специализируется на лицензировании, саморегулировании и подготовке специалистов. Разберём исходную ситуацию и объясним последовательность действий.

Напишите в чат «МЧС» и перечислите планируемые работы. Расскажем, какие документы понадобятся в вашей ситуации.";images/mchs.png;;;;NEW_REVIEW;https://nadosro.ru/license/poluchit-licenziyu-mchs;DRAFT_NOT_FOR_UPLOAD
mcm-giop-kamensk-uralskiy;109;Каменск-Уральский;Минкультуры / ГИОП;giop;Лицензия Минкультуры, ГИОП — оформление;"Нужна помощь с лицензией Минкультуры на реставрационные работы? МСМ сопровождает подготовку документов для деятельности по сохранению объектов культурного наследия. Это направление также ищут как «лицензия ГИОП».

Клиентам из города Каменск-Уральский. МСМ работает с заказчиками по всей России.

Чем поможем:
• Разберём перечень планируемых реставрационных работ.
• Поможем собрать и подготовить документы организации.
• Проконсультируем по квалификации и аттестации специалистов.
• Сопроводим подачу и рассмотрение заявления.

Работаем с компаниями из разных регионов России. Порядок подготовки определяем с учётом выбранных работ, состава специалистов и готовности документов.

Компания МСМ специализируется на лицензировании, саморегулировании и подготовке специалистов. Разберём исходную ситуацию и объясним последовательность действий.

Напишите в чат «ГИОП» и укажите виды работ. Подскажем дальнейшие шаги для вашей компании.";images/giop.png;;;;NEW_REVIEW;https://nadosro.ru/license/licenziya-minkultury;DRAFT_NOT_FOR_UPLOAD
mcm-sro-kamensk-uralskiy;109;Каменск-Уральский;СРО — три направления;sro;СРО: строительство, проектирование, изыскания;"Нужно вступить в СРО? МСМ поможет подобрать саморегулируемую организацию и подготовить документы для вашей компании или ИП. Сопровождаем три направления: строительство, проектирование и инженерные изыскания.

Клиентам из города Каменск-Уральский. МСМ работает с заказчиками по всей России.

Чем поможем:
• Разберём виды работ, регион регистрации и задачи компании.
• Поможем подобрать СРО по нужному направлению.
• Подготовим комплект документов и заявление на вступление.
• Проконсультируем по специалистам НРС и требованиям выбранной СРО.
• Сопроводим рассмотрение документов и разберём замечания.

Строителям помогаем оформить членство в СРО для строительных работ. Проектировщикам — для подготовки проектной документации. Изыскателям — для инженерных изысканий. Если компании нужны несколько направлений, разберём каждое и согласуем общий порядок подготовки.

Компания МСМ специализируется на лицензировании, саморегулировании и подготовке специалистов. Разберём исходную ситуацию и объясним последовательность действий.

Напишите в чат «СРО» и укажите направление, регион регистрации и планируемые работы. Подскажем, какие документы подготовить в первую очередь.";images/sro.png;;;;NEW_REVIEW;https://nadosro.ru/;DRAFT_NOT_FOR_UPLOAD
mcm-nok-almetevsk;110;Альметьевск;НОК;nok;НОК НОСТРОЙ / НОПРИЗ — подготовка к экзамену;"Нужно пройти независимую оценку квалификации? МСМ помогает специалистам строительной отрасли подготовиться к экзамену и собрать документы для допуска к НОК.

Клиентам из города Альметьевск. МСМ работает с заказчиками по всей России.

Чем поможем:
• Разберём вашу задачу и направление квалификации.
• Поможем собрать и подготовить документы.
• Организуем подготовку к экзамену.
• Сопроводим по организационным вопросам до получения результатов.

Работаем со специалистами по строительству, проектированию и инженерным изысканиям. Подготовка и сопровождение подбираются под вашу квалификацию и текущую ситуацию.

Компания МСМ специализируется на лицензировании, саморегулировании и подготовке специалистов. Разберём исходную ситуацию и объясним последовательность действий.

Напишите в чат «НОК» и укажите вашу специальность, город и желаемый срок прохождения. Подскажем, с чего начать.";images/nok.png;;;;NEW_REVIEW;https://nadosro.ru/nezavisimaya-oczenka-kvalifikaczii;DRAFT_NOT_FOR_UPLOAD
mcm-nrs-almetevsk;110;Альметьевск;НРС;nrs;Включение в НРС НОСТРОЙ / НОПРИЗ — помощь;"Планируете включение специалиста в национальный реестр? МСМ поможет проверить документы и подготовить заявление для НОСТРОЙ или НОПРИЗ.

Клиентам из города Альметьевск. МСМ работает с заказчиками по всей России.

Чем поможем:
• Проведём предварительный разбор документов специалиста.
• Подскажем, какие сведения нужно дополнить.
• Поможем подготовить комплект документов и заявление.
• Сопроводим рассмотрение и разберём замечания при их наличии.

Помогаем специалистам строительных, проектных и изыскательских организаций. Если ранее получили отказ, разберём его причины и возможные дальнейшие действия.

Компания МСМ специализируется на лицензировании, саморегулировании и подготовке специалистов. Разберём исходную ситуацию и объясним последовательность действий.

Напишите в чат «НРС»: укажите направление, образование и стаж. Подскажем порядок подготовки документов.";images/nrs.png;;;;NEW_REVIEW;https://nadosro.ru/vnesenie-specialistov-v-nacionalnyj-reestr;DRAFT_NOT_FOR_UPLOAD
mcm-mchs-almetevsk;110;Альметьевск;Лицензия МЧС;mchs;Лицензия МЧС — помощь в оформлении;"Готовите компанию к получению лицензии МЧС? МСМ сопровождает оформление: от разбора вашей задачи до подготовки документов и взаимодействия по заявлению.

Клиентам из города Альметьевск. МСМ работает с заказчиками по всей России.

Чем поможем:
• Определим перечень работ, по которым нужна лицензия.
• Поможем собрать документы компании и специалистов.
• Проконсультируем по оборудованию и его документальному оформлению.
• Подготовим к проверке и сопроводим процесс рассмотрения.

Работаем с организациями и ИП в сфере пожарной безопасности. Сначала выясним, какие работы вы планируете выполнять, какие специалисты и оборудование уже есть, затем составим план подготовки.

Компания МСМ специализируется на лицензировании, саморегулировании и подготовке специалистов. Разберём исходную ситуацию и объясним последовательность действий.

Напишите в чат «МЧС» и перечислите планируемые работы. Расскажем, какие документы понадобятся в вашей ситуации.";images/mchs.png;;;;NEW_REVIEW;https://nadosro.ru/license/poluchit-licenziyu-mchs;DRAFT_NOT_FOR_UPLOAD
mcm-giop-almetevsk;110;Альметьевск;Минкультуры / ГИОП;giop;Лицензия Минкультуры, ГИОП — оформление;"Нужна помощь с лицензией Минкультуры на реставрационные работы? МСМ сопровождает подготовку документов для деятельности по сохранению объектов культурного наследия. Это направление также ищут как «лицензия ГИОП».

Клиентам из города Альметьевск. МСМ работает с заказчиками по всей России.

Чем поможем:
• Разберём перечень планируемых реставрационных работ.
• Поможем собрать и подготовить документы организации.
• Проконсультируем по квалификации и аттестации специалистов.
• Сопроводим подачу и рассмотрение заявления.

Работаем с компаниями из разных регионов России. Порядок подготовки определяем с учётом выбранных работ, состава специалистов и готовности документов.

Компания МСМ специализируется на лицензировании, саморегулировании и подготовке специалистов. Разберём исходную ситуацию и объясним последовательность действий.

Напишите в чат «ГИОП» и укажите виды работ. Подскажем дальнейшие шаги для вашей компании.";images/giop.png;;;;NEW_REVIEW;https://nadosro.ru/license/licenziya-minkultury;DRAFT_NOT_FOR_UPLOAD
mcm-sro-almetevsk;110;Альметьевск;СРО — три направления;sro;СРО: строительство, проектирование, изыскания;"Нужно вступить в СРО? МСМ поможет подобрать саморегулируемую организацию и подготовить документы для вашей компании или ИП. Сопровождаем три направления: строительство, проектирование и инженерные изыскания.

Клиентам из города Альметьевск. МСМ работает с заказчиками по всей России.

Чем поможем:
• Разберём виды работ, регион регистрации и задачи компании.
• Поможем подобрать СРО по нужному направлению.
• Подготовим комплект документов и заявление на вступление.
• Проконсультируем по специалистам НРС и требованиям выбранной СРО.
• Сопроводим рассмотрение документов и разберём замечания.

Строителям помогаем оформить членство в СРО для строительных работ. Проектировщикам — для подготовки проектной документации. Изыскателям — для инженерных изысканий. Если компании нужны несколько направлений, разберём каждое и согласуем общий порядок подготовки.

Компания МСМ специализируется на лицензировании, саморегулировании и подготовке специалистов. Разберём исходную ситуацию и объясним последовательность действий.

Напишите в чат «СРО» и укажите направление, регион регистрации и планируемые работы. Подскажем, какие документы подготовить в первую очередь.";images/sro.png;;;;NEW_REVIEW;https://nadosro.ru/;DRAFT_NOT_FOR_UPLOAD
mcm-nok-ussuriysk;111;Уссурийск;НОК;nok;НОК НОСТРОЙ / НОПРИЗ — подготовка к экзамену;"Нужно пройти независимую оценку квалификации? МСМ помогает специалистам строительной отрасли подготовиться к экзамену и собрать документы для допуска к НОК.

Клиентам из города Уссурийск. МСМ работает с заказчиками по всей России.

Чем поможем:
• Разберём вашу задачу и направление квалификации.
• Поможем собрать и подготовить документы.
• Организуем подготовку к экзамену.
• Сопроводим по организационным вопросам до получения результатов.

Работаем со специалистами по строительству, проектированию и инженерным изысканиям. Подготовка и сопровождение подбираются под вашу квалификацию и текущую ситуацию.

Компания МСМ специализируется на лицензировании, саморегулировании и подготовке специалистов. Разберём исходную ситуацию и объясним последовательность действий.

Напишите в чат «НОК» и укажите вашу специальность, город и желаемый срок прохождения. Подскажем, с чего начать.";images/nok.png;;;;NEW_REVIEW;https://nadosro.ru/nezavisimaya-oczenka-kvalifikaczii;DRAFT_NOT_FOR_UPLOAD
mcm-nrs-ussuriysk;111;Уссурийск;НРС;nrs;Включение в НРС НОСТРОЙ / НОПРИЗ — помощь;"Планируете включение специалиста в национальный реестр? МСМ поможет проверить документы и подготовить заявление для НОСТРОЙ или НОПРИЗ.

Клиентам из города Уссурийск. МСМ работает с заказчиками по всей России.

Чем поможем:
• Проведём предварительный разбор документов специалиста.
• Подскажем, какие сведения нужно дополнить.
• Поможем подготовить комплект документов и заявление.
• Сопроводим рассмотрение и разберём замечания при их наличии.

Помогаем специалистам строительных, проектных и изыскательских организаций. Если ранее получили отказ, разберём его причины и возможные дальнейшие действия.

Компания МСМ специализируется на лицензировании, саморегулировании и подготовке специалистов. Разберём исходную ситуацию и объясним последовательность действий.

Напишите в чат «НРС»: укажите направление, образование и стаж. Подскажем порядок подготовки документов.";images/nrs.png;;;;NEW_REVIEW;https://nadosro.ru/vnesenie-specialistov-v-nacionalnyj-reestr;DRAFT_NOT_FOR_UPLOAD
mcm-mchs-ussuriysk;111;Уссурийск;Лицензия МЧС;mchs;Лицензия МЧС — помощь в оформлении;"Готовите компанию к получению лицензии МЧС? МСМ сопровождает оформление: от разбора вашей задачи до подготовки документов и взаимодействия по заявлению.

Клиентам из города Уссурийск. МСМ работает с заказчиками по всей России.

Чем поможем:
• Определим перечень работ, по которым нужна лицензия.
• Поможем собрать документы компании и специалистов.
• Проконсультируем по оборудованию и его документальному оформлению.
• Подготовим к проверке и сопроводим процесс рассмотрения.

Работаем с организациями и ИП в сфере пожарной безопасности. Сначала выясним, какие работы вы планируете выполнять, какие специалисты и оборудование уже есть, затем составим план подготовки.

Компания МСМ специализируется на лицензировании, саморегулировании и подготовке специалистов. Разберём исходную ситуацию и объясним последовательность действий.

Напишите в чат «МЧС» и перечислите планируемые работы. Расскажем, какие документы понадобятся в вашей ситуации.";images/mchs.png;;;;NEW_REVIEW;https://nadosro.ru/license/poluchit-licenziyu-mchs;DRAFT_NOT_FOR_UPLOAD
mcm-giop-ussuriysk;111;Уссурийск;Минкультуры / ГИОП;giop;Лицензия Минкультуры, ГИОП — оформление;"Нужна помощь с лицензией Минкультуры на реставрационные работы? МСМ сопровождает подготовку документов для деятельности по сохранению объектов культурного наследия. Это направление также ищут как «лицензия ГИОП».

Клиентам из города Уссурийск. МСМ работает с заказчиками по всей России.

Чем поможем:
• Разберём перечень планируемых реставрационных работ.
• Поможем собрать и подготовить документы организации.
• Проконсультируем по квалификации и аттестации специалистов.
• Сопроводим подачу и рассмотрение заявления.

Работаем с компаниями из разных регионов России. Порядок подготовки определяем с учётом выбранных работ, состава специалистов и готовности документов.

Компания МСМ специализируется на лицензировании, саморегулировании и подготовке специалистов. Разберём исходную ситуацию и объясним последовательность действий.

Напишите в чат «ГИОП» и укажите виды работ. Подскажем дальнейшие шаги для вашей компании.";images/giop.png;;;;NEW_REVIEW;https://nadosro.ru/license/licenziya-minkultury;DRAFT_NOT_FOR_UPLOAD
mcm-sro-ussuriysk;111;Уссурийск;СРО — три направления;sro;СРО: строительство, проектирование, изыскания;"Нужно вступить в СРО? МСМ поможет подобрать саморегулируемую организацию и подготовить документы для вашей компании или ИП. Сопровождаем три направления: строительство, проектирование и инженерные изыскания.

Клиентам из города Уссурийск. МСМ работает с заказчиками по всей России.

Чем поможем:
• Разберём виды работ, регион регистрации и задачи компании.
• Поможем подобрать СРО по нужному направлению.
• Подготовим комплект документов и заявление на вступление.
• Проконсультируем по специалистам НРС и требованиям выбранной СРО.
• Сопроводим рассмотрение документов и разберём замечания.

Строителям помогаем оформить членство в СРО для строительных работ. Проектировщикам — для подготовки проектной документации. Изыскателям — для инженерных изысканий. Если компании нужны несколько направлений, разберём каждое и согласуем общий порядок подготовки.

Компания МСМ специализируется на лицензировании, саморегулировании и подготовке специалистов. Разберём исходную ситуацию и объясним последовательность действий.

Напишите в чат «СРО» и укажите направление, регион регистрации и планируемые работы. Подскажем, какие документы подготовить в первую очередь.";images/sro.png;;;;NEW_REVIEW;https://nadosro.ru/;DRAFT_NOT_FOR_UPLOAD
mcm-nok-miass;112;Миасс;НОК;nok;НОК НОСТРОЙ / НОПРИЗ — подготовка к экзамену;"Нужно пройти независимую оценку квалификации? МСМ помогает специалистам строительной отрасли подготовиться к экзамену и собрать документы для допуска к НОК.

Клиентам из города Миасс. МСМ работает с заказчиками по всей России.

Чем поможем:
• Разберём вашу задачу и направление квалификации.
• Поможем собрать и подготовить документы.
• Организуем подготовку к экзамену.
• Сопроводим по организационным вопросам до получения результатов.

Работаем со специалистами по строительству, проектированию и инженерным изысканиям. Подготовка и сопровождение подбираются под вашу квалификацию и текущую ситуацию.

Компания МСМ специализируется на лицензировании, саморегулировании и подготовке специалистов. Разберём исходную ситуацию и объясним последовательность действий.

Напишите в чат «НОК» и укажите вашу специальность, город и желаемый срок прохождения. Подскажем, с чего начать.";images/nok.png;;;;NEW_REVIEW;https://nadosro.ru/nezavisimaya-oczenka-kvalifikaczii;DRAFT_NOT_FOR_UPLOAD
mcm-nrs-miass;112;Миасс;НРС;nrs;Включение в НРС НОСТРОЙ / НОПРИЗ — помощь;"Планируете включение специалиста в национальный реестр? МСМ поможет проверить документы и подготовить заявление для НОСТРОЙ или НОПРИЗ.

Клиентам из города Миасс. МСМ работает с заказчиками по всей России.

Чем поможем:
• Проведём предварительный разбор документов специалиста.
• Подскажем, какие сведения нужно дополнить.
• Поможем подготовить комплект документов и заявление.
• Сопроводим рассмотрение и разберём замечания при их наличии.

Помогаем специалистам строительных, проектных и изыскательских организаций. Если ранее получили отказ, разберём его причины и возможные дальнейшие действия.

Компания МСМ специализируется на лицензировании, саморегулировании и подготовке специалистов. Разберём исходную ситуацию и объясним последовательность действий.

Напишите в чат «НРС»: укажите направление, образование и стаж. Подскажем порядок подготовки документов.";images/nrs.png;;;;NEW_REVIEW;https://nadosro.ru/vnesenie-specialistov-v-nacionalnyj-reestr;DRAFT_NOT_FOR_UPLOAD
mcm-mchs-miass;112;Миасс;Лицензия МЧС;mchs;Лицензия МЧС — помощь в оформлении;"Готовите компанию к получению лицензии МЧС? МСМ сопровождает оформление: от разбора вашей задачи до подготовки документов и взаимодействия по заявлению.

Клиентам из города Миасс. МСМ работает с заказчиками по всей России.

Чем поможем:
• Определим перечень работ, по которым нужна лицензия.
• Поможем собрать документы компании и специалистов.
• Проконсультируем по оборудованию и его документальному оформлению.
• Подготовим к проверке и сопроводим процесс рассмотрения.

Работаем с организациями и ИП в сфере пожарной безопасности. Сначала выясним, какие работы вы планируете выполнять, какие специалисты и оборудование уже есть, затем составим план подготовки.

Компания МСМ специализируется на лицензировании, саморегулировании и подготовке специалистов. Разберём исходную ситуацию и объясним последовательность действий.

Напишите в чат «МЧС» и перечислите планируемые работы. Расскажем, какие документы понадобятся в вашей ситуации.";images/mchs.png;;;;NEW_REVIEW;https://nadosro.ru/license/poluchit-licenziyu-mchs;DRAFT_NOT_FOR_UPLOAD
mcm-giop-miass;112;Миасс;Минкультуры / ГИОП;giop;Лицензия Минкультуры, ГИОП — оформление;"Нужна помощь с лицензией Минкультуры на реставрационные работы? МСМ сопровождает подготовку документов для деятельности по сохранению объектов культурного наследия. Это направление также ищут как «лицензия ГИОП».

Клиентам из города Миасс. МСМ работает с заказчиками по всей России.

Чем поможем:
• Разберём перечень планируемых реставрационных работ.
• Поможем собрать и подготовить документы организации.
• Проконсультируем по квалификации и аттестации специалистов.
• Сопроводим подачу и рассмотрение заявления.

Работаем с компаниями из разных регионов России. Порядок подготовки определяем с учётом выбранных работ, состава специалистов и готовности документов.

Компания МСМ специализируется на лицензировании, саморегулировании и подготовке специалистов. Разберём исходную ситуацию и объясним последовательность действий.

Напишите в чат «ГИОП» и укажите виды работ. Подскажем дальнейшие шаги для вашей компании.";images/giop.png;;;;NEW_REVIEW;https://nadosro.ru/license/licenziya-minkultury;DRAFT_NOT_FOR_UPLOAD
mcm-sro-miass;112;Миасс;СРО — три направления;sro;СРО: строительство, проектирование, изыскания;"Нужно вступить в СРО? МСМ поможет подобрать саморегулируемую организацию и подготовить документы для вашей компании или ИП. Сопровождаем три направления: строительство, проектирование и инженерные изыскания.

Клиентам из города Миасс. МСМ работает с заказчиками по всей России.

Чем поможем:
• Разберём виды работ, регион регистрации и задачи компании.
• Поможем подобрать СРО по нужному направлению.
• Подготовим комплект документов и заявление на вступление.
• Проконсультируем по специалистам НРС и требованиям выбранной СРО.
• Сопроводим рассмотрение документов и разберём замечания.

Строителям помогаем оформить членство в СРО для строительных работ. Проектировщикам — для подготовки проектной документации. Изыскателям — для инженерных изысканий. Если компании нужны несколько направлений, разберём каждое и согласуем общий порядок подготовки.

Компания МСМ специализируется на лицензировании, саморегулировании и подготовке специалистов. Разберём исходную ситуацию и объясним последовательность действий.

Напишите в чат «СРО» и укажите направление, регион регистрации и планируемые работы. Подскажем, какие документы подготовить в первую очередь.";images/sro.png;;;;NEW_REVIEW;https://nadosro.ru/;DRAFT_NOT_FOR_UPLOAD
mcm-nok-novocherkassk;113;Новочеркасск;НОК;nok;НОК НОСТРОЙ / НОПРИЗ — подготовка к экзамену;"Нужно пройти независимую оценку квалификации? МСМ помогает специалистам строительной отрасли подготовиться к экзамену и собрать документы для допуска к НОК.

Клиентам из города Новочеркасск. МСМ работает с заказчиками по всей России.

Чем поможем:
• Разберём вашу задачу и направление квалификации.
• Поможем собрать и подготовить документы.
• Организуем подготовку к экзамену.
• Сопроводим по организационным вопросам до получения результатов.

Работаем со специалистами по строительству, проектированию и инженерным изысканиям. Подготовка и сопровождение подбираются под вашу квалификацию и текущую ситуацию.

Компания МСМ специализируется на лицензировании, саморегулировании и подготовке специалистов. Разберём исходную ситуацию и объясним последовательность действий.

Напишите в чат «НОК» и укажите вашу специальность, город и желаемый срок прохождения. Подскажем, с чего начать.";images/nok.png;;;;NEW_REVIEW;https://nadosro.ru/nezavisimaya-oczenka-kvalifikaczii;DRAFT_NOT_FOR_UPLOAD
mcm-nrs-novocherkassk;113;Новочеркасск;НРС;nrs;Включение в НРС НОСТРОЙ / НОПРИЗ — помощь;"Планируете включение специалиста в национальный реестр? МСМ поможет проверить документы и подготовить заявление для НОСТРОЙ или НОПРИЗ.

Клиентам из города Новочеркасск. МСМ работает с заказчиками по всей России.

Чем поможем:
• Проведём предварительный разбор документов специалиста.
• Подскажем, какие сведения нужно дополнить.
• Поможем подготовить комплект документов и заявление.
• Сопроводим рассмотрение и разберём замечания при их наличии.

Помогаем специалистам строительных, проектных и изыскательских организаций. Если ранее получили отказ, разберём его причины и возможные дальнейшие действия.

Компания МСМ специализируется на лицензировании, саморегулировании и подготовке специалистов. Разберём исходную ситуацию и объясним последовательность действий.

Напишите в чат «НРС»: укажите направление, образование и стаж. Подскажем порядок подготовки документов.";images/nrs.png;;;;NEW_REVIEW;https://nadosro.ru/vnesenie-specialistov-v-nacionalnyj-reestr;DRAFT_NOT_FOR_UPLOAD
mcm-mchs-novocherkassk;113;Новочеркасск;Лицензия МЧС;mchs;Лицензия МЧС — помощь в оформлении;"Готовите компанию к получению лицензии МЧС? МСМ сопровождает оформление: от разбора вашей задачи до подготовки документов и взаимодействия по заявлению.

Клиентам из города Новочеркасск. МСМ работает с заказчиками по всей России.

Чем поможем:
• Определим перечень работ, по которым нужна лицензия.
• Поможем собрать документы компании и специалистов.
• Проконсультируем по оборудованию и его документальному оформлению.
• Подготовим к проверке и сопроводим процесс рассмотрения.

Работаем с организациями и ИП в сфере пожарной безопасности. Сначала выясним, какие работы вы планируете выполнять, какие специалисты и оборудование уже есть, затем составим план подготовки.

Компания МСМ специализируется на лицензировании, саморегулировании и подготовке специалистов. Разберём исходную ситуацию и объясним последовательность действий.

Напишите в чат «МЧС» и перечислите планируемые работы. Расскажем, какие документы понадобятся в вашей ситуации.";images/mchs.png;;;;NEW_REVIEW;https://nadosro.ru/license/poluchit-licenziyu-mchs;DRAFT_NOT_FOR_UPLOAD
mcm-giop-novocherkassk;113;Новочеркасск;Минкультуры / ГИОП;giop;Лицензия Минкультуры, ГИОП — оформление;"Нужна помощь с лицензией Минкультуры на реставрационные работы? МСМ сопровождает подготовку документов для деятельности по сохранению объектов культурного наследия. Это направление также ищут как «лицензия ГИОП».

Клиентам из города Новочеркасск. МСМ работает с заказчиками по всей России.

Чем поможем:
• Разберём перечень планируемых реставрационных работ.
• Поможем собрать и подготовить документы организации.
• Проконсультируем по квалификации и аттестации специалистов.
• Сопроводим подачу и рассмотрение заявления.

Работаем с компаниями из разных регионов России. Порядок подготовки определяем с учётом выбранных работ, состава специалистов и готовности документов.

Компания МСМ специализируется на лицензировании, саморегулировании и подготовке специалистов. Разберём исходную ситуацию и объясним последовательность действий.

Напишите в чат «ГИОП» и укажите виды работ. Подскажем дальнейшие шаги для вашей компании.";images/giop.png;;;;NEW_REVIEW;https://nadosro.ru/license/licenziya-minkultury;DRAFT_NOT_FOR_UPLOAD
mcm-sro-novocherkassk;113;Новочеркасск;СРО — три направления;sro;СРО: строительство, проектирование, изыскания;"Нужно вступить в СРО? МСМ поможет подобрать саморегулируемую организацию и подготовить документы для вашей компании или ИП. Сопровождаем три направления: строительство, проектирование и инженерные изыскания.

Клиентам из города Новочеркасск. МСМ работает с заказчиками по всей России.

Чем поможем:
• Разберём виды работ, регион регистрации и задачи компании.
• Поможем подобрать СРО по нужному направлению.
• Подготовим комплект документов и заявление на вступление.
• Проконсультируем по специалистам НРС и требованиям выбранной СРО.
• Сопроводим рассмотрение документов и разберём замечания.

Строителям помогаем оформить членство в СРО для строительных работ. Проектировщикам — для подготовки проектной документации. Изыскателям — для инженерных изысканий. Если компании нужны несколько направлений, разберём каждое и согласуем общий порядок подготовки.

Компания МСМ специализируется на лицензировании, саморегулировании и подготовке специалистов. Разберём исходную ситуацию и объясним последовательность действий.

Напишите в чат «СРО» и укажите направление, регион регистрации и планируемые работы. Подскажем, какие документы подготовить в первую очередь.";images/sro.png;;;;NEW_REVIEW;https://nadosro.ru/;DRAFT_NOT_FOR_UPLOAD
mcm-nok-berezniki;114;Березники;НОК;nok;НОК НОСТРОЙ / НОПРИЗ — подготовка к экзамену;"Нужно пройти независимую оценку квалификации? МСМ помогает специалистам строительной отрасли подготовиться к экзамену и собрать документы для допуска к НОК.

Клиентам из города Березники. МСМ работает с заказчиками по всей России.

Чем поможем:
• Разберём вашу задачу и направление квалификации.
• Поможем собрать и подготовить документы.
• Организуем подготовку к экзамену.
• Сопроводим по организационным вопросам до получения результатов.

Работаем со специалистами по строительству, проектированию и инженерным изысканиям. Подготовка и сопровождение подбираются под вашу квалификацию и текущую ситуацию.

Компания МСМ специализируется на лицензировании, саморегулировании и подготовке специалистов. Разберём исходную ситуацию и объясним последовательность действий.

Напишите в чат «НОК» и укажите вашу специальность, город и желаемый срок прохождения. Подскажем, с чего начать.";images/nok.png;;;;NEW_REVIEW;https://nadosro.ru/nezavisimaya-oczenka-kvalifikaczii;DRAFT_NOT_FOR_UPLOAD
mcm-nrs-berezniki;114;Березники;НРС;nrs;Включение в НРС НОСТРОЙ / НОПРИЗ — помощь;"Планируете включение специалиста в национальный реестр? МСМ поможет проверить документы и подготовить заявление для НОСТРОЙ или НОПРИЗ.

Клиентам из города Березники. МСМ работает с заказчиками по всей России.

Чем поможем:
• Проведём предварительный разбор документов специалиста.
• Подскажем, какие сведения нужно дополнить.
• Поможем подготовить комплект документов и заявление.
• Сопроводим рассмотрение и разберём замечания при их наличии.

Помогаем специалистам строительных, проектных и изыскательских организаций. Если ранее получили отказ, разберём его причины и возможные дальнейшие действия.

Компания МСМ специализируется на лицензировании, саморегулировании и подготовке специалистов. Разберём исходную ситуацию и объясним последовательность действий.

Напишите в чат «НРС»: укажите направление, образование и стаж. Подскажем порядок подготовки документов.";images/nrs.png;;;;NEW_REVIEW;https://nadosro.ru/vnesenie-specialistov-v-nacionalnyj-reestr;DRAFT_NOT_FOR_UPLOAD
mcm-mchs-berezniki;114;Березники;Лицензия МЧС;mchs;Лицензия МЧС — помощь в оформлении;"Готовите компанию к получению лицензии МЧС? МСМ сопровождает оформление: от разбора вашей задачи до подготовки документов и взаимодействия по заявлению.

Клиентам из города Березники. МСМ работает с заказчиками по всей России.

Чем поможем:
• Определим перечень работ, по которым нужна лицензия.
• Поможем собрать документы компании и специалистов.
• Проконсультируем по оборудованию и его документальному оформлению.
• Подготовим к проверке и сопроводим процесс рассмотрения.

Работаем с организациями и ИП в сфере пожарной безопасности. Сначала выясним, какие работы вы планируете выполнять, какие специалисты и оборудование уже есть, затем составим план подготовки.

Компания МСМ специализируется на лицензировании, саморегулировании и подготовке специалистов. Разберём исходную ситуацию и объясним последовательность действий.

Напишите в чат «МЧС» и перечислите планируемые работы. Расскажем, какие документы понадобятся в вашей ситуации.";images/mchs.png;;;;NEW_REVIEW;https://nadosro.ru/license/poluchit-licenziyu-mchs;DRAFT_NOT_FOR_UPLOAD
mcm-giop-berezniki;114;Березники;Минкультуры / ГИОП;giop;Лицензия Минкультуры, ГИОП — оформление;"Нужна помощь с лицензией Минкультуры на реставрационные работы? МСМ сопровождает подготовку документов для деятельности по сохранению объектов культурного наследия. Это направление также ищут как «лицензия ГИОП».

Клиентам из города Березники. МСМ работает с заказчиками по всей России.

Чем поможем:
• Разберём перечень планируемых реставрационных работ.
• Поможем собрать и подготовить документы организации.
• Проконсультируем по квалификации и аттестации специалистов.
• Сопроводим подачу и рассмотрение заявления.

Работаем с компаниями из разных регионов России. Порядок подготовки определяем с учётом выбранных работ, состава специалистов и готовности документов.

Компания МСМ специализируется на лицензировании, саморегулировании и подготовке специалистов. Разберём исходную ситуацию и объясним последовательность действий.

Напишите в чат «ГИОП» и укажите виды работ. Подскажем дальнейшие шаги для вашей компании.";images/giop.png;;;;NEW_REVIEW;https://nadosro.ru/license/licenziya-minkultury;DRAFT_NOT_FOR_UPLOAD
mcm-sro-berezniki;114;Березники;СРО — три направления;sro;СРО: строительство, проектирование, изыскания;"Нужно вступить в СРО? МСМ поможет подобрать саморегулируемую организацию и подготовить документы для вашей компании или ИП. Сопровождаем три направления: строительство, проектирование и инженерные изыскания.

Клиентам из города Березники. МСМ работает с заказчиками по всей России.

Чем поможем:
• Разберём виды работ, регион регистрации и задачи компании.
• Поможем подобрать СРО по нужному направлению.
• Подготовим комплект документов и заявление на вступление.
• Проконсультируем по специалистам НРС и требованиям выбранной СРО.
• Сопроводим рассмотрение документов и разберём замечания.

Строителям помогаем оформить членство в СРО для строительных работ. Проектировщикам — для подготовки проектной документации. Изыскателям — для инженерных изысканий. Если компании нужны несколько направлений, разберём каждое и согласуем общий порядок подготовки.

Компания МСМ специализируется на лицензировании, саморегулировании и подготовке специалистов. Разберём исходную ситуацию и объясним последовательность действий.

Напишите в чат «СРО» и укажите направление, регион регистрации и планируемые работы. Подскажем, какие документы подготовить в первую очередь.";images/sro.png;;;;NEW_REVIEW;https://nadosro.ru/;DRAFT_NOT_FOR_UPLOAD
mcm-nok-neftekamsk;115;Нефтекамск;НОК;nok;НОК НОСТРОЙ / НОПРИЗ — подготовка к экзамену;"Нужно пройти независимую оценку квалификации? МСМ помогает специалистам строительной отрасли подготовиться к экзамену и собрать документы для допуска к НОК.

Клиентам из города Нефтекамск. МСМ работает с заказчиками по всей России.

Чем поможем:
• Разберём вашу задачу и направление квалификации.
• Поможем собрать и подготовить документы.
• Организуем подготовку к экзамену.
• Сопроводим по организационным вопросам до получения результатов.

Работаем со специалистами по строительству, проектированию и инженерным изысканиям. Подготовка и сопровождение подбираются под вашу квалификацию и текущую ситуацию.

Компания МСМ специализируется на лицензировании, саморегулировании и подготовке специалистов. Разберём исходную ситуацию и объясним последовательность действий.

Напишите в чат «НОК» и укажите вашу специальность, город и желаемый срок прохождения. Подскажем, с чего начать.";images/nok.png;;;;NEW_REVIEW;https://nadosro.ru/nezavisimaya-oczenka-kvalifikaczii;DRAFT_NOT_FOR_UPLOAD
mcm-nrs-neftekamsk;115;Нефтекамск;НРС;nrs;Включение в НРС НОСТРОЙ / НОПРИЗ — помощь;"Планируете включение специалиста в национальный реестр? МСМ поможет проверить документы и подготовить заявление для НОСТРОЙ или НОПРИЗ.

Клиентам из города Нефтекамск. МСМ работает с заказчиками по всей России.

Чем поможем:
• Проведём предварительный разбор документов специалиста.
• Подскажем, какие сведения нужно дополнить.
• Поможем подготовить комплект документов и заявление.
• Сопроводим рассмотрение и разберём замечания при их наличии.

Помогаем специалистам строительных, проектных и изыскательских организаций. Если ранее получили отказ, разберём его причины и возможные дальнейшие действия.

Компания МСМ специализируется на лицензировании, саморегулировании и подготовке специалистов. Разберём исходную ситуацию и объясним последовательность действий.

Напишите в чат «НРС»: укажите направление, образование и стаж. Подскажем порядок подготовки документов.";images/nrs.png;;;;NEW_REVIEW;https://nadosro.ru/vnesenie-specialistov-v-nacionalnyj-reestr;DRAFT_NOT_FOR_UPLOAD
mcm-mchs-neftekamsk;115;Нефтекамск;Лицензия МЧС;mchs;Лицензия МЧС — помощь в оформлении;"Готовите компанию к получению лицензии МЧС? МСМ сопровождает оформление: от разбора вашей задачи до подготовки документов и взаимодействия по заявлению.

Клиентам из города Нефтекамск. МСМ работает с заказчиками по всей России.

Чем поможем:
• Определим перечень работ, по которым нужна лицензия.
• Поможем собрать документы компании и специалистов.
• Проконсультируем по оборудованию и его документальному оформлению.
• Подготовим к проверке и сопроводим процесс рассмотрения.

Работаем с организациями и ИП в сфере пожарной безопасности. Сначала выясним, какие работы вы планируете выполнять, какие специалисты и оборудование уже есть, затем составим план подготовки.

Компания МСМ специализируется на лицензировании, саморегулировании и подготовке специалистов. Разберём исходную ситуацию и объясним последовательность действий.

Напишите в чат «МЧС» и перечислите планируемые работы. Расскажем, какие документы понадобятся в вашей ситуации.";images/mchs.png;;;;NEW_REVIEW;https://nadosro.ru/license/poluchit-licenziyu-mchs;DRAFT_NOT_FOR_UPLOAD
mcm-giop-neftekamsk;115;Нефтекамск;Минкультуры / ГИОП;giop;Лицензия Минкультуры, ГИОП — оформление;"Нужна помощь с лицензией Минкультуры на реставрационные работы? МСМ сопровождает подготовку документов для деятельности по сохранению объектов культурного наследия. Это направление также ищут как «лицензия ГИОП».

Клиентам из города Нефтекамск. МСМ работает с заказчиками по всей России.

Чем поможем:
• Разберём перечень планируемых реставрационных работ.
• Поможем собрать и подготовить документы организации.
• Проконсультируем по квалификации и аттестации специалистов.
• Сопроводим подачу и рассмотрение заявления.

Работаем с компаниями из разных регионов России. Порядок подготовки определяем с учётом выбранных работ, состава специалистов и готовности документов.

Компания МСМ специализируется на лицензировании, саморегулировании и подготовке специалистов. Разберём исходную ситуацию и объясним последовательность действий.

Напишите в чат «ГИОП» и укажите виды работ. Подскажем дальнейшие шаги для вашей компании.";images/giop.png;;;;NEW_REVIEW;https://nadosro.ru/license/licenziya-minkultury;DRAFT_NOT_FOR_UPLOAD
mcm-sro-neftekamsk;115;Нефтекамск;СРО — три направления;sro;СРО: строительство, проектирование, изыскания;"Нужно вступить в СРО? МСМ поможет подобрать саморегулируемую организацию и подготовить документы для вашей компании или ИП. Сопровождаем три направления: строительство, проектирование и инженерные изыскания.

Клиентам из города Нефтекамск. МСМ работает с заказчиками по всей России.

Чем поможем:
• Разберём виды работ, регион регистрации и задачи компании.
• Поможем подобрать СРО по нужному направлению.
• Подготовим комплект документов и заявление на вступление.
• Проконсультируем по специалистам НРС и требованиям выбранной СРО.
• Сопроводим рассмотрение документов и разберём замечания.

Строителям помогаем оформить членство в СРО для строительных работ. Проектировщикам — для подготовки проектной документации. Изыскателям — для инженерных изысканий. Если компании нужны несколько направлений, разберём каждое и согласуем общий порядок подготовки.

Компания МСМ специализируется на лицензировании, саморегулировании и подготовке специалистов. Разберём исходную ситуацию и объясним последовательность действий.

Напишите в чат «СРО» и укажите направление, регион регистрации и планируемые работы. Подскажем, какие документы подготовить в первую очередь.";images/sro.png;;;;NEW_REVIEW;https://nadosro.ru/;DRAFT_NOT_FOR_UPLOAD
mcm-nok-kislovodsk;116;Кисловодск;НОК;nok;НОК НОСТРОЙ / НОПРИЗ — подготовка к экзамену;"Нужно пройти независимую оценку квалификации? МСМ помогает специалистам строительной отрасли подготовиться к экзамену и собрать документы для допуска к НОК.

Клиентам из города Кисловодск. МСМ работает с заказчиками по всей России.

Чем поможем:
• Разберём вашу задачу и направление квалификации.
• Поможем собрать и подготовить документы.
• Организуем подготовку к экзамену.
• Сопроводим по организационным вопросам до получения результатов.

Работаем со специалистами по строительству, проектированию и инженерным изысканиям. Подготовка и сопровождение подбираются под вашу квалификацию и текущую ситуацию.

Компания МСМ специализируется на лицензировании, саморегулировании и подготовке специалистов. Разберём исходную ситуацию и объясним последовательность действий.

Напишите в чат «НОК» и укажите вашу специальность, город и желаемый срок прохождения. Подскажем, с чего начать.";images/nok.png;;;;NEW_REVIEW;https://nadosro.ru/nezavisimaya-oczenka-kvalifikaczii;DRAFT_NOT_FOR_UPLOAD
mcm-nrs-kislovodsk;116;Кисловодск;НРС;nrs;Включение в НРС НОСТРОЙ / НОПРИЗ — помощь;"Планируете включение специалиста в национальный реестр? МСМ поможет проверить документы и подготовить заявление для НОСТРОЙ или НОПРИЗ.

Клиентам из города Кисловодск. МСМ работает с заказчиками по всей России.

Чем поможем:
• Проведём предварительный разбор документов специалиста.
• Подскажем, какие сведения нужно дополнить.
• Поможем подготовить комплект документов и заявление.
• Сопроводим рассмотрение и разберём замечания при их наличии.

Помогаем специалистам строительных, проектных и изыскательских организаций. Если ранее получили отказ, разберём его причины и возможные дальнейшие действия.

Компания МСМ специализируется на лицензировании, саморегулировании и подготовке специалистов. Разберём исходную ситуацию и объясним последовательность действий.

Напишите в чат «НРС»: укажите направление, образование и стаж. Подскажем порядок подготовки документов.";images/nrs.png;;;;NEW_REVIEW;https://nadosro.ru/vnesenie-specialistov-v-nacionalnyj-reestr;DRAFT_NOT_FOR_UPLOAD
mcm-mchs-kislovodsk;116;Кисловодск;Лицензия МЧС;mchs;Лицензия МЧС — помощь в оформлении;"Готовите компанию к получению лицензии МЧС? МСМ сопровождает оформление: от разбора вашей задачи до подготовки документов и взаимодействия по заявлению.

Клиентам из города Кисловодск. МСМ работает с заказчиками по всей России.

Чем поможем:
• Определим перечень работ, по которым нужна лицензия.
• Поможем собрать документы компании и специалистов.
• Проконсультируем по оборудованию и его документальному оформлению.
• Подготовим к проверке и сопроводим процесс рассмотрения.

Работаем с организациями и ИП в сфере пожарной безопасности. Сначала выясним, какие работы вы планируете выполнять, какие специалисты и оборудование уже есть, затем составим план подготовки.

Компания МСМ специализируется на лицензировании, саморегулировании и подготовке специалистов. Разберём исходную ситуацию и объясним последовательность действий.

Напишите в чат «МЧС» и перечислите планируемые работы. Расскажем, какие документы понадобятся в вашей ситуации.";images/mchs.png;;;;NEW_REVIEW;https://nadosro.ru/license/poluchit-licenziyu-mchs;DRAFT_NOT_FOR_UPLOAD
mcm-giop-kislovodsk;116;Кисловодск;Минкультуры / ГИОП;giop;Лицензия Минкультуры, ГИОП — оформление;"Нужна помощь с лицензией Минкультуры на реставрационные работы? МСМ сопровождает подготовку документов для деятельности по сохранению объектов культурного наследия. Это направление также ищут как «лицензия ГИОП».

Клиентам из города Кисловодск. МСМ работает с заказчиками по всей России.

Чем поможем:
• Разберём перечень планируемых реставрационных работ.
• Поможем собрать и подготовить документы организации.
• Проконсультируем по квалификации и аттестации специалистов.
• Сопроводим подачу и рассмотрение заявления.

Работаем с компаниями из разных регионов России. Порядок подготовки определяем с учётом выбранных работ, состава специалистов и готовности документов.

Компания МСМ специализируется на лицензировании, саморегулировании и подготовке специалистов. Разберём исходную ситуацию и объясним последовательность действий.

Напишите в чат «ГИОП» и укажите виды работ. Подскажем дальнейшие шаги для вашей компании.";images/giop.png;;;;NEW_REVIEW;https://nadosro.ru/license/licenziya-minkultury;DRAFT_NOT_FOR_UPLOAD
mcm-sro-kislovodsk;116;Кисловодск;СРО — три направления;sro;СРО: строительство, проектирование, изыскания;"Нужно вступить в СРО? МСМ поможет подобрать саморегулируемую организацию и подготовить документы для вашей компании или ИП. Сопровождаем три направления: строительство, проектирование и инженерные изыскания.

Клиентам из города Кисловодск. МСМ работает с заказчиками по всей России.

Чем поможем:
• Разберём виды работ, регион регистрации и задачи компании.
• Поможем подобрать СРО по нужному направлению.
• Подготовим комплект документов и заявление на вступление.
• Проконсультируем по специалистам НРС и требованиям выбранной СРО.
• Сопроводим рассмотрение документов и разберём замечания.

Строителям помогаем оформить членство в СРО для строительных работ. Проектировщикам — для подготовки проектной документации. Изыскателям — для инженерных изысканий. Если компании нужны несколько направлений, разберём каждое и согласуем общий порядок подготовки.

Компания МСМ специализируется на лицензировании, саморегулировании и подготовке специалистов. Разберём исходную ситуацию и объясним последовательность действий.

Напишите в чат «СРО» и укажите направление, регион регистрации и планируемые работы. Подскажем, какие документы подготовить в первую очередь.";images/sro.png;;;;NEW_REVIEW;https://nadosro.ru/;DRAFT_NOT_FOR_UPLOAD
mcm-nok-novocheboksarsk;117;Новочебоксарск;НОК;nok;НОК НОСТРОЙ / НОПРИЗ — подготовка к экзамену;"Нужно пройти независимую оценку квалификации? МСМ помогает специалистам строительной отрасли подготовиться к экзамену и собрать документы для допуска к НОК.

Клиентам из города Новочебоксарск. МСМ работает с заказчиками по всей России.

Чем поможем:
• Разберём вашу задачу и направление квалификации.
• Поможем собрать и подготовить документы.
• Организуем подготовку к экзамену.
• Сопроводим по организационным вопросам до получения результатов.

Работаем со специалистами по строительству, проектированию и инженерным изысканиям. Подготовка и сопровождение подбираются под вашу квалификацию и текущую ситуацию.

Компания МСМ специализируется на лицензировании, саморегулировании и подготовке специалистов. Разберём исходную ситуацию и объясним последовательность действий.

Напишите в чат «НОК» и укажите вашу специальность, город и желаемый срок прохождения. Подскажем, с чего начать.";images/nok.png;;;;NEW_REVIEW;https://nadosro.ru/nezavisimaya-oczenka-kvalifikaczii;DRAFT_NOT_FOR_UPLOAD
mcm-nrs-novocheboksarsk;117;Новочебоксарск;НРС;nrs;Включение в НРС НОСТРОЙ / НОПРИЗ — помощь;"Планируете включение специалиста в национальный реестр? МСМ поможет проверить документы и подготовить заявление для НОСТРОЙ или НОПРИЗ.

Клиентам из города Новочебоксарск. МСМ работает с заказчиками по всей России.

Чем поможем:
• Проведём предварительный разбор документов специалиста.
• Подскажем, какие сведения нужно дополнить.
• Поможем подготовить комплект документов и заявление.
• Сопроводим рассмотрение и разберём замечания при их наличии.

Помогаем специалистам строительных, проектных и изыскательских организаций. Если ранее получили отказ, разберём его причины и возможные дальнейшие действия.

Компания МСМ специализируется на лицензировании, саморегулировании и подготовке специалистов. Разберём исходную ситуацию и объясним последовательность действий.

Напишите в чат «НРС»: укажите направление, образование и стаж. Подскажем порядок подготовки документов.";images/nrs.png;;;;NEW_REVIEW;https://nadosro.ru/vnesenie-specialistov-v-nacionalnyj-reestr;DRAFT_NOT_FOR_UPLOAD
mcm-mchs-novocheboksarsk;117;Новочебоксарск;Лицензия МЧС;mchs;Лицензия МЧС — помощь в оформлении;"Готовите компанию к получению лицензии МЧС? МСМ сопровождает оформление: от разбора вашей задачи до подготовки документов и взаимодействия по заявлению.

Клиентам из города Новочебоксарск. МСМ работает с заказчиками по всей России.

Чем поможем:
• Определим перечень работ, по которым нужна лицензия.
• Поможем собрать документы компании и специалистов.
• Проконсультируем по оборудованию и его документальному оформлению.
• Подготовим к проверке и сопроводим процесс рассмотрения.

Работаем с организациями и ИП в сфере пожарной безопасности. Сначала выясним, какие работы вы планируете выполнять, какие специалисты и оборудование уже есть, затем составим план подготовки.

Компания МСМ специализируется на лицензировании, саморегулировании и подготовке специалистов. Разберём исходную ситуацию и объясним последовательность действий.

Напишите в чат «МЧС» и перечислите планируемые работы. Расскажем, какие документы понадобятся в вашей ситуации.";images/mchs.png;;;;NEW_REVIEW;https://nadosro.ru/license/poluchit-licenziyu-mchs;DRAFT_NOT_FOR_UPLOAD
mcm-giop-novocheboksarsk;117;Новочебоксарск;Минкультуры / ГИОП;giop;Лицензия Минкультуры, ГИОП — оформление;"Нужна помощь с лицензией Минкультуры на реставрационные работы? МСМ сопровождает подготовку документов для деятельности по сохранению объектов культурного наследия. Это направление также ищут как «лицензия ГИОП».

Клиентам из города Новочебоксарск. МСМ работает с заказчиками по всей России.

Чем поможем:
• Разберём перечень планируемых реставрационных работ.
• Поможем собрать и подготовить документы организации.
• Проконсультируем по квалификации и аттестации специалистов.
• Сопроводим подачу и рассмотрение заявления.

Работаем с компаниями из разных регионов России. Порядок подготовки определяем с учётом выбранных работ, состава специалистов и готовности документов.

Компания МСМ специализируется на лицензировании, саморегулировании и подготовке специалистов. Разберём исходную ситуацию и объясним последовательность действий.

Напишите в чат «ГИОП» и укажите виды работ. Подскажем дальнейшие шаги для вашей компании.";images/giop.png;;;;NEW_REVIEW;https://nadosro.ru/license/licenziya-minkultury;DRAFT_NOT_FOR_UPLOAD
mcm-sro-novocheboksarsk;117;Новочебоксарск;СРО — три направления;sro;СРО: строительство, проектирование, изыскания;"Нужно вступить в СРО? МСМ поможет подобрать саморегулируемую организацию и подготовить документы для вашей компании или ИП. Сопровождаем три направления: строительство, проектирование и инженерные изыскания.

Клиентам из города Новочебоксарск. МСМ работает с заказчиками по всей России.

Чем поможем:
• Разберём виды работ, регион регистрации и задачи компании.
• Поможем подобрать СРО по нужному направлению.
• Подготовим комплект документов и заявление на вступление.
• Проконсультируем по специалистам НРС и требованиям выбранной СРО.
• Сопроводим рассмотрение документов и разберём замечания.

Строителям помогаем оформить членство в СРО для строительных работ. Проектировщикам — для подготовки проектной документации. Изыскателям — для инженерных изысканий. Если компании нужны несколько направлений, разберём каждое и согласуем общий порядок подготовки.

Компания МСМ специализируется на лицензировании, саморегулировании и подготовке специалистов. Разберём исходную ситуацию и объясним последовательность действий.

Напишите в чат «СРО» и укажите направление, регион регистрации и планируемые работы. Подскажем, какие документы подготовить в первую очередь.";images/sro.png;;;;NEW_REVIEW;https://nadosro.ru/;DRAFT_NOT_FOR_UPLOAD
mcm-nok-derbent;118;Дербент;НОК;nok;НОК НОСТРОЙ / НОПРИЗ — подготовка к экзамену;"Нужно пройти независимую оценку квалификации? МСМ помогает специалистам строительной отрасли подготовиться к экзамену и собрать документы для допуска к НОК.

Клиентам из города Дербент. МСМ работает с заказчиками по всей России.

Чем поможем:
• Разберём вашу задачу и направление квалификации.
• Поможем собрать и подготовить документы.
• Организуем подготовку к экзамену.
• Сопроводим по организационным вопросам до получения результатов.

Работаем со специалистами по строительству, проектированию и инженерным изысканиям. Подготовка и сопровождение подбираются под вашу квалификацию и текущую ситуацию.

Компания МСМ специализируется на лицензировании, саморегулировании и подготовке специалистов. Разберём исходную ситуацию и объясним последовательность действий.

Напишите в чат «НОК» и укажите вашу специальность, город и желаемый срок прохождения. Подскажем, с чего начать.";images/nok.png;;;;NEW_REVIEW;https://nadosro.ru/nezavisimaya-oczenka-kvalifikaczii;DRAFT_NOT_FOR_UPLOAD
mcm-nrs-derbent;118;Дербент;НРС;nrs;Включение в НРС НОСТРОЙ / НОПРИЗ — помощь;"Планируете включение специалиста в национальный реестр? МСМ поможет проверить документы и подготовить заявление для НОСТРОЙ или НОПРИЗ.

Клиентам из города Дербент. МСМ работает с заказчиками по всей России.

Чем поможем:
• Проведём предварительный разбор документов специалиста.
• Подскажем, какие сведения нужно дополнить.
• Поможем подготовить комплект документов и заявление.
• Сопроводим рассмотрение и разберём замечания при их наличии.

Помогаем специалистам строительных, проектных и изыскательских организаций. Если ранее получили отказ, разберём его причины и возможные дальнейшие действия.

Компания МСМ специализируется на лицензировании, саморегулировании и подготовке специалистов. Разберём исходную ситуацию и объясним последовательность действий.

Напишите в чат «НРС»: укажите направление, образование и стаж. Подскажем порядок подготовки документов.";images/nrs.png;;;;NEW_REVIEW;https://nadosro.ru/vnesenie-specialistov-v-nacionalnyj-reestr;DRAFT_NOT_FOR_UPLOAD
mcm-mchs-derbent;118;Дербент;Лицензия МЧС;mchs;Лицензия МЧС — помощь в оформлении;"Готовите компанию к получению лицензии МЧС? МСМ сопровождает оформление: от разбора вашей задачи до подготовки документов и взаимодействия по заявлению.

Клиентам из города Дербент. МСМ работает с заказчиками по всей России.

Чем поможем:
• Определим перечень работ, по которым нужна лицензия.
• Поможем собрать документы компании и специалистов.
• Проконсультируем по оборудованию и его документальному оформлению.
• Подготовим к проверке и сопроводим процесс рассмотрения.

Работаем с организациями и ИП в сфере пожарной безопасности. Сначала выясним, какие работы вы планируете выполнять, какие специалисты и оборудование уже есть, затем составим план подготовки.

Компания МСМ специализируется на лицензировании, саморегулировании и подготовке специалистов. Разберём исходную ситуацию и объясним последовательность действий.

Напишите в чат «МЧС» и перечислите планируемые работы. Расскажем, какие документы понадобятся в вашей ситуации.";images/mchs.png;;;;NEW_REVIEW;https://nadosro.ru/license/poluchit-licenziyu-mchs;DRAFT_NOT_FOR_UPLOAD
mcm-giop-derbent;118;Дербент;Минкультуры / ГИОП;giop;Лицензия Минкультуры, ГИОП — оформление;"Нужна помощь с лицензией Минкультуры на реставрационные работы? МСМ сопровождает подготовку документов для деятельности по сохранению объектов культурного наследия. Это направление также ищут как «лицензия ГИОП».

Клиентам из города Дербент. МСМ работает с заказчиками по всей России.

Чем поможем:
• Разберём перечень планируемых реставрационных работ.
• Поможем собрать и подготовить документы организации.
• Проконсультируем по квалификации и аттестации специалистов.
• Сопроводим подачу и рассмотрение заявления.

Работаем с компаниями из разных регионов России. Порядок подготовки определяем с учётом выбранных работ, состава специалистов и готовности документов.

Компания МСМ специализируется на лицензировании, саморегулировании и подготовке специалистов. Разберём исходную ситуацию и объясним последовательность действий.

Напишите в чат «ГИОП» и укажите виды работ. Подскажем дальнейшие шаги для вашей компании.";images/giop.png;;;;NEW_REVIEW;https://nadosro.ru/license/licenziya-minkultury;DRAFT_NOT_FOR_UPLOAD
mcm-sro-derbent;118;Дербент;СРО — три направления;sro;СРО: строительство, проектирование, изыскания;"Нужно вступить в СРО? МСМ поможет подобрать саморегулируемую организацию и подготовить документы для вашей компании или ИП. Сопровождаем три направления: строительство, проектирование и инженерные изыскания.

Клиентам из города Дербент. МСМ работает с заказчиками по всей России.

Чем поможем:
• Разберём виды работ, регион регистрации и задачи компании.
• Поможем подобрать СРО по нужному направлению.
• Подготовим комплект документов и заявление на вступление.
• Проконсультируем по специалистам НРС и требованиям выбранной СРО.
• Сопроводим рассмотрение документов и разберём замечания.

Строителям помогаем оформить членство в СРО для строительных работ. Проектировщикам — для подготовки проектной документации. Изыскателям — для инженерных изысканий. Если компании нужны несколько направлений, разберём каждое и согласуем общий порядок подготовки.

Компания МСМ специализируется на лицензировании, саморегулировании и подготовке специалистов. Разберём исходную ситуацию и объясним последовательность действий.

Напишите в чат «СРО» и укажите направление, регион регистрации и планируемые работы. Подскажем, какие документы подготовить в первую очередь.";images/sro.png;;;;NEW_REVIEW;https://nadosro.ru/;DRAFT_NOT_FOR_UPLOAD
mcm-nok-kaspiysk;119;Каспийск;НОК;nok;НОК НОСТРОЙ / НОПРИЗ — подготовка к экзамену;"Нужно пройти независимую оценку квалификации? МСМ помогает специалистам строительной отрасли подготовиться к экзамену и собрать документы для допуска к НОК.

Клиентам из города Каспийск. МСМ работает с заказчиками по всей России.

Чем поможем:
• Разберём вашу задачу и направление квалификации.
• Поможем собрать и подготовить документы.
• Организуем подготовку к экзамену.
• Сопроводим по организационным вопросам до получения результатов.

Работаем со специалистами по строительству, проектированию и инженерным изысканиям. Подготовка и сопровождение подбираются под вашу квалификацию и текущую ситуацию.

Компания МСМ специализируется на лицензировании, саморегулировании и подготовке специалистов. Разберём исходную ситуацию и объясним последовательность действий.

Напишите в чат «НОК» и укажите вашу специальность, город и желаемый срок прохождения. Подскажем, с чего начать.";images/nok.png;;;;NEW_REVIEW;https://nadosro.ru/nezavisimaya-oczenka-kvalifikaczii;DRAFT_NOT_FOR_UPLOAD
mcm-nrs-kaspiysk;119;Каспийск;НРС;nrs;Включение в НРС НОСТРОЙ / НОПРИЗ — помощь;"Планируете включение специалиста в национальный реестр? МСМ поможет проверить документы и подготовить заявление для НОСТРОЙ или НОПРИЗ.

Клиентам из города Каспийск. МСМ работает с заказчиками по всей России.

Чем поможем:
• Проведём предварительный разбор документов специалиста.
• Подскажем, какие сведения нужно дополнить.
• Поможем подготовить комплект документов и заявление.
• Сопроводим рассмотрение и разберём замечания при их наличии.

Помогаем специалистам строительных, проектных и изыскательских организаций. Если ранее получили отказ, разберём его причины и возможные дальнейшие действия.

Компания МСМ специализируется на лицензировании, саморегулировании и подготовке специалистов. Разберём исходную ситуацию и объясним последовательность действий.

Напишите в чат «НРС»: укажите направление, образование и стаж. Подскажем порядок подготовки документов.";images/nrs.png;;;;NEW_REVIEW;https://nadosro.ru/vnesenie-specialistov-v-nacionalnyj-reestr;DRAFT_NOT_FOR_UPLOAD
mcm-mchs-kaspiysk;119;Каспийск;Лицензия МЧС;mchs;Лицензия МЧС — помощь в оформлении;"Готовите компанию к получению лицензии МЧС? МСМ сопровождает оформление: от разбора вашей задачи до подготовки документов и взаимодействия по заявлению.

Клиентам из города Каспийск. МСМ работает с заказчиками по всей России.

Чем поможем:
• Определим перечень работ, по которым нужна лицензия.
• Поможем собрать документы компании и специалистов.
• Проконсультируем по оборудованию и его документальному оформлению.
• Подготовим к проверке и сопроводим процесс рассмотрения.

Работаем с организациями и ИП в сфере пожарной безопасности. Сначала выясним, какие работы вы планируете выполнять, какие специалисты и оборудование уже есть, затем составим план подготовки.

Компания МСМ специализируется на лицензировании, саморегулировании и подготовке специалистов. Разберём исходную ситуацию и объясним последовательность действий.

Напишите в чат «МЧС» и перечислите планируемые работы. Расскажем, какие документы понадобятся в вашей ситуации.";images/mchs.png;;;;NEW_REVIEW;https://nadosro.ru/license/poluchit-licenziyu-mchs;DRAFT_NOT_FOR_UPLOAD
mcm-giop-kaspiysk;119;Каспийск;Минкультуры / ГИОП;giop;Лицензия Минкультуры, ГИОП — оформление;"Нужна помощь с лицензией Минкультуры на реставрационные работы? МСМ сопровождает подготовку документов для деятельности по сохранению объектов культурного наследия. Это направление также ищут как «лицензия ГИОП».

Клиентам из города Каспийск. МСМ работает с заказчиками по всей России.

Чем поможем:
• Разберём перечень планируемых реставрационных работ.
• Поможем собрать и подготовить документы организации.
• Проконсультируем по квалификации и аттестации специалистов.
• Сопроводим подачу и рассмотрение заявления.

Работаем с компаниями из разных регионов России. Порядок подготовки определяем с учётом выбранных работ, состава специалистов и готовности документов.

Компания МСМ специализируется на лицензировании, саморегулировании и подготовке специалистов. Разберём исходную ситуацию и объясним последовательность действий.

Напишите в чат «ГИОП» и укажите виды работ. Подскажем дальнейшие шаги для вашей компании.";images/giop.png;;;;NEW_REVIEW;https://nadosro.ru/license/licenziya-minkultury;DRAFT_NOT_FOR_UPLOAD
mcm-sro-kaspiysk;119;Каспийск;СРО — три направления;sro;СРО: строительство, проектирование, изыскания;"Нужно вступить в СРО? МСМ поможет подобрать саморегулируемую организацию и подготовить документы для вашей компании или ИП. Сопровождаем три направления: строительство, проектирование и инженерные изыскания.

Клиентам из города Каспийск. МСМ работает с заказчиками по всей России.

Чем поможем:
• Разберём виды работ, регион регистрации и задачи компании.
• Поможем подобрать СРО по нужному направлению.
• Подготовим комплект документов и заявление на вступление.
• Проконсультируем по специалистам НРС и требованиям выбранной СРО.
• Сопроводим рассмотрение документов и разберём замечания.

Строителям помогаем оформить членство в СРО для строительных работ. Проектировщикам — для подготовки проектной документации. Изыскателям — для инженерных изысканий. Если компании нужны несколько направлений, разберём каждое и согласуем общий порядок подготовки.

Компания МСМ специализируется на лицензировании, саморегулировании и подготовке специалистов. Разберём исходную ситуацию и объясним последовательность действий.

Напишите в чат «СРО» и укажите направление, регион регистрации и планируемые работы. Подскажем, какие документы подготовить в первую очередь.";images/sro.png;;;;NEW_REVIEW;https://nadosro.ru/;DRAFT_NOT_FOR_UPLOAD
mcm-nok-novyy_urengoy;120;Новый Уренгой;НОК;nok;НОК НОСТРОЙ / НОПРИЗ — подготовка к экзамену;"Нужно пройти независимую оценку квалификации? МСМ помогает специалистам строительной отрасли подготовиться к экзамену и собрать документы для допуска к НОК.

Клиентам из города Новый Уренгой. МСМ работает с заказчиками по всей России.

Чем поможем:
• Разберём вашу задачу и направление квалификации.
• Поможем собрать и подготовить документы.
• Организуем подготовку к экзамену.
• Сопроводим по организационным вопросам до получения результатов.

Работаем со специалистами по строительству, проектированию и инженерным изысканиям. Подготовка и сопровождение подбираются под вашу квалификацию и текущую ситуацию.

Компания МСМ специализируется на лицензировании, саморегулировании и подготовке специалистов. Разберём исходную ситуацию и объясним последовательность действий.

Напишите в чат «НОК» и укажите вашу специальность, город и желаемый срок прохождения. Подскажем, с чего начать.";images/nok.png;;;;NEW_REVIEW;https://nadosro.ru/nezavisimaya-oczenka-kvalifikaczii;DRAFT_NOT_FOR_UPLOAD
mcm-nrs-novyy_urengoy;120;Новый Уренгой;НРС;nrs;Включение в НРС НОСТРОЙ / НОПРИЗ — помощь;"Планируете включение специалиста в национальный реестр? МСМ поможет проверить документы и подготовить заявление для НОСТРОЙ или НОПРИЗ.

Клиентам из города Новый Уренгой. МСМ работает с заказчиками по всей России.

Чем поможем:
• Проведём предварительный разбор документов специалиста.
• Подскажем, какие сведения нужно дополнить.
• Поможем подготовить комплект документов и заявление.
• Сопроводим рассмотрение и разберём замечания при их наличии.

Помогаем специалистам строительных, проектных и изыскательских организаций. Если ранее получили отказ, разберём его причины и возможные дальнейшие действия.

Компания МСМ специализируется на лицензировании, саморегулировании и подготовке специалистов. Разберём исходную ситуацию и объясним последовательность действий.

Напишите в чат «НРС»: укажите направление, образование и стаж. Подскажем порядок подготовки документов.";images/nrs.png;;;;NEW_REVIEW;https://nadosro.ru/vnesenie-specialistov-v-nacionalnyj-reestr;DRAFT_NOT_FOR_UPLOAD
mcm-mchs-novyy_urengoy;120;Новый Уренгой;Лицензия МЧС;mchs;Лицензия МЧС — помощь в оформлении;"Готовите компанию к получению лицензии МЧС? МСМ сопровождает оформление: от разбора вашей задачи до подготовки документов и взаимодействия по заявлению.

Клиентам из города Новый Уренгой. МСМ работает с заказчиками по всей России.

Чем поможем:
• Определим перечень работ, по которым нужна лицензия.
• Поможем собрать документы компании и специалистов.
• Проконсультируем по оборудованию и его документальному оформлению.
• Подготовим к проверке и сопроводим процесс рассмотрения.

Работаем с организациями и ИП в сфере пожарной безопасности. Сначала выясним, какие работы вы планируете выполнять, какие специалисты и оборудование уже есть, затем составим план подготовки.

Компания МСМ специализируется на лицензировании, саморегулировании и подготовке специалистов. Разберём исходную ситуацию и объясним последовательность действий.

Напишите в чат «МЧС» и перечислите планируемые работы. Расскажем, какие документы понадобятся в вашей ситуации.";images/mchs.png;;;;NEW_REVIEW;https://nadosro.ru/license/poluchit-licenziyu-mchs;DRAFT_NOT_FOR_UPLOAD
mcm-giop-novyy_urengoy;120;Новый Уренгой;Минкультуры / ГИОП;giop;Лицензия Минкультуры, ГИОП — оформление;"Нужна помощь с лицензией Минкультуры на реставрационные работы? МСМ сопровождает подготовку документов для деятельности по сохранению объектов культурного наследия. Это направление также ищут как «лицензия ГИОП».

Клиентам из города Новый Уренгой. МСМ работает с заказчиками по всей России.

Чем поможем:
• Разберём перечень планируемых реставрационных работ.
• Поможем собрать и подготовить документы организации.
• Проконсультируем по квалификации и аттестации специалистов.
• Сопроводим подачу и рассмотрение заявления.

Работаем с компаниями из разных регионов России. Порядок подготовки определяем с учётом выбранных работ, состава специалистов и готовности документов.

Компания МСМ специализируется на лицензировании, саморегулировании и подготовке специалистов. Разберём исходную ситуацию и объясним последовательность действий.

Напишите в чат «ГИОП» и укажите виды работ. Подскажем дальнейшие шаги для вашей компании.";images/giop.png;;;;NEW_REVIEW;https://nadosro.ru/license/licenziya-minkultury;DRAFT_NOT_FOR_UPLOAD
mcm-sro-novyy_urengoy;120;Новый Уренгой;СРО — три направления;sro;СРО: строительство, проектирование, изыскания;"Нужно вступить в СРО? МСМ поможет подобрать саморегулируемую организацию и подготовить документы для вашей компании или ИП. Сопровождаем три направления: строительство, проектирование и инженерные изыскания.

Клиентам из города Новый Уренгой. МСМ работает с заказчиками по всей России.

Чем поможем:
• Разберём виды работ, регион регистрации и задачи компании.
• Поможем подобрать СРО по нужному направлению.
• Подготовим комплект документов и заявление на вступление.
• Проконсультируем по специалистам НРС и требованиям выбранной СРО.
• Сопроводим рассмотрение документов и разберём замечания.

Строителям помогаем оформить членство в СРО для строительных работ. Проектировщикам — для подготовки проектной документации. Изыскателям — для инженерных изысканий. Если компании нужны несколько направлений, разберём каждое и согласуем общий порядок подготовки.

Компания МСМ специализируется на лицензировании, саморегулировании и подготовке специалистов. Разберём исходную ситуацию и объясним последовательность действий.

Напишите в чат «СРО» и укажите направление, регион регистрации и планируемые работы. Подскажем, какие документы подготовить в первую очередь.";images/sro.png;;;;NEW_REVIEW;https://nadosro.ru/;DRAFT_NOT_FOR_UPLOAD
